{
  "type": "FeatureCollection",
  "features": [
    {
      "type": "Feature",
      "properties": {
        "id": "irma-643840",
        "institution": [
          "National Park Service (NPS)"
        ],
        "collection": [
          "NPS - IRMA"
        ],
        "topic": [
          "Catalog",
          "Oahu",
          "Seismometer"
        ],
        "format": "Published Report",
        "publishDate": "1928",
        "building": [
          "Hawaii Volcanoes National Park (HAVO)"
        ],
        "Title": "Seismological report: July, August, September, 1926",
        "Link": "https://irma.nps.gov/DataStore/Reference/Profile/643840"
      },
      "geometry": {
        "type": "Point",
        "coordinates": [-155.4073, 19.235]
      }
    },
    {
      "type": "Feature",
      "properties": {
        "id": "irma-114911",
        "institution": [
          "National Park Service (NPS)"
        ],
        "collection": [
          "NPS - IRMA"
        ],
        "topic": [
          "Assateague Island National Seashore MD VA",
          "Map",
          "Soil Sciences",
          "Soil Types",
          "Worcester County MD"
        ],
        "format": "Published Report",
        "publishDate": "1928",
        "building": [
          "Assateague Island National Seashore (ASIS)"
        ],
        "Title": "Soil survey Worcester County, Maryland",
        "Link": "https://irma.nps.gov/DataStore/Reference/Profile/114911"
      },
      "geometry": {
        "type": "Point",
        "coordinates": [-75.2496, 38.039]
      }
    },
    {
      "type": "Feature",
      "properties": {
        "id": "irma-95707",
        "institution": [
          "National Park Service (NPS)"
        ],
        "collection": [
          "NPS - IRMA"
        ],
        "topic": [
          "Effigy Mounds National Monument Harpers Ferry Iowa",
          "Geology",
          "Glaciers"
        ],
        "format": "Published Report",
        "publishDate": "1928",
        "building": [
          "Effigy Mounds National Monument (EFMO)"
        ],
        "Title": "The Pre-Illinoian Pleistocene Geology Of Iowa",
        "Link": "https://irma.nps.gov/DataStore/Reference/Profile/95707"
      },
      "geometry": {
        "type": "Point",
        "coordinates": [-91.2078, 43.0915]
      }
    },
    {
      "type": "Feature",
      "properties": {
        "id": "irma-125466",
        "institution": [
          "National Park Service (NPS)"
        ],
        "collection": [
          "NPS - IRMA"
        ],
        "topic": [
          "Biography",
          "Condon Thomas",
          "Exploration",
          "History",
          "Physical Sciences"
        ],
        "format": "Published Report",
        "publishDate": "1928",
        "building": [
          "John Day Fossil Beds National Monument (JODA)"
        ],
        "Title": "Thomas Condon: Pioneer Geologist of Oregon",
        "Link": "https://irma.nps.gov/DataStore/Reference/Profile/125466"
      },
      "geometry": {
        "type": "Point",
        "coordinates": [-119.6492, 44.5381]
      }
    },
    {
      "type": "Feature",
      "properties": {
        "id": "irma-555121",
        "institution": [
          "National Park Service (NPS)"
        ],
        "collection": [
          "NPS - IRMA"
        ],
        "topic": [
          "Boston Harbor",
          "Circulation (Water)",
          "Oceanography"
        ],
        "format": "Published Report",
        "publishDate": "1928",
        "building": [
          "Boston Harbor Islands National Recreation Area (BOHA)"
        ],
        "Title": "Tides and currents in Boston Harbor",
        "Link": "https://irma.nps.gov/DataStore/Reference/Profile/555121"
      },
      "geometry": {
        "type": "Point",
        "coordinates": [-70.8762, 42.2622]
      }
    },
    {
      "type": "Feature",
      "properties": {
        "id": "irma-2178950",
        "institution": [
          "National Park Service (NPS)"
        ],
        "collection": [
          "NPS - IRMA"
        ],
        "topic": [
          "Checklist",
          "Inventory (Baseline)",
          "Mount Desert Island",
          "Plants"
        ],
        "format": "Published Report",
        "publishDate": "1928",
        "building": [
          "Acadia National Park (ACAD)"
        ],
        "Title": "Wild flowers of Mount Desert Island, Maine",
        "Link": "https://irma.nps.gov/DataStore/Reference/Profile/2178950"
      },
      "geometry": {
        "type": "Point",
        "coordinates": [-68.2397, 44.3594]
      }
    },
    {
      "type": "Feature",
      "properties": {
        "id": "irma-17495",
        "institution": [
          "National Park Service (NPS)"
        ],
        "collection": [
          "NPS - IRMA"
        ],
        "topic": [
          "Animal Studies",
          "Bird (Aves)",
          "Olympic National Park"
        ],
        "format": "Published Report",
        "publishDate": "1927",
        "building": [
          "Olympic National Park (OLYM)"
        ],
        "Title": "Birds of the Olympic Peninsula",
        "Link": "https://irma.nps.gov/DataStore/Reference/Profile/17495"
      },
      "geometry": {
        "type": "Point",
        "coordinates": [-123.6996, 47.7886]
      }
    },
    {
      "type": "Feature",
      "properties": {
        "id": "irma-29432",
        "institution": [
          "National Park Service (NPS)"
        ],
        "collection": [
          "NPS - IRMA"
        ],
        "topic": [
          "Katmai National Park And Preserve",
          "Valley Of Ten Thousand Smokes"
        ],
        "format": "Published Report",
        "publishDate": "1927",
        "building": [
          "Katmai National Park and Preserve (KATM)"
        ],
        "Title": "Das Tal der Zehntausend Dampfe",
        "Link": "https://irma.nps.gov/DataStore/Reference/Profile/29432"
      },
      "geometry": {
        "type": "Point",
        "coordinates": [-154.8894, 58.5661]
      }
    },
    {
      "type": "Feature",
      "properties": {
        "id": "irma-637589",
        "institution": [
          "National Park Service (NPS)"
        ],
        "collection": [
          "NPS - IRMA"
        ],
        "topic": [
          "Chemical Analysis",
          "Cross-Section",
          "French Frigates Shoal",
          "Gardner Pinnacles",
          "Geology",
          "Kaula",
          "Magnetism",
          "Major Oxides",
          "Map",
          "Necker Island",
          "Nihoa",
          "Non-Seismic Geophysics",
          "Petrography",
          "Petrology",
          "Rock"
        ],
        "format": "Published Report",
        "publishDate": "1927",
        "building": [
          "Hawaii Volcanoes National Park (HAVO)"
        ],
        "Title": "Geology of Kaula, Nihoa, Necker, and Gardner Islands, and French Frigates Shoal [Hawaiian Islands]",
        "Link": "https://irma.nps.gov/DataStore/Reference/Profile/637589"
      },
      "geometry": {
        "type": "Point",
        "coordinates": [-155.4073, 19.235]
      }
    },
    {
      "type": "Feature",
      "properties": {
        "id": "irma-65448",
        "institution": [
          "National Park Service (NPS)"
        ],
        "collection": [
          "NPS - IRMA"
        ],
        "topic": [
          "Animal Studies",
          "Arthropods (Arthropoda)",
          "Insects (Insecta)",
          "Samoa"
        ],
        "format": "Published Report",
        "publishDate": "1927",
        "building": [
          "National Park of American Samoa (NPSA)"
        ],
        "Title": "Insects of Samoa and other Samoan terrestrial Arthropoda",
        "Link": "https://irma.nps.gov/DataStore/Reference/Profile/65448"
      },
      "geometry": {
        "type": "Point",
        "coordinates": [-170.689, -14.259]
      }
    },
    {
      "type": "Feature",
      "properties": {
        "id": "irma-75101",
        "institution": [
          "National Park Service (NPS)"
        ],
        "collection": [
          "NPS - IRMA"
        ],
        "topic": [
          "Geology",
          "Lyre River Watershed",
          "Manganese (Mn)",
          "Mining",
          "Olympic National Park"
        ],
        "format": "Published Report",
        "publishDate": "1927",
        "building": [
          "Olympic National Park (OLYM)"
        ],
        "Title": "Manganese-bearing deposits near Lake Crescent and Humptulips Washington",
        "Link": "https://irma.nps.gov/DataStore/Reference/Profile/75101"
      },
      "geometry": {
        "type": "Point",
        "coordinates": [-123.6996, 47.7886]
      }
    },
    {
      "type": "Feature",
      "properties": {
        "id": "irma-619162",
        "institution": [
          "National Park Service (NPS)"
        ],
        "collection": [
          "NPS - IRMA"
        ],
        "topic": [
          "Geology",
          "Mineral Exploration",
          "Mineral Resources",
          "Mining History"
        ],
        "format": "Published Report",
        "publishDate": "1927",
        "building": [
          "Wrangell-St. Elias National Park and Preserve (WRST)"
        ],
        "Title": "Mineral Resources of Alaska, Report On Progress of Investigations In 1925",
        "Link": "https://irma.nps.gov/DataStore/Reference/Profile/619162"
      },
      "geometry": {
        "type": "Point",
        "coordinates": [-142.1319, 60.6918]
      }
    },
    {
      "type": "Feature",
      "properties": {
        "id": "irma-80470",
        "institution": [
          "National Park Service (NPS)"
        ],
        "collection": [
          "NPS - IRMA"
        ],
        "topic": [
          "Mount Mckinley National Park",
          "Mt. McKinley"
        ],
        "format": "Published Report",
        "publishDate": "1927",
        "building": [
          "Denali National Park and Preserve (DENA)"
        ],
        "Title": "Mount McKinley National Park, Alaska : hearing before the Comm on Territories, House of Representatives, 70th Cong, 1st sess, on HR 8128, bill to repeal the last provision of sect 7 of An act to establish the Mount McKinley National Park in the territory",
        "Link": "https://irma.nps.gov/DataStore/Reference/Profile/80470"
      },
      "geometry": {
        "type": "Point",
        "coordinates": [-150.6029, 63.3183]
      }
    },
    {
      "type": "Feature",
      "properties": {
        "id": "irma-98995",
        "institution": [
          "National Park Service (NPS)"
        ],
        "collection": [
          "NPS - IRMA"
        ],
        "topic": [
          "Boundaries",
          "Physical Sciences",
          "Water Supply"
        ],
        "format": "Published Report",
        "publishDate": "1927",
        "building": [
          "Craters of the Moon National Monument and Preserve (CRMO)"
        ],
        "Title": "Proposed boundary changes for the Craters of the Moon National Monument Idaho",
        "Link": "https://irma.nps.gov/DataStore/Reference/Profile/98995"
      },
      "geometry": {
        "type": "Point",
        "coordinates": [-113.6268, 43.0189]
      }
    },
    {
      "type": "Feature",
      "properties": {
        "id": "irma-643841",
        "institution": [
          "National Park Service (NPS)"
        ],
        "collection": [
          "NPS - IRMA"
        ],
        "topic": [
          "1926-02-07",
          "1926-03-19",
          "1926-03-20",
          "Ale",
          "Catalog",
          "Earthquake",
          "Maui",
          "Oahu",
          "Seismometer"
        ],
        "format": "Published Report",
        "publishDate": "1927",
        "building": [
          "Hawaii Volcanoes National Park (HAVO)"
        ],
        "Title": "Seismological report: January, February, March, 1926",
        "Link": "https://irma.nps.gov/DataStore/Reference/Profile/643841"
      },
      "geometry": {
        "type": "Point",
        "coordinates": [-155.4073, 19.235]
      }
    },
    {
      "type": "Feature",
      "properties": {
        "id": "irma-643842",
        "institution": [
          "National Park Service (NPS)"
        ],
        "collection": [
          "NPS - IRMA"
        ],
        "topic": [
          "1924-08-23",
          "Catalog",
          "Earthquake",
          "Mauna Loa Mokuaweoweo Caldera",
          "Oahu",
          "Seismometer"
        ],
        "format": "Published Report",
        "publishDate": "1927",
        "building": [
          "Hawaii Volcanoes National Park (HAVO)"
        ],
        "Title": "Seismological report: October, November, December, 1925 and supplement for 1924",
        "Link": "https://irma.nps.gov/DataStore/Reference/Profile/643842"
      },
      "geometry": {
        "type": "Point",
        "coordinates": [-155.4073, 19.235]
      }
    },
    {
      "type": "Feature",
      "properties": {
        "id": "irma-87228",
        "institution": [
          "National Park Service (NPS)"
        ],
        "collection": [
          "NPS - IRMA"
        ],
        "topic": [
          "Ethnology",
          "Native Americans"
        ],
        "format": "Published Report",
        "publishDate": "1927",
        "building": [
          "Lake Roosevelt National Recreation Area (LARO)"
        ],
        "Title": "The Okanogan, Methow, Sanpoils, Nespelem, Colville & Lakes Indian Tribes or Bands of the State of Washington  (Bib)",
        "Link": "https://irma.nps.gov/DataStore/Reference/Profile/87228"
      },
      "geometry": {
        "type": "Point",
        "coordinates": [-118.4347, 47.8407]
      }
    },
    {
      "type": "Feature",
      "properties": {
        "id": "irma-65174",
        "institution": [
          "National Park Service (NPS)"
        ],
        "collection": [
          "NPS - IRMA"
        ],
        "topic": [
          "Lake Clark National Park And Preserve"
        ],
        "format": "Published Report",
        "publishDate": "1927",
        "building": [
          "Lake Clark National Park and Preserve (LACL)"
        ],
        "Title": "The Iniskin-Chinitna Peninsula and the Snug Harbor district, Alaska",
        "Link": "https://irma.nps.gov/DataStore/Reference/Profile/65174"
      },
      "geometry": {
        "type": "Point",
        "coordinates": [-153.2619, 60.5804]
      }
    },
    {
      "type": "Feature",
      "properties": {
        "id": "irma-635928",
        "institution": [
          "National Park Service (NPS)"
        ],
        "collection": [
          "NPS - IRMA"
        ],
        "topic": [
          "Economic Geology",
          "Hawaiian Archipelago"
        ],
        "format": "Published Report",
        "publishDate": "1927",
        "building": [
          "Hawaii Volcanoes National Park (HAVO)"
        ],
        "Title": "The economic geography of Hawaii",
        "Link": "https://irma.nps.gov/DataStore/Reference/Profile/635928"
      },
      "geometry": {
        "type": "Point",
        "coordinates": [-155.4073, 19.235]
      }
    },
    {
      "type": "Feature",
      "properties": {
        "id": "irma-643348",
        "institution": [
          "National Park Service (NPS)"
        ],
        "collection": [
          "NPS - IRMA"
        ],
        "topic": [
          "Artesian",
          "Diamond Head",
          "Dike-Impounded Water",
          "Erosion",
          "Geology",
          "Honolulu Volcanic Series",
          "Hydrology",
          "Koko crater",
          "Koolau Volcano",
          "Mechanism",
          "Oahu",
          "Round Top",
          "Salt Lake",
          "Tantalus",
          "Waianae Volcano"
        ],
        "format": "Published Report",
        "publishDate": "1927",
        "building": [
          "Hawaii Volcanoes National Park (HAVO)"
        ],
        "Title": "The geology of the Honolulu artesian system",
        "Link": "https://irma.nps.gov/DataStore/Reference/Profile/643348"
      },
      "geometry": {
        "type": "Point",
        "coordinates": [-155.4073, 19.235]
      }
    },
    {
      "type": "Feature",
      "properties": {
        "id": "irma-126121",
        "institution": [
          "National Park Service (NPS)"
        ],
        "collection": [
          "NPS - IRMA"
        ],
        "topic": [
          "Denali National Park And Preserve",
          "Mount Mckinley National Park",
          "Mt. McKinley National Park"
        ],
        "format": "Published Report",
        "publishDate": "1927",
        "building": [
          "Denali National Park and Preserve (DENA)"
        ],
        "Title": "The Toklat Tonzona River region [Alaska]",
        "Link": "https://irma.nps.gov/DataStore/Reference/Profile/126121"
      },
      "geometry": {
        "type": "Point",
        "coordinates": [-150.6029, 63.3183]
      }
    },
    {
      "type": "Feature",
      "properties": {
        "id": "irma-2178834",
        "institution": [
          "National Park Service (NPS)"
        ],
        "collection": [
          "NPS - IRMA"
        ],
        "topic": [
          "Climate",
          "Ecology",
          "Fire",
          "Fire History",
          "Forest",
          "Forest Communities",
          "Geology",
          "Lichen",
          "Map",
          "Mount Desert Island",
          "Nitrogen (N)",
          "pH",
          "Plants",
          "Soil Types"
        ],
        "format": "Published Report",
        "publishDate": "1927",
        "building": [
          "Acadia National Park (ACAD)"
        ],
        "Title": "Vegetation of Mount Desert Island, Maine and its environment",
        "Link": "https://irma.nps.gov/DataStore/Reference/Profile/2178834"
      },
      "geometry": {
        "type": "Point",
        "coordinates": [-68.2397, 44.3594]
      }
    },
    {
      "type": "Feature",
      "properties": {
        "id": "irma-104680",
        "institution": [
          "National Park Service (NPS)"
        ],
        "collection": [
          "NPS - IRMA"
        ],
        "topic": [
          "Bering Land Bridge National Preserve",
          "Cape Krusenstern National Monument",
          "Kobuk Valley National Park",
          "Noatak National Preserve"
        ],
        "format": "Published Report",
        "publishDate": "1926",
        "building": [
          "Bering Land Bridge National Preserve (BELA)",
          "Cape Krusenstern National Monument (CAKR)",
          "Kobuk Valley National Park (KOVA)",
          "Noatak National Preserve (NOAT)"
        ],
        "Title": "A Report on the birds of northwestern Alaska and regions adjacent to Bering Strait",
        "Link": "https://irma.nps.gov/DataStore/Reference/Profile/104680"
      },
      "geometry": {
        "type": "MultiPoint",
        "coordinates": [
          [-165.1266, 66.2151],
          [-163.4533, 67.4268],
          [-159.0631, 67.2802],
          [-159.3945, 68.1814]
        ]
      }
    },
    {
      "type": "Feature",
      "properties": {
        "id": "irma-638609",
        "institution": [
          "National Park Service (NPS)"
        ],
        "collection": [
          "NPS - IRMA"
        ],
        "topic": [
          "Age Dating",
          "Diamond Head",
          "Erosion",
          "Geology",
          "Geomorphology",
          "Hanauma",
          "Hawaiiloa",
          "Honolulu Volcanic Series",
          "Kahauloa",
          "Kaimuki",
          "Kalama",
          "Kaohikaipu",
          "Koko crater",
          "Koko Head",
          "Koolau Volcano",
          "Kupikipikio",
          "Manana Island",
          "Manoa",
          "Mauumae",
          "Mechanism",
          "Oahu",
          "Punchbowl",
          "Rate",
          "Rejuvenated Stage",
          "Rocky Hill",
          "Salt Lake",
          "Stratigraphy",
          "Tantalus",
          "Ulupau Head",
          "Volcano",
          "Waianae Volcano"
        ],
        "format": "Published Report",
        "publishDate": "1926",
        "building": [
          "Hawaii Volcanoes National Park (HAVO)"
        ],
        "Title": "Pyroclastic geology of Oahu",
        "Link": "https://irma.nps.gov/DataStore/Reference/Profile/638609"
      },
      "geometry": {
        "type": "Point",
        "coordinates": [-155.4073, 19.235]
      }
    },
    {
      "type": "Feature",
      "properties": {
        "id": "irma-643843",
        "institution": [
          "National Park Service (NPS)"
        ],
        "collection": [
          "NPS - IRMA"
        ],
        "topic": [
          "1925-07-08",
          "1925-08-09",
          "A1320",
          "Catalog",
          "Earthquake",
          "Mauna Kea Volcano",
          "Oahu",
          "Seismometer"
        ],
        "format": "Published Report",
        "publishDate": "1926",
        "building": [
          "Hawaii Volcanoes National Park (HAVO)"
        ],
        "Title": "Seismological report: July, August, September, 1925",
        "Link": "https://irma.nps.gov/DataStore/Reference/Profile/643843"
      },
      "geometry": {
        "type": "Point",
        "coordinates": [-155.4073, 19.235]
      }
    },
    {
      "type": "Feature",
      "properties": {
        "id": "irma-643836",
        "institution": [
          "National Park Service (NPS)"
        ],
        "collection": [
          "NPS - IRMA"
        ],
        "topic": [
          "Catalog",
          "Oahu",
          "Seismometer"
        ],
        "format": "Published Report",
        "publishDate": "1926",
        "building": [
          "Hawaii Volcanoes National Park (HAVO)"
        ],
        "Title": "Seismological report: April, May, June, 1925",
        "Link": "https://irma.nps.gov/DataStore/Reference/Profile/643836"
      },
      "geometry": {
        "type": "Point",
        "coordinates": [-155.4073, 19.235]
      }
    },
    {
      "type": "Feature",
      "properties": {
        "id": "irma-643837",
        "institution": [
          "National Park Service (NPS)"
        ],
        "collection": [
          "NPS - IRMA"
        ],
        "topic": [
          "Catalog",
          "Oahu",
          "Seismometer"
        ],
        "format": "Published Report",
        "publishDate": "1926",
        "building": [
          "Hawaii Volcanoes National Park (HAVO)"
        ],
        "Title": "Seismological report: January, February, March, 1925",
        "Link": "https://irma.nps.gov/DataStore/Reference/Profile/643837"
      },
      "geometry": {
        "type": "Point",
        "coordinates": [-155.4073, 19.235]
      }
    },
    {
      "type": "Feature",
      "properties": {
        "id": "irma-122306",
        "institution": [
          "National Park Service (NPS)"
        ],
        "collection": [
          "NPS - IRMA"
        ],
        "topic": [
          "Animals",
          "Annual Report",
          "Maintenance",
          "Management",
          "Plants",
          "Weather"
        ],
        "format": "Published Report",
        "publishDate": "1926",
        "building": [
          "Craters of the Moon National Monument and Preserve (CRMO)"
        ],
        "Title": "Superintendents Annual Reports",
        "Link": "https://irma.nps.gov/DataStore/Reference/Profile/122306"
      },
      "geometry": {
        "type": "Point",
        "coordinates": [-113.6268, 43.0189]
      }
    },
    {
      "type": "Feature",
      "properties": {
        "id": "irma-133732",
        "institution": [
          "National Park Service (NPS)"
        ],
        "collection": [
          "NPS - IRMA"
        ],
        "topic": [
          "Crustaceans (Crustacea)",
          "Mollusks (Mollusca)",
          "Monitoring",
          "No Reports",
          "Water Quality",
          "Weather"
        ],
        "format": "Published Report",
        "publishDate": "1926",
        "building": [
          "Assateague Island National Seashore (ASIS)"
        ],
        "Title": "Virginia Shellfish Bacteriological Monitoring Program",
        "Link": "https://irma.nps.gov/DataStore/Reference/Profile/133732"
      },
      "geometry": {
        "type": "Point",
        "coordinates": [-75.2496, 38.039]
      }
    },
    {
      "type": "Feature",
      "properties": {
        "id": "irma-6834",
        "institution": [
          "National Park Service (NPS)"
        ],
        "collection": [
          "NPS - IRMA"
        ],
        "topic": [
          "Denali National Park And Preserve",
          "Mount Mckinley National Park",
          "Mt. McKinley National Park"
        ],
        "format": "Published Report",
        "publishDate": "1925",
        "building": [
          "Denali National Park and Preserve (DENA)"
        ],
        "Title": "Alaska's mineral resources and production, 1923",
        "Link": "https://irma.nps.gov/DataStore/Reference/Profile/6834"
      },
      "geometry": {
        "type": "Point",
        "coordinates": [-150.6029, 63.3183]
      }
    },
    {
      "type": "Feature",
      "properties": {
        "id": "irma-8280",
        "institution": [
          "National Park Service (NPS)"
        ],
        "collection": [
          "NPS - IRMA"
        ],
        "topic": [
          "art",
          "beads",
          "Ethnology",
          "Native Americans (plains)",
          "parfleche"
        ],
        "format": "Published Report",
        "publishDate": "1925",
        "building": [
          "Nez Perce National Historical Park (NEPE)"
        ],
        "Title": "An analysis of Plain Indian parfleche designs",
        "Link": "https://irma.nps.gov/DataStore/Reference/Profile/8280"
      },
      "geometry": {
        "type": "Point",
        "coordinates": [-116.2758, 45.7961]
      }
    },
    {
      "type": "Feature",
      "properties": {
        "id": "irma-19198",
        "institution": [
          "National Park Service (NPS)"
        ],
        "collection": [
          "NPS - IRMA"
        ],
        "topic": [
          "Denali National Park And Preserve",
          "Mount Mckinley National Park",
          "Mt. McKinley National Park"
        ],
        "format": "Published Report",
        "publishDate": "1925",
        "building": [
          "Denali National Park and Preserve (DENA)"
        ],
        "Title": "Broad Pass District",
        "Link": "https://irma.nps.gov/DataStore/Reference/Profile/19198"
      },
      "geometry": {
        "type": "Point",
        "coordinates": [-150.6029, 63.3183]
      }
    },
    {
      "type": "Feature",
      "properties": {
        "id": "irma-635079",
        "institution": [
          "National Park Service (NPS)"
        ],
        "collection": [
          "NPS - IRMA"
        ],
        "topic": [
          "1825",
          "Eyewitness Account",
          "Halemaumau Crater",
          "Kilauea Volcano"
        ],
        "format": "Published Report",
        "publishDate": "1925",
        "building": [
          "Hawaii Volcanoes National Park (HAVO)"
        ],
        "Title": "Diary of Andrew Bloxam",
        "Link": "https://irma.nps.gov/DataStore/Reference/Profile/635079"
      },
      "geometry": {
        "type": "Point",
        "coordinates": [-155.4073, 19.235]
      }
    },
    {
      "type": "Feature",
      "properties": {
        "id": "irma-41282",
        "institution": [
          "National Park Service (NPS)"
        ],
        "collection": [
          "NPS - IRMA"
        ],
        "topic": [
          "Caves",
          "Geology",
          "Geomorphology",
          "Physical Sciences"
        ],
        "format": "Published Report",
        "publishDate": "1925",
        "building": [
          "Carlsbad Caverns National Park (CAVE)"
        ],
        "Title": "Erosion by solution and fill",
        "Link": "https://irma.nps.gov/DataStore/Reference/Profile/41282"
      },
      "geometry": {
        "type": "Point",
        "coordinates": [-104.5278, 32.1523]
      }
    },
    {
      "type": "Feature",
      "properties": {
        "id": "irma-42819",
        "institution": [
          "National Park Service (NPS)"
        ],
        "collection": [
          "NPS - IRMA"
        ],
        "topic": [
          "fish ladder",
          "Fisheries",
          "Katmai National Park And Preserve",
          "Naknek"
        ],
        "format": "Published Report",
        "publishDate": "1925",
        "building": [
          "Katmai National Park and Preserve (KATM)"
        ],
        "Title": "Excerpts from US Bureau of Marine Fisheries reports from 1920-1925 on the Brooks Falls fish ladder",
        "Link": "https://irma.nps.gov/DataStore/Reference/Profile/42819"
      },
      "geometry": {
        "type": "Point",
        "coordinates": [-154.8894, 58.5661]
      }
    },
    {
      "type": "Feature",
      "properties": {
        "id": "irma-336315",
        "institution": [
          "National Park Service (NPS)"
        ],
        "collection": [
          "NPS - IRMA"
        ],
        "topic": [
          "Animal Studies",
          "Diet",
          "Fish",
          "Lakes & Ponds"
        ],
        "format": "Published Report",
        "publishDate": "1925",
        "building": [
          "Glacier National Park (GLAC)"
        ],
        "Title": "Fish food investigations in Glacier National Park: Summer 1925",
        "Link": "https://irma.nps.gov/DataStore/Reference/Profile/336315"
      },
      "geometry": {
        "type": "Point",
        "coordinates": [-113.8587, 48.7468]
      }
    },
    {
      "type": "Feature",
      "properties": {
        "id": "irma-56562",
        "institution": [
          "National Park Service (NPS)"
        ],
        "collection": [
          "NPS - IRMA"
        ],
        "topic": [
          "Denali National Park And Preserve",
          "Mount Mckinley National Park",
          "Mt. McKinley National Park"
        ],
        "format": "Published Report",
        "publishDate": "1925",
        "building": [
          "Denali National Park and Preserve (DENA)"
        ],
        "Title": "Golden Zone property (Wells Brothers, Bryn Mawr Creek)",
        "Link": "https://irma.nps.gov/DataStore/Reference/Profile/56562"
      },
      "geometry": {
        "type": "Point",
        "coordinates": [-150.6029, 63.3183]
      }
    },
    {
      "type": "Feature",
      "properties": {
        "id": "irma-2178795",
        "institution": [
          "National Park Service (NPS)"
        ],
        "collection": [
          "NPS - IRMA"
        ],
        "topic": [
          "Bar Harbor",
          "Cadillac Mountain",
          "Echo Lake",
          "Great Pond",
          "Manset",
          "Mount Desert Island",
          "Northeast Harbor",
          "Salsbury Cove",
          "Seal Harbor",
          "Southwest Harbor",
          "The Narrows"
        ],
        "format": "Published Report",
        "publishDate": "1925",
        "building": [
          "Acadia National Park (ACAD)"
        ],
        "Title": "List of the Diptera or two-winged flies",
        "Link": "https://irma.nps.gov/DataStore/Reference/Profile/2178795"
      },
      "geometry": {
        "type": "Point",
        "coordinates": [-68.2397, 44.3594]
      }
    },
    {
      "type": "Feature",
      "properties": {
        "id": "irma-549617",
        "institution": [
          "National Park Service (NPS)"
        ],
        "collection": [
          "NPS - IRMA"
        ],
        "topic": [
          "Alaska Peninsula",
          "cold bay",
          "Mineral Resources",
          "Oil",
          "Petroleum"
        ],
        "format": "Published Report",
        "publishDate": "1925",
        "building": [
          "Katmai National Park and Preserve (KATM)"
        ],
        "Title": "Petroleum on Alaska Peninsula:  papers",
        "Link": "https://irma.nps.gov/DataStore/Reference/Profile/549617"
      },
      "geometry": {
        "type": "Point",
        "coordinates": [-154.8894, 58.5661]
      }
    },
    {
      "type": "Feature",
      "properties": {
        "id": "irma-388760",
        "institution": [
          "National Park Service (NPS)"
        ],
        "collection": [
          "NPS - IRMA"
        ],
        "topic": [
          "Botany",
          "Ferns",
          "Flora",
          "Geological Survey",
          "Geology",
          "outcrop",
          "Plant Studies",
          "Plants",
          "Quarries",
          "Sedimentary Rock"
        ],
        "format": "Published Report",
        "publishDate": "1925",
        "building": [
          "Hot Springs National Park (HOSP)"
        ],
        "Title": "The Flora of the Ripley Formation",
        "Link": "https://irma.nps.gov/DataStore/Reference/Profile/388760"
      },
      "geometry": {
        "type": "Point",
        "coordinates": [-93.0659, 34.5083]
      }
    },
    {
      "type": "Feature",
      "properties": {
        "id": "irma-638573",
        "institution": [
          "National Park Service (NPS)"
        ],
        "collection": [
          "NPS - IRMA"
        ],
        "topic": [
          "Age Dating",
          "Cross-Section",
          "Geology",
          "Geomorphology",
          "Hydrology",
          "Lanai",
          "Map",
          "Stratigraphy",
          "Tectonics"
        ],
        "format": "Published Report",
        "publishDate": "1925",
        "building": [
          "Hawaii Volcanoes National Park (HAVO)"
        ],
        "Title": "The geology of Lanai [Hawaiian Islands]",
        "Link": "https://irma.nps.gov/DataStore/Reference/Profile/638573"
      },
      "geometry": {
        "type": "Point",
        "coordinates": [-155.4073, 19.235]
      }
    },
    {
      "type": "Feature",
      "properties": {
        "id": "irma-2178797",
        "institution": [
          "National Park Service (NPS)"
        ],
        "collection": [
          "NPS - IRMA"
        ],
        "topic": [
          "Erosion",
          "Geology",
          "Glaciers",
          "Ice",
          "Mount Desert Island"
        ],
        "format": "Published Report",
        "publishDate": "1925",
        "building": [
          "Acadia National Park (ACAD)"
        ],
        "Title": "The New England-Acadian shoreline",
        "Link": "https://irma.nps.gov/DataStore/Reference/Profile/2178797"
      },
      "geometry": {
        "type": "Point",
        "coordinates": [-68.2397, 44.3594]
      }
    },
    {
      "type": "Feature",
      "properties": {
        "id": "irma-559482",
        "institution": [
          "National Park Service (NPS)"
        ],
        "collection": [
          "NPS - IRMA"
        ],
        "topic": [
          "Ethnology",
          "Olympic National Park",
          "The Hoh",
          "The Queets",
          "The Quillayute",
          "The Quinault"
        ],
        "format": "Published Report",
        "publishDate": "1925",
        "building": [
          "Olympic National Park (OLYM)"
        ],
        "Title": "Untitled: anthropology field notes for Olympic Peninsula tribes",
        "Link": "https://irma.nps.gov/DataStore/Reference/Profile/559482"
      },
      "geometry": {
        "type": "Point",
        "coordinates": [-123.6996, 47.7886]
      }
    },
    {
      "type": "Feature",
      "properties": {
        "id": "irma-129688",
        "institution": [
          "National Park Service (NPS)"
        ],
        "collection": [
          "NPS - IRMA"
        ],
        "topic": [
          "engraver beetle (Ips)",
          "Forest",
          "Infestations",
          "Management",
          "Pests",
          "Santa Fe National Forest NM",
          "southwestern pine bark beetle (Dendroctonus barberi)",
          "Southwestern US",
          "Western spruce budworm (Choristoneura occidentalis)"
        ],
        "format": "Published Report",
        "publishDate": "1925",
        "building": [
          "Bandelier National Monument (BAND)"
        ],
        "Title": "Untitled: Forest insect conditions in the New Mexico and Arizona areas",
        "Link": "https://irma.nps.gov/DataStore/Reference/Profile/129688"
      },
      "geometry": {
        "type": "Point",
        "coordinates": [-106.3573, 35.8188]
      }
    },
    {
      "type": "Feature",
      "properties": {
        "id": "irma-23649",
        "institution": [
          "National Park Service (NPS)"
        ],
        "collection": [
          "NPS - IRMA"
        ],
        "topic": [
          "Fort Colville"
        ],
        "format": "Published Report",
        "publishDate": "1924",
        "building": [
          "Lake Roosevelt National Recreation Area (LARO)"
        ],
        "Title": "Chief Factors at Old Fort Colville (Bib)",
        "Link": "https://irma.nps.gov/DataStore/Reference/Profile/23649"
      },
      "geometry": {
        "type": "Point",
        "coordinates": [-118.4347, 47.8407]
      }
    },
    {
      "type": "Feature",
      "properties": {
        "id": "irma-2178650",
        "institution": [
          "National Park Service (NPS)"
        ],
        "collection": [
          "NPS - IRMA"
        ],
        "topic": [
          "Blue Hill Bay",
          "Checklist",
          "Frenchman Bay",
          "Inventory (Baseline)",
          "Marine Fish",
          "Mount Desert Island"
        ],
        "format": "Published Report",
        "publishDate": "1924",
        "building": [
          "Acadia National Park (ACAD)"
        ],
        "Title": "Fishes of the Gulf of Maine",
        "Link": "https://irma.nps.gov/DataStore/Reference/Profile/2178650"
      },
      "geometry": {
        "type": "Point",
        "coordinates": [-68.2397, 44.3594]
      }
    },
    {
      "type": "Feature",
      "properties": {
        "id": "irma-54184",
        "institution": [
          "National Park Service (NPS)"
        ],
        "collection": [
          "NPS - IRMA"
        ],
        "topic": [
          "Denali National Park And Preserve",
          "Mount Mckinley National Park",
          "Mt. McKinley National Park"
        ],
        "format": "Published Report",
        "publishDate": "1924",
        "building": [
          "Denali National Park and Preserve (DENA)"
        ],
        "Title": "Geology and mineral resources of the region traversed by the Alaska Railroad",
        "Link": "https://irma.nps.gov/DataStore/Reference/Profile/54184"
      },
      "geometry": {
        "type": "Point",
        "coordinates": [-150.6029, 63.3183]
      }
    },
    {
      "type": "Feature",
      "properties": {
        "id": "irma-569339",
        "institution": [
          "National Park Service (NPS)"
        ],
        "collection": [
          "NPS - IRMA"
        ],
        "topic": [
          "Geology",
          "Mineral",
          "Mining",
          "NPBib: OLYM-494",
          "Olympic National Park",
          "Physical Sciences"
        ],
        "format": "Published Report",
        "publishDate": "1924",
        "building": [
          "Olympic National Park (OLYM)"
        ],
        "Title": "Mineral Resources of Washington with statistics for 1922",
        "Link": "https://irma.nps.gov/DataStore/Reference/Profile/569339"
      },
      "geometry": {
        "type": "Point",
        "coordinates": [-123.6996, 47.7886]
      }
    },
    {
      "type": "Feature",
      "properties": {
        "id": "irma-104053",
        "institution": [
          "National Park Service (NPS)"
        ],
        "collection": [
          "NPS - IRMA"
        ],
        "topic": [
          "Animal Studies",
          "Birds (Aves)",
          "Hawai`i",
          "Nene (Branta sandvicensis)"
        ],
        "format": "Published Report",
        "publishDate": "1924",
        "building": [
          "Haleakala National Park (HALE)",
          "Hawaii Volcanoes National Park (HAVO)"
        ],
        "Title": "Report of the director for 1923",
        "Link": "https://irma.nps.gov/DataStore/Reference/Profile/104053"
      },
      "geometry": {
        "type": "MultiPoint",
        "coordinates": [
          [-156.1471, 20.7045],
          [-155.4073, 19.235]
        ]
      }
    },
    {
      "type": "Feature",
      "properties": {
        "id": "irma-643372",
        "institution": [
          "National Park Service (NPS)"
        ],
        "collection": [
          "NPS - IRMA"
        ],
        "topic": [
          "Gas",
          "Hawaii (Big Island)",
          "Kilauea Volcano",
          "Magma",
          "Magma Chamber",
          "Mechanism",
          "Viscosity",
          "Volcano"
        ],
        "format": "Published Report",
        "publishDate": "1924",
        "building": [
          "Hawaii Volcanoes National Park (HAVO)"
        ],
        "Title": "Some causes of volcanic activity",
        "Link": "https://irma.nps.gov/DataStore/Reference/Profile/643372"
      },
      "geometry": {
        "type": "Point",
        "coordinates": [-155.4073, 19.235]
      }
    },
    {
      "type": "Feature",
      "properties": {
        "id": "irma-579099",
        "institution": [
          "National Park Service (NPS)"
        ],
        "collection": [
          "NPS - IRMA"
        ],
        "topic": [
          "Agriculture",
          "Forestry",
          "Harvest"
        ],
        "format": "Published Report",
        "publishDate": "1924",
        "building": [
          "Pu'uhonua o Honaunau National Historical Park (PUHO)"
        ],
        "Title": "The Hawaiian tree fern as a commercial source of starch",
        "Link": "https://irma.nps.gov/DataStore/Reference/Profile/579099"
      },
      "geometry": {
        "type": "Point",
        "coordinates": [-155.8997, 19.409]
      }
    },
    {
      "type": "Feature",
      "properties": {
        "id": "irma-23539",
        "institution": [
          "National Park Service (NPS)"
        ],
        "collection": [
          "NPS - IRMA"
        ],
        "topic": [
          "Chemistry",
          "Fumaroles",
          "Geology",
          "Katmai National Park And Preserve",
          "Valley Of Ten Thousand Smokes",
          "Volcanoes"
        ],
        "format": "Published Report",
        "publishDate": "1923",
        "building": [
          "Katmai National Park and Preserve (KATM)"
        ],
        "Title": "A Chemical study of the fumaroles of the Katmai region This is also Paper 485 from the Carnegie Institution of Washington Geophysical Laboratory",
        "Link": "https://irma.nps.gov/DataStore/Reference/Profile/23539"
      },
      "geometry": {
        "type": "Point",
        "coordinates": [-154.8894, 58.5661]
      }
    },
    {
      "type": "Feature",
      "properties": {
        "id": "irma-15363",
        "institution": [
          "National Park Service (NPS)"
        ],
        "collection": [
          "NPS - IRMA"
        ],
        "topic": [
          "Bibliography",
          "Paleontology",
          "Physical Sciences"
        ],
        "format": "Published Report",
        "publishDate": "1923",
        "building": [
          "John Day Fossil Beds National Monument (JODA)"
        ],
        "Title": "A bibliography of the geology and paleontology of the John Day Region, Oregon (complete to 1917)",
        "Link": "https://irma.nps.gov/DataStore/Reference/Profile/15363"
      },
      "geometry": {
        "type": "Point",
        "coordinates": [-119.6492, 44.5381]
      }
    },
    {
      "type": "Feature",
      "properties": {
        "id": "irma-31139",
        "institution": [
          "National Park Service (NPS)"
        ],
        "collection": [
          "NPS - IRMA"
        ],
        "topic": [
          "Geology"
        ],
        "format": "Published Report",
        "publishDate": "1923",
        "building": [
          "Hot Springs National Park (HOSP)"
        ],
        "Title": "Description of the Hot Springs district [Arkansas]",
        "Link": "https://irma.nps.gov/DataStore/Reference/Profile/31139"
      },
      "geometry": {
        "type": "Point",
        "coordinates": [-93.0659, 34.5083]
      }
    },
    {
      "type": "Feature",
      "properties": {
        "id": "irma-52953",
        "institution": [
          "National Park Service (NPS)"
        ],
        "collection": [
          "NPS - IRMA"
        ],
        "topic": [
          "Faults (Geologic)",
          "Geology",
          "Geomorphology",
          "Groundwater",
          "Gulpha",
          "Hot Springs AR",
          "Igneous Rocks",
          "Map",
          "Minerals",
          "Photographs",
          "Sedimentary Rock",
          "Stratigraphy",
          "Topography"
        ],
        "format": "Published Report",
        "publishDate": "1923",
        "building": [
          "Hot Springs National Park (HOSP)"
        ],
        "Title": "Geologic Atlas of the United States Hot Springs Folio Arkansas",
        "Link": "https://irma.nps.gov/DataStore/Reference/Profile/52953"
      },
      "geometry": {
        "type": "Point",
        "coordinates": [-93.0659, 34.5083]
      }
    },
    {
      "type": "Feature",
      "properties": {
        "id": "irma-65086",
        "institution": [
          "National Park Service (NPS)"
        ],
        "collection": [
          "NPS - IRMA"
        ],
        "topic": [
          "Fort Colville"
        ],
        "format": "Published Report",
        "publishDate": "1923",
        "building": [
          "Lake Roosevelt National Recreation Area (LARO)"
        ],
        "Title": "Information Concerning Fort Colville, Washington (Bib)",
        "Link": "https://irma.nps.gov/DataStore/Reference/Profile/65086"
      },
      "geometry": {
        "type": "Point",
        "coordinates": [-118.4347, 47.8407]
      }
    },
    {
      "type": "Feature",
      "properties": {
        "id": "irma-65087",
        "institution": [
          "National Park Service (NPS)"
        ],
        "collection": [
          "NPS - IRMA"
        ],
        "topic": [
          "Fort Colville",
          "History",
          "Hudson's Bay Company"
        ],
        "format": "Published Report",
        "publishDate": "1923",
        "building": [
          "Lake Roosevelt National Recreation Area (LARO)"
        ],
        "Title": "Information Concerning Fort Colville, Washington (Bib)",
        "Link": "https://irma.nps.gov/DataStore/Reference/Profile/65087"
      },
      "geometry": {
        "type": "Point",
        "coordinates": [-118.4347, 47.8407]
      }
    },
    {
      "type": "Feature",
      "properties": {
        "id": "irma-88222",
        "institution": [
          "National Park Service (NPS)"
        ],
        "collection": [
          "NPS - IRMA"
        ],
        "topic": [
          "Geology",
          "Katmai eruption",
          "Katmai National Park And Preserve",
          "Lava",
          "Mt. Katmai",
          "Novarupta",
          "Tuff",
          "Valley Of Ten Thousand Smokes",
          "Volcanic Eruptions",
          "Volcanoes"
        ],
        "format": "Published Report",
        "publishDate": "1923",
        "building": [
          "Katmai National Park and Preserve (KATM)"
        ],
        "Title": "The Origin and mode of emplacement of the great tuff deposit in the Valley of Ten Thousand Smokes",
        "Link": "https://irma.nps.gov/DataStore/Reference/Profile/88222"
      },
      "geometry": {
        "type": "Point",
        "coordinates": [-154.8894, 58.5661]
      }
    },
    {
      "type": "Feature",
      "properties": {
        "id": "irma-6812",
        "institution": [
          "National Park Service (NPS)"
        ],
        "collection": [
          "NPS - IRMA"
        ],
        "topic": [
          "Denali National Park And Preserve",
          "Mount Mckinley National Park",
          "Mt. McKinley National Park"
        ],
        "format": "Published Report",
        "publishDate": "1923",
        "building": [
          "Denali National Park and Preserve (DENA)"
        ],
        "Title": "The Alaska mining industry in 1922",
        "Link": "https://irma.nps.gov/DataStore/Reference/Profile/6812"
      },
      "geometry": {
        "type": "Point",
        "coordinates": [-150.6029, 63.3183]
      }
    },
    {
      "type": "Feature",
      "properties": {
        "id": "irma-128903",
        "institution": [
          "National Park Service (NPS)"
        ],
        "collection": [
          "NPS - IRMA"
        ],
        "topic": [
          "History"
        ],
        "format": "Published Report",
        "publishDate": "1923",
        "building": [
          "Whitman Mission National Historic Site (WHMI)"
        ],
        "Title": "Untitled",
        "Link": "https://irma.nps.gov/DataStore/Reference/Profile/128903"
      },
      "geometry": {
        "type": "Point",
        "coordinates": [-118.4655, 46.0426]
      }
    },
    {
      "type": "Feature",
      "properties": {
        "id": "irma-606578",
        "institution": [
          "National Park Service (NPS)"
        ],
        "collection": [
          "NPS - IRMA"
        ],
        "topic": [
          "Inventory and Monitoring (I&M)",
          "Management",
          "Mineralogy",
          "Mining",
          "Natural Resource"
        ],
        "format": "Published Report",
        "publishDate": "1922",
        "building": [
          "Denali National Park and Preserve (DENA)"
        ],
        "Title": "Annual report of the mine inspector to the governor of Alaska",
        "Link": "https://irma.nps.gov/DataStore/Reference/Profile/606578"
      },
      "geometry": {
        "type": "Point",
        "coordinates": [-150.6029, 63.3183]
      }
    },
    {
      "type": "Feature",
      "properties": {
        "id": "irma-28602",
        "institution": [
          "National Park Service (NPS)"
        ],
        "collection": [
          "NPS - IRMA"
        ],
        "topic": [
          "art",
          "beads",
          "Ethnology",
          "Petroglyphs",
          "The Crow"
        ],
        "format": "Published Report",
        "publishDate": "1922",
        "building": [
          "Nez Perce National Historical Park (NEPE)"
        ],
        "Title": "Crow Indian Art",
        "Link": "https://irma.nps.gov/DataStore/Reference/Profile/28602"
      },
      "geometry": {
        "type": "Point",
        "coordinates": [-116.2758, 45.7961]
      }
    },
    {
      "type": "Feature",
      "properties": {
        "id": "irma-338728",
        "institution": [
          "National Park Service (NPS)"
        ],
        "collection": [
          "NPS - IRMA"
        ],
        "topic": [
          "No Keyword"
        ],
        "format": "Published Report",
        "publishDate": "1922",
        "building": [
          "Glacier National Park (GLAC)"
        ],
        "Title": "GRAFF 1922",
        "Link": "https://irma.nps.gov/DataStore/Reference/Profile/338728"
      },
      "geometry": {
        "type": "Point",
        "coordinates": [-113.8587, 48.7468]
      }
    },
    {
      "type": "Feature",
      "properties": {
        "id": "irma-59596",
        "institution": [
          "National Park Service (NPS)"
        ],
        "collection": [
          "NPS - IRMA"
        ],
        "topic": [
          "Geology",
          "Lincoln Boyhood National Memorial Lincoln City Indiana"
        ],
        "format": "Published Report",
        "publishDate": "1922",
        "building": [
          "Lincoln Boyhood National Memorial (LIBO)"
        ],
        "Title": "Handbook of Indiana Geology",
        "Link": "https://irma.nps.gov/DataStore/Reference/Profile/59596"
      },
      "geometry": {
        "type": "Point",
        "coordinates": [-86.9968, 38.1188]
      }
    },
    {
      "type": "Feature",
      "properties": {
        "id": "irma-68286",
        "institution": [
          "National Park Service (NPS)"
        ],
        "collection": [
          "NPS - IRMA"
        ],
        "topic": [
          "Denali National Park And Preserve",
          "Mount Mckinley National Park",
          "Mt. McKinley National Park"
        ],
        "format": "Published Report",
        "publishDate": "1922",
        "building": [
          "Denali National Park and Preserve (DENA)"
        ],
        "Title": "Kantishna region",
        "Link": "https://irma.nps.gov/DataStore/Reference/Profile/68286"
      },
      "geometry": {
        "type": "Point",
        "coordinates": [-150.6029, 63.3183]
      }
    },
    {
      "type": "Feature",
      "properties": {
        "id": "irma-2196769",
        "institution": [
          "National Park Service (NPS)"
        ],
        "collection": [
          "NPS - IRMA"
        ],
        "topic": [
          "animal communities (widlife)",
          "Coronado",
          "Dipodomys spectabilis",
          "Kangaroo rat",
          "Rodent",
          "Santa Rita",
          "Sonoran",
          "Southern Arizona",
          "spectabilis merriam"
        ],
        "format": "Published Report",
        "publishDate": "1922",
        "building": [
          "Saguaro National Park (SAGU)"
        ],
        "Title": "Life History of the Kangaroo Rat",
        "Link": "https://irma.nps.gov/DataStore/Reference/Profile/2196769"
      },
      "geometry": {
        "type": "Point",
        "coordinates": [-110.619, 32.1803]
      }
    },
    {
      "type": "Feature",
      "properties": {
        "id": "irma-178119",
        "institution": [
          "National Park Service (NPS)"
        ],
        "collection": [
          "NPS - IRMA"
        ],
        "topic": [
          "Army/Navy Hospital",
          "Drilling",
          "Springs",
          "Thermal Springs",
          "Water Quantity",
          "Wells"
        ],
        "format": "Published Report",
        "publishDate": "1922",
        "building": [
          "Hot Springs National Park (HOSP)"
        ],
        "Title": "Memorandum on the New Well in the Grounds of the Army and Navy Hospital, at Hot Springs, Arkansas",
        "Link": "https://irma.nps.gov/DataStore/Reference/Profile/178119"
      },
      "geometry": {
        "type": "Point",
        "coordinates": [-93.0659, 34.5083]
      }
    },
    {
      "type": "Feature",
      "properties": {
        "id": "irma-655515",
        "institution": [
          "National Park Service (NPS)"
        ],
        "collection": [
          "NPS - IRMA"
        ],
        "topic": [
          "No Keyword",
          "WRBIB"
        ],
        "format": "Published Report",
        "publishDate": "1922",
        "building": [
          "Hot Springs National Park (HOSP)",
          "Water Resources Division (WRD)"
        ],
        "Title": "Memorandum on the new well in the grounds of the Army and Navy Hospital, at Hot Springs, Arkansas",
        "Link": "https://irma.nps.gov/DataStore/Reference/Profile/655515"
      },
      "geometry": {
        "type": "Point",
        "coordinates": [-93.0659, 34.5083]
      }
    },
    {
      "type": "Feature",
      "properties": {
        "id": "irma-101455",
        "institution": [
          "National Park Service (NPS)"
        ],
        "collection": [
          "NPS - IRMA"
        ],
        "topic": [
          "Cold Bay AK",
          "Iniskin Bay AK",
          "Nenana Coal Field AK",
          "Petroleum Resources",
          "Physical Sciences"
        ],
        "format": "Published Report",
        "publishDate": "1922",
        "building": [
          "Lake Clark National Park and Preserve (LACL)"
        ],
        "Title": "Recent investigations of petroleum in Alaska (Cold Bay, Iniskin Bay, Anchorage, Nenana Coal Field)",
        "Link": "https://irma.nps.gov/DataStore/Reference/Profile/101455"
      },
      "geometry": {
        "type": "Point",
        "coordinates": [-153.2619, 60.5804]
      }
    },
    {
      "type": "Feature",
      "properties": {
        "id": "irma-104367",
        "institution": [
          "National Park Service (NPS)"
        ],
        "collection": [
          "NPS - IRMA"
        ],
        "topic": [
          "Island of Hawai`i HI",
          "Mau`i HI",
          "Montane",
          "Plant Studies",
          "Rain Forest"
        ],
        "format": "Published Report",
        "publishDate": "1922",
        "building": [
          "Haleakala National Park (HALE)"
        ],
        "Title": "Report on experimental forest planting at high altitudes of Mau`i and Hawai`i",
        "Link": "https://irma.nps.gov/DataStore/Reference/Profile/104367"
      },
      "geometry": {
        "type": "Point",
        "coordinates": [-156.1471, 20.7045]
      }
    },
    {
      "type": "Feature",
      "properties": {
        "id": "irma-2178984",
        "institution": [
          "National Park Service (NPS)"
        ],
        "collection": [
          "NPS - IRMA"
        ],
        "topic": [
          "Historical Survey",
          "Mount Desert Island"
        ],
        "format": "Published Report",
        "publishDate": "1922",
        "building": [
          "Acadia National Park (ACAD)"
        ],
        "Title": "Sir Francis Bernard and his grant of Mount Desert",
        "Link": "https://irma.nps.gov/DataStore/Reference/Profile/2178984"
      },
      "geometry": {
        "type": "Point",
        "coordinates": [-68.2397, 44.3594]
      }
    },
    {
      "type": "Feature",
      "properties": {
        "id": "irma-131943",
        "institution": [
          "National Park Service (NPS)"
        ],
        "collection": [
          "NPS - IRMA"
        ],
        "topic": [
          "Katmai National Park And Preserve"
        ],
        "format": "Published Report",
        "publishDate": "1922",
        "building": [
          "Katmai National Park and Preserve (KATM)"
        ],
        "Title": "The Valley of Ten Thousand Smokes",
        "Link": "https://irma.nps.gov/DataStore/Reference/Profile/131943"
      },
      "geometry": {
        "type": "Point",
        "coordinates": [-154.8894, 58.5661]
      }
    },
    {
      "type": "Feature",
      "properties": {
        "id": "irma-583972",
        "institution": [
          "National Park Service (NPS)"
        ],
        "collection": [
          "NPS - IRMA"
        ],
        "topic": [
          "Central",
          "Distribution",
          "Falconiformes",
          "Intermontane Plateaus",
          "Passeriformes",
          "Piciformes",
          "Subarctic",
          "tenwr"
        ],
        "format": "Published Report",
        "publishDate": "1921",
        "building": [
          "Central Alaska Network (CAKN)",
          "Denali National Park and Preserve (DENA)",
          "Wrangell-St. Elias National Park and Preserve (WRST)",
          "Yukon-Charley Rivers National Preserve (YUCH)"
        ],
        "Title": "Birds: Alaska, Tanana River, July 19-27, 1921",
        "Link": "https://irma.nps.gov/DataStore/Reference/Profile/583972"
      },
      "geometry": {
        "type": "MultiPoint",
        "coordinates": [
          [-150.6029, 63.3183],
          [-142.1319, 60.6918],
          [-142.5708, 65.1668]
        ]
      }
    },
    {
      "type": "Feature",
      "properties": {
        "id": "irma-583973",
        "institution": [
          "National Park Service (NPS)"
        ],
        "collection": [
          "NPS - IRMA"
        ],
        "topic": [
          "Central",
          "Distribution",
          "Falconiformes",
          "Galliformes",
          "Intermontane Plateaus",
          "Passeriformes",
          "Piciformes",
          "Strigiformes",
          "tenwr"
        ],
        "format": "Published Report",
        "publishDate": "1921",
        "building": [
          "Central Alaska Network (CAKN)",
          "Denali National Park and Preserve (DENA)",
          "Yukon-Charley Rivers National Preserve (YUCH)"
        ],
        "Title": "Birds: Alaska, Ketchumstuck Region, July 2-18, 1921",
        "Link": "https://irma.nps.gov/DataStore/Reference/Profile/583973"
      },
      "geometry": {
        "type": "MultiPoint",
        "coordinates": [
          [-150.6029, 63.3183],
          [-142.5708, 65.1668]
        ]
      }
    },
    {
      "type": "Feature",
      "properties": {
        "id": "irma-33912",
        "institution": [
          "National Park Service (NPS)"
        ],
        "collection": [
          "NPS - IRMA"
        ],
        "topic": [
          "Columbia River"
        ],
        "format": "Published Report",
        "publishDate": "1921",
        "building": [
          "Lake Roosevelt National Recreation Area (LARO)"
        ],
        "Title": "Down the Columbia (Bib)",
        "Link": "https://irma.nps.gov/DataStore/Reference/Profile/33912"
      },
      "geometry": {
        "type": "Point",
        "coordinates": [-118.4347, 47.8407]
      }
    },
    {
      "type": "Feature",
      "properties": {
        "id": "irma-130171",
        "institution": [
          "National Park Service (NPS)"
        ],
        "collection": [
          "NPS - IRMA"
        ],
        "topic": [
          "Animals",
          "Birds",
          "Climate",
          "Fauna",
          "Fish",
          "Flora",
          "Geology",
          "Mammals",
          "Observations",
          "Plants"
        ],
        "format": "Published Report",
        "publishDate": "1921",
        "building": [
          "Hot Springs National Park (HOSP)"
        ],
        "Title": "Hot Springs National Park, 1921-1991- Animal/Plant Observation Cards",
        "Link": "https://irma.nps.gov/DataStore/Reference/Profile/130171"
      },
      "geometry": {
        "type": "Point",
        "coordinates": [-93.0659, 34.5083]
      }
    },
    {
      "type": "Feature",
      "properties": {
        "id": "irma-619161",
        "institution": [
          "National Park Service (NPS)"
        ],
        "collection": [
          "NPS - IRMA"
        ],
        "topic": [
          "Geology",
          "Mineral Exploration",
          "Mineral Resources",
          "Mining History"
        ],
        "format": "Published Report",
        "publishDate": "1921",
        "building": [
          "Wrangell-St. Elias National Park and Preserve (WRST)"
        ],
        "Title": "Mineral Resources of Alaska, Report On Progress of Investigations in 1919",
        "Link": "https://irma.nps.gov/DataStore/Reference/Profile/619161"
      },
      "geometry": {
        "type": "Point",
        "coordinates": [-142.1319, 60.6918]
      }
    },
    {
      "type": "Feature",
      "properties": {
        "id": "irma-87086",
        "institution": [
          "National Park Service (NPS)"
        ],
        "collection": [
          "NPS - IRMA"
        ],
        "topic": [
          "Exploration",
          "History",
          "Railroads"
        ],
        "format": "Published Report",
        "publishDate": "1921",
        "building": [
          "Lake Roosevelt National Recreation Area (LARO)"
        ],
        "Title": "Official Explorations for Pacific Railroads, 1853-1855 (Bib)",
        "Link": "https://irma.nps.gov/DataStore/Reference/Profile/87086"
      },
      "geometry": {
        "type": "Point",
        "coordinates": [-118.4347, 47.8407]
      }
    },
    {
      "type": "Feature",
      "properties": {
        "id": "irma-569338",
        "institution": [
          "National Park Service (NPS)"
        ],
        "collection": [
          "NPS - IRMA"
        ],
        "topic": [
          "Geology",
          "Mineral",
          "Mining",
          "NPBib: OLYM-493",
          "Olympic National Park",
          "Physical Sciences"
        ],
        "format": "Published Report",
        "publishDate": "1921",
        "building": [
          "Olympic National Park (OLYM)"
        ],
        "Title": "The Mineral Resources of Washington",
        "Link": "https://irma.nps.gov/DataStore/Reference/Profile/569338"
      },
      "geometry": {
        "type": "Point",
        "coordinates": [-123.6996, 47.7886]
      }
    },
    {
      "type": "Feature",
      "properties": {
        "id": "irma-6900",
        "institution": [
          "National Park Service (NPS)"
        ],
        "collection": [
          "NPS - IRMA"
        ],
        "topic": [
          "Denali National Park And Preserve",
          "Mount Mckinley National Park",
          "Mt. McKinley National Park"
        ],
        "format": "Published Report",
        "publishDate": "1921",
        "building": [
          "Denali National Park and Preserve (DENA)"
        ],
        "Title": "The Alaskan mining industry in 1919",
        "Link": "https://irma.nps.gov/DataStore/Reference/Profile/6900"
      },
      "geometry": {
        "type": "Point",
        "coordinates": [-150.6029, 63.3183]
      }
    },
    {
      "type": "Feature",
      "properties": {
        "id": "irma-123615",
        "institution": [
          "National Park Service (NPS)"
        ],
        "collection": [
          "NPS - IRMA"
        ],
        "topic": [
          "History",
          "Oral History",
          "Whitman Massacre"
        ],
        "format": "Published Report",
        "publishDate": "1920",
        "building": [
          "Whitman Mission National Historic Site (WHMI)"
        ],
        "Title": "A Survivors Recollection of the Whitman Massacre",
        "Link": "https://irma.nps.gov/DataStore/Reference/Profile/123615"
      },
      "geometry": {
        "type": "Point",
        "coordinates": [-118.4655, 46.0426]
      }
    },
    {
      "type": "Feature",
      "properties": {
        "id": "irma-619752",
        "institution": [
          "National Park Service (NPS)"
        ],
        "collection": [
          "NPS - IRMA"
        ],
        "topic": [
          "Chisana",
          "CRBIB"
        ],
        "format": "Published Report",
        "publishDate": "1920",
        "building": [
          "Wrangell-St. Elias National Park and Preserve (WRST)"
        ],
        "Title": "Chisana Census: 1920",
        "Link": "https://irma.nps.gov/DataStore/Reference/Profile/619752"
      },
      "geometry": {
        "type": "Point",
        "coordinates": [-142.1319, 60.6918]
      }
    },
    {
      "type": "Feature",
      "properties": {
        "id": "irma-559485",
        "institution": [
          "National Park Service (NPS)"
        ],
        "collection": [
          "NPS - IRMA"
        ],
        "topic": [
          "Ethnology",
          "Olympic National Park",
          "The Makah",
          "The Ozette",
          "Unpublished manuscript"
        ],
        "format": "Published Report",
        "publishDate": "1920",
        "building": [
          "Olympic National Park (OLYM)"
        ],
        "Title": "Geography of the Clallam and Chimakum Area",
        "Link": "https://irma.nps.gov/DataStore/Reference/Profile/559485"
      },
      "geometry": {
        "type": "Point",
        "coordinates": [-123.6996, 47.7886]
      }
    },
    {
      "type": "Feature",
      "properties": {
        "id": "irma-110192",
        "institution": [
          "National Park Service (NPS)"
        ],
        "collection": [
          "NPS - IRMA"
        ],
        "topic": [
          "Ash",
          "Birds",
          "Geology",
          "Katmai eruption",
          "Katmai National Park And Preserve",
          "Nitrogen",
          "Precipitation",
          "Revegetation",
          "Valley Of Ten Thousand Smokes",
          "Volcanic Eruptions",
          "Volcanoes"
        ],
        "format": "Published Report",
        "publishDate": "1920",
        "building": [
          "Katmai National Park and Preserve (KATM)"
        ],
        "Title": "Scientific results of the Katmai Expeditions of the National Geographic Society I-X Contributions in Geographical Exploration Number 1",
        "Link": "https://irma.nps.gov/DataStore/Reference/Profile/110192"
      },
      "geometry": {
        "type": "Point",
        "coordinates": [-154.8894, 58.5661]
      }
    },
    {
      "type": "Feature",
      "properties": {
        "id": "irma-114632",
        "institution": [
          "National Park Service (NPS)"
        ],
        "collection": [
          "NPS - IRMA"
        ],
        "topic": [
          "Accomack County VA",
          "Assateague Island National Seashore MD VA",
          "Map",
          "Northampton County VA",
          "Soil Sciences",
          "Soil Types"
        ],
        "format": "Published Report",
        "publishDate": "1920",
        "building": [
          "Assateague Island National Seashore (ASIS)"
        ],
        "Title": "Soil survey of Accomac and Northampton Counties, Virginia",
        "Link": "https://irma.nps.gov/DataStore/Reference/Profile/114632"
      },
      "geometry": {
        "type": "Point",
        "coordinates": [-75.2496, 38.039]
      }
    },
    {
      "type": "Feature",
      "properties": {
        "id": "irma-19816",
        "institution": [
          "National Park Service (NPS)"
        ],
        "collection": [
          "NPS - IRMA"
        ],
        "topic": [
          "Haleakala Volcano HI",
          "Mau`i HI",
          "Plant Studies",
          "Vegetation"
        ],
        "format": "Published Report",
        "publishDate": "1920",
        "building": [
          "Haleakala National Park (HALE)"
        ],
        "Title": "[CN Forbes 1920 number notebook narratives regarding vegetation of the south slope of Haleakala Transcribed field notes]",
        "Link": "https://irma.nps.gov/DataStore/Reference/Profile/19816"
      },
      "geometry": {
        "type": "Point",
        "coordinates": [-156.1471, 20.7045]
      }
    },
    {
      "type": "Feature",
      "properties": {
        "id": "irma-49714",
        "institution": [
          "National Park Service (NPS)"
        ],
        "collection": [
          "NPS - IRMA"
        ],
        "topic": [
          "Haleakala Volcano HI",
          "Mau`i HI",
          "Plant Studies",
          "Vegetation"
        ],
        "format": "Published Report",
        "publishDate": "1919",
        "building": [
          "Haleakala National Park (HALE)"
        ],
        "Title": "Forbes Mau`i field notes book 702 1919 [Transcribed field notes]",
        "Link": "https://irma.nps.gov/DataStore/Reference/Profile/49714"
      },
      "geometry": {
        "type": "Point",
        "coordinates": [-156.1471, 20.7045]
      }
    },
    {
      "type": "Feature",
      "properties": {
        "id": "irma-606541",
        "institution": [
          "National Park Service (NPS)"
        ],
        "collection": [
          "NPS - IRMA"
        ],
        "topic": [
          "History",
          "Mineralogy",
          "Minerals Management"
        ],
        "format": "Published Report",
        "publishDate": "1919",
        "building": [
          "Denali National Park and Preserve (DENA)"
        ],
        "Title": "Mineral resources of Alaska in 1918",
        "Link": "https://irma.nps.gov/DataStore/Reference/Profile/606541"
      },
      "geometry": {
        "type": "Point",
        "coordinates": [-150.6029, 63.3183]
      }
    },
    {
      "type": "Feature",
      "properties": {
        "id": "irma-93890",
        "institution": [
          "National Park Service (NPS)"
        ],
        "collection": [
          "NPS - IRMA"
        ],
        "topic": [
          "Denali National Park And Preserve",
          "Mount Mckinley National Park",
          "Mt. McKinley National Park"
        ],
        "format": "Published Report",
        "publishDate": "1919",
        "building": [
          "Denali National Park and Preserve (DENA)"
        ],
        "Title": "Platinum bearing gold placers of the Kahiltna Valley",
        "Link": "https://irma.nps.gov/DataStore/Reference/Profile/93890"
      },
      "geometry": {
        "type": "Point",
        "coordinates": [-150.6029, 63.3183]
      }
    },
    {
      "type": "Feature",
      "properties": {
        "id": "irma-583631",
        "institution": [
          "National Park Service (NPS)"
        ],
        "collection": [
          "NPS - IRMA"
        ],
        "topic": [
          "Arctic",
          "Coastal",
          "Geomorphology",
          "Ground Ice",
          "Permafrost"
        ],
        "format": "Published Report",
        "publishDate": "1919",
        "building": [
          "Arctic Network (ARCN)",
          "Bering Land Bridge National Preserve (BELA)",
          "Cape Krusenstern National Monument (CAKR)",
          "Gates of the Arctic National Park and Preserve (GAAR)",
          "Kobuk Valley National Park (KOVA)",
          "Noatak National Preserve (NOAT)"
        ],
        "Title": "The Canning River region of northern Alaska",
        "Link": "https://irma.nps.gov/DataStore/Reference/Profile/583631"
      },
      "geometry": {
        "type": "MultiPoint",
        "coordinates": [
          [-165.1266, 66.2151],
          [-163.4533, 67.4268],
          [-153.3869, 67.869],
          [-159.0631, 67.2802],
          [-159.3945, 68.1814]
        ]
      }
    },
    {
      "type": "Feature",
      "properties": {
        "id": "irma-139578",
        "institution": [
          "National Park Service (NPS)"
        ],
        "collection": [
          "NPS - IRMA"
        ],
        "topic": [
          "Animal Studies",
          "Effigy Mounds National Monument Harpers Ferry Iowa",
          "Historic Fauna",
          "Historic Vegetation",
          "Plant Studies"
        ],
        "format": "Published Report",
        "publishDate": "1919",
        "building": [
          "Effigy Mounds National Monument (EFMO)"
        ],
        "Title": "The Yellow River Area",
        "Link": "https://irma.nps.gov/DataStore/Reference/Profile/139578"
      },
      "geometry": {
        "type": "Point",
        "coordinates": [-91.2078, 43.0915]
      }
    },
    {
      "type": "Feature",
      "properties": {
        "id": "irma-606538",
        "institution": [
          "National Park Service (NPS)"
        ],
        "collection": [
          "NPS - IRMA"
        ],
        "topic": [
          "History",
          "Mining"
        ],
        "format": "Published Report",
        "publishDate": "1919",
        "building": [
          "Denali National Park and Preserve (DENA)"
        ],
        "Title": "The Alaskan mining industry in 1917",
        "Link": "https://irma.nps.gov/DataStore/Reference/Profile/606538"
      },
      "geometry": {
        "type": "Point",
        "coordinates": [-150.6029, 63.3183]
      }
    },
    {
      "type": "Feature",
      "properties": {
        "id": "irma-68287",
        "institution": [
          "National Park Service (NPS)"
        ],
        "collection": [
          "NPS - IRMA"
        ],
        "topic": [
          "Kantishna Mining District",
          "Mining",
          "Mount Mckinley National Park"
        ],
        "format": "Published Report",
        "publishDate": "1919",
        "building": [
          "Denali National Park and Preserve (DENA)"
        ],
        "Title": "The Kantishna region, Alaska",
        "Link": "https://irma.nps.gov/DataStore/Reference/Profile/68287"
      },
      "geometry": {
        "type": "Point",
        "coordinates": [-150.6029, 63.3183]
      }
    },
    {
      "type": "Feature",
      "properties": {
        "id": "irma-619745",
        "institution": [
          "National Park Service (NPS)"
        ],
        "collection": [
          "NPS - IRMA"
        ],
        "topic": [
          "Mineral"
        ],
        "format": "Published Report",
        "publishDate": "1919",
        "building": [
          "Wrangell-St. Elias National Park and Preserve (WRST)"
        ],
        "Title": "United States Geological Survey: Mineral Resources of Alaska",
        "Link": "https://irma.nps.gov/DataStore/Reference/Profile/619745"
      },
      "geometry": {
        "type": "Point",
        "coordinates": [-142.1319, 60.6918]
      }
    },
    {
      "type": "Feature",
      "properties": {
        "id": "irma-43907",
        "institution": [
          "National Park Service (NPS)"
        ],
        "collection": [
          "NPS - IRMA"
        ],
        "topic": [
          "Animals",
          "Fossils",
          "Paleontology"
        ],
        "format": "Published Report",
        "publishDate": "1918",
        "building": [
          "Hagerman Fossil Beds National Monument (HAFO)"
        ],
        "Title": "Fauna of the Idaho formation",
        "Link": "https://irma.nps.gov/DataStore/Reference/Profile/43907"
      },
      "geometry": {
        "type": "Point",
        "coordinates": [-114.9397, 42.7643]
      }
    },
    {
      "type": "Feature",
      "properties": {
        "id": "irma-54427",
        "institution": [
          "National Park Service (NPS)"
        ],
        "collection": [
          "NPS - IRMA"
        ],
        "topic": [
          "Minerals",
          "Physical Sciences"
        ],
        "format": "Published Report",
        "publishDate": "1918",
        "building": [
          "Lake Roosevelt National Recreation Area (LARO)"
        ],
        "Title": "Geology & Mineral Deposits of the Colville Indian Reservation, Washington (Bib)",
        "Link": "https://irma.nps.gov/DataStore/Reference/Profile/54427"
      },
      "geometry": {
        "type": "Point",
        "coordinates": [-118.4347, 47.8407]
      }
    },
    {
      "type": "Feature",
      "properties": {
        "id": "irma-61475",
        "institution": [
          "National Park Service (NPS)"
        ],
        "collection": [
          "NPS - IRMA"
        ],
        "topic": [
          "Animals",
          "History",
          "Homestead National Monument Of America Beatrice Nebraska",
          "Lincoln Nebraska",
          "Native Americans",
          "Native Species",
          "Vegetation"
        ],
        "format": "Published Report",
        "publishDate": "1918",
        "building": [
          "Homestead National Monument of America (HOME)"
        ],
        "Title": "History of Gage County (Nebraska)",
        "Link": "https://irma.nps.gov/DataStore/Reference/Profile/61475"
      },
      "geometry": {
        "type": "Point",
        "coordinates": [-96.8324, 40.2887]
      }
    },
    {
      "type": "Feature",
      "properties": {
        "id": "irma-549781",
        "institution": [
          "National Park Service (NPS)"
        ],
        "collection": [
          "NPS - IRMA"
        ],
        "topic": [
          "designation",
          "Katmai National Monument",
          "woodrow wilson"
        ],
        "format": "Published Report",
        "publishDate": "1918",
        "building": [
          "Katmai National Park and Preserve (KATM)"
        ],
        "Title": "Katmai National Monument, Alaska By the President of the United States of America: A Proclamation",
        "Link": "https://irma.nps.gov/DataStore/Reference/Profile/549781"
      },
      "geometry": {
        "type": "Point",
        "coordinates": [-154.8894, 58.5661]
      }
    },
    {
      "type": "Feature",
      "properties": {
        "id": "irma-583947",
        "institution": [
          "National Park Service (NPS)"
        ],
        "collection": [
          "NPS - IRMA"
        ],
        "topic": [
          "Copper River Basin",
          "Geology",
          "Geomorphology",
          "Lithology",
          "Minerals",
          "Resources",
          "Southcentral"
        ],
        "format": "Published Report",
        "publishDate": "1918",
        "building": [
          "Central Alaska Network (CAKN)",
          "Denali National Park and Preserve (DENA)",
          "Wrangell-St. Elias National Park and Preserve (WRST)"
        ],
        "Title": "The Nelchina-Susitna region, Alaska",
        "Link": "https://irma.nps.gov/DataStore/Reference/Profile/583947"
      },
      "geometry": {
        "type": "MultiPoint",
        "coordinates": [
          [-150.6029, 63.3183],
          [-142.1319, 60.6918]
        ]
      }
    },
    {
      "type": "Feature",
      "properties": {
        "id": "irma-161829",
        "institution": [
          "National Park Service (NPS)"
        ],
        "collection": [
          "NPS - IRMA"
        ],
        "topic": [
          "Conifers",
          "Rocky Mountains"
        ],
        "format": "Published Report",
        "publishDate": "1918",
        "building": [
          "Glacier National Park (GLAC)"
        ],
        "Title": "The conifers of the northern Rockies",
        "Link": "https://irma.nps.gov/DataStore/Reference/Profile/161829"
      },
      "geometry": {
        "type": "Point",
        "coordinates": [-113.8587, 48.7468]
      }
    },
    {
      "type": "Feature",
      "properties": {
        "id": "irma-44374",
        "institution": [
          "National Park Service (NPS)"
        ],
        "collection": [
          "NPS - IRMA"
        ],
        "topic": [
          "Alpine",
          "Checklist",
          "Fern",
          "Lowland Forest",
          "Montane",
          "Olympic National Park",
          "Plant Studies",
          "Subalpine"
        ],
        "format": "Published Report",
        "publishDate": "1918",
        "building": [
          "Olympic National Park (OLYM)"
        ],
        "Title": "The Ferns of the Olympics: A Popular Treatise on the Ferns of the Olympic Peninsula in Washington State",
        "Link": "https://irma.nps.gov/DataStore/Reference/Profile/44374"
      },
      "geometry": {
        "type": "Point",
        "coordinates": [-123.6996, 47.7886]
      }
    },
    {
      "type": "Feature",
      "properties": {
        "id": "irma-582479",
        "institution": [
          "National Park Service (NPS)"
        ],
        "collection": [
          "NPS - IRMA"
        ],
        "topic": [
          "Glacier",
          "Ice",
          "Invertebrate"
        ],
        "format": "Published Report",
        "publishDate": "1917",
        "building": [
          "Glacier Bay National Park and Preserve (GLBA)",
          "Southeast Alaska Network (SEAN)"
        ],
        "Title": "Alaskan glacier worms (Oliogochaeta)",
        "Link": "https://irma.nps.gov/DataStore/Reference/Profile/582479"
      },
      "geometry": {
        "type": "Point",
        "coordinates": [-136.8654, 58.7004]
      }
    },
    {
      "type": "Feature",
      "properties": {
        "id": "irma-15945",
        "institution": [
          "National Park Service (NPS)"
        ],
        "collection": [
          "NPS - IRMA"
        ],
        "topic": [
          "Herbarium collection",
          "Plant Studies",
          "Specimens"
        ],
        "format": "Published Report",
        "publishDate": "1917",
        "building": [
          "Marsh-Billings-Rockefeller National Historical Park (MABI)"
        ],
        "Title": "Billings-Kittredge Herbarium Collection",
        "Link": "https://irma.nps.gov/DataStore/Reference/Profile/15945"
      },
      "geometry": {
        "type": "Point",
        "coordinates": [-72.535, 43.6334]
      }
    },
    {
      "type": "Feature",
      "properties": {
        "id": "irma-638117",
        "institution": [
          "National Park Service (NPS)"
        ],
        "collection": [
          "NPS - IRMA"
        ],
        "topic": [
          "Chemical Analysis",
          "Hawaiian Archipelago",
          "Major Oxides",
          "Method",
          "Petrology",
          "Rock"
        ],
        "format": "Published Report",
        "publishDate": "1917",
        "building": [
          "Hawaii Volcanoes National Park (HAVO)"
        ],
        "Title": "Chemical analyses of igneous rocks; published from 1884 to 1913, inclusive with a critical discussion of the character and use of analyses",
        "Link": "https://irma.nps.gov/DataStore/Reference/Profile/638117"
      },
      "geometry": {
        "type": "Point",
        "coordinates": [-155.4073, 19.235]
      }
    },
    {
      "type": "Feature",
      "properties": {
        "id": "irma-637346",
        "institution": [
          "National Park Service (NPS)"
        ],
        "collection": [
          "NPS - IRMA"
        ],
        "topic": [
          "1823",
          "1868",
          "1907",
          "1910",
          "Chemical Analysis",
          "Halemaumau Crater",
          "Hawaii (Big Island)",
          "Kilauea Volcano",
          "Major Oxides",
          "Mauna Loa Volcano",
          "Pedology",
          "Petrology",
          "Rock",
          "Soil",
          "Southwest Rift Zone"
        ],
        "format": "Published Report",
        "publishDate": "1917",
        "building": [
          "Hawaii Volcanoes National Park (HAVO)"
        ],
        "Title": "Composition of Hawaiian soil particles",
        "Link": "https://irma.nps.gov/DataStore/Reference/Profile/637346"
      },
      "geometry": {
        "type": "Point",
        "coordinates": [-155.4073, 19.235]
      }
    },
    {
      "type": "Feature",
      "properties": {
        "id": "irma-605850",
        "institution": [
          "National Park Service (NPS)"
        ],
        "collection": [
          "NPS - IRMA"
        ],
        "topic": [
          "Athapaskan Indians",
          "Exploration",
          "Kantishna area",
          "Minchumina Area"
        ],
        "format": "Published Report",
        "publishDate": "1917",
        "building": [
          "Denali National Park and Preserve (DENA)"
        ],
        "Title": "In the Alaskan Wilderness",
        "Link": "https://irma.nps.gov/DataStore/Reference/Profile/605850"
      },
      "geometry": {
        "type": "Point",
        "coordinates": [-150.6029, 63.3183]
      }
    },
    {
      "type": "Feature",
      "properties": {
        "id": "irma-67008",
        "institution": [
          "National Park Service (NPS)"
        ],
        "collection": [
          "NPS - IRMA"
        ],
        "topic": [
          "estuaries pollution marine environ environ impacts land-use",
          "Management Legislation"
        ],
        "format": "Published Report",
        "publishDate": "1917",
        "building": [
          "Fire Island National Seashore (FIIS)"
        ],
        "Title": "Investigation of the pollution of certain tidal waters of New Jersey, New York, and Delaware",
        "Link": "https://irma.nps.gov/DataStore/Reference/Profile/67008"
      },
      "geometry": {
        "type": "Point",
        "coordinates": [-72.9943, 40.6918]
      }
    },
    {
      "type": "Feature",
      "properties": {
        "id": "irma-87536",
        "institution": [
          "National Park Service (NPS)"
        ],
        "collection": [
          "NPS - IRMA"
        ],
        "topic": [
          "1823-1915",
          "Chronology",
          "Collapse",
          "Filling",
          "Hawaii (Big Island)",
          "Kilauea Caldera",
          "Kilauea Volcano HI",
          "Periodicity",
          "Physical Sciences",
          "Volcanic Eruption"
        ],
        "format": "Published Report",
        "publishDate": "1917",
        "building": [
          "Hawaii Volcanoes National Park (HAVO)"
        ],
        "Title": "On cyclical variations in eruption at Kilauea",
        "Link": "https://irma.nps.gov/DataStore/Reference/Profile/87536"
      },
      "geometry": {
        "type": "Point",
        "coordinates": [-155.4073, 19.235]
      }
    },
    {
      "type": "Feature",
      "properties": {
        "id": "irma-87756",
        "institution": [
          "National Park Service (NPS)"
        ],
        "collection": [
          "NPS - IRMA"
        ],
        "topic": [
          "Historical Narrative",
          "History",
          "Presbyterian missions"
        ],
        "format": "Published Report",
        "publishDate": "1917",
        "building": [
          "Nez Perce National Historical Park (NEPE)"
        ],
        "Title": "One womans way",
        "Link": "https://irma.nps.gov/DataStore/Reference/Profile/87756"
      },
      "geometry": {
        "type": "Point",
        "coordinates": [-116.2758, 45.7961]
      }
    },
    {
      "type": "Feature",
      "properties": {
        "id": "irma-582419",
        "institution": [
          "National Park Service (NPS)"
        ],
        "collection": [
          "NPS - IRMA"
        ],
        "topic": [
          "Coastal",
          "Development",
          "Human",
          "Minerals",
          "Mining",
          "Resource",
          "Use"
        ],
        "format": "Published Report",
        "publishDate": "1917",
        "building": [
          "Glacier Bay National Park and Preserve (GLBA)",
          "Southeast Alaska Network (SEAN)"
        ],
        "Title": "Report on Dundas Bay iron property (Unpublished report)",
        "Link": "https://irma.nps.gov/DataStore/Reference/Profile/582419"
      },
      "geometry": {
        "type": "Point",
        "coordinates": [-136.8654, 58.7004]
      }
    },
    {
      "type": "Feature",
      "properties": {
        "id": "irma-582429",
        "institution": [
          "National Park Service (NPS)"
        ],
        "collection": [
          "NPS - IRMA"
        ],
        "topic": [
          "Anthropology",
          "Archaeology",
          "clans",
          "Cultural",
          "custom",
          "ethnoscience",
          "History",
          "Human",
          "Myths",
          "narratives",
          "Native",
          "Oral History",
          "Religion",
          "Social Organization",
          "Tlingit"
        ],
        "format": "Published Report",
        "publishDate": "1908",
        "building": [
          "Glacier Bay National Park and Preserve (GLBA)",
          "Southeast Alaska Network (SEAN)"
        ],
        "Title": "Social conditions, beliefs, and linguistic relationships of the Tlingit Indians",
        "Link": "https://irma.nps.gov/DataStore/Reference/Profile/582429"
      },
      "geometry": {
        "type": "Point",
        "coordinates": [-136.8654, 58.7004]
      }
    },
    {
      "type": "Feature",
      "properties": {
        "id": "irma-115508",
        "institution": [
          "National Park Service (NPS)"
        ],
        "collection": [
          "NPS - IRMA"
        ],
        "topic": [
          "Effigy Mounds National Monument Harpers Ferry Iowa",
          "Historic Vegetation",
          "Plant Studies",
          "Trees"
        ],
        "format": "Published Report",
        "publishDate": "1917",
        "building": [
          "Effigy Mounds National Monument (EFMO)"
        ],
        "Title": "Some Notes On Plants Of The Proposed Mississippi Valley National Park Iowa Conservation",
        "Link": "https://irma.nps.gov/DataStore/Reference/Profile/115508"
      },
      "geometry": {
        "type": "Point",
        "coordinates": [-91.2078, 43.0915]
      }
    },
    {
      "type": "Feature",
      "properties": {
        "id": "irma-131949",
        "institution": [
          "National Park Service (NPS)"
        ],
        "collection": [
          "NPS - IRMA"
        ],
        "topic": [
          "Katmai National Park And Preserve"
        ],
        "format": "Published Report",
        "publishDate": "1917",
        "building": [
          "Katmai National Park and Preserve (KATM)"
        ],
        "Title": "The Valley of Ten Thousand Smokes : National Geographic Society explorations in the Katmai District of Alaska",
        "Link": "https://irma.nps.gov/DataStore/Reference/Profile/131949"
      },
      "geometry": {
        "type": "Point",
        "coordinates": [-154.8894, 58.5661]
      }
    },
    {
      "type": "Feature",
      "properties": {
        "id": "irma-134243",
        "institution": [
          "National Park Service (NPS)"
        ],
        "collection": [
          "NPS - IRMA"
        ],
        "topic": [
          "Athapaskan Indians",
          "Charley River",
          "Circle",
          "Eagle",
          "Koyukon Athapaskan Indians",
          "nation",
          "Photographs",
          "Regional Information",
          "Tanana Athapaskan Indians",
          "Yukon River",
          "Yukon-Charley Rivers National Preserve"
        ],
        "format": "Published Report",
        "publishDate": "1917",
        "building": [
          "Denali National Park and Preserve (DENA)",
          "Yukon-Charley Rivers National Preserve (YUCH)"
        ],
        "Title": "Voyages on the Yukon and its tributaries : a narrative of summer travel in the interior of Alaska",
        "Link": "https://irma.nps.gov/DataStore/Reference/Profile/134243"
      },
      "geometry": {
        "type": "MultiPoint",
        "coordinates": [
          [-150.6029, 63.3183],
          [-142.5708, 65.1668]
        ]
      }
    },
    {
      "type": "Feature",
      "properties": {
        "id": "irma-647447",
        "institution": [
          "National Park Service (NPS)"
        ],
        "collection": [
          "NPS - IRMA"
        ],
        "topic": [
          "1915-1917",
          "Catalog",
          "Earthquake",
          "Hawaii (Big Island)",
          "Hawaiian Archipelago"
        ],
        "format": "Published Report",
        "publishDate": "1917",
        "building": [
          "Hawaii Volcanoes National Park (HAVO)"
        ],
        "Title": "[Untitled, unpublished earthquake catalog Hawaii]",
        "Link": "https://irma.nps.gov/DataStore/Reference/Profile/647447"
      },
      "geometry": {
        "type": "Point",
        "coordinates": [-155.4073, 19.235]
      }
    },
    {
      "type": "Feature",
      "properties": {
        "id": "irma-643528",
        "institution": [
          "National Park Service (NPS)"
        ],
        "collection": [
          "NPS - IRMA"
        ],
        "topic": [
          "East Maui Volcano",
          "Haleakala Volcano",
          "Hawaii (Big Island)",
          "Hazard",
          "Kilauea Volcano",
          "Mauna Loa Volcano",
          "Volcano"
        ],
        "format": "Published Report",
        "publishDate": "1916",
        "building": [
          "Haleakala National Park (HALE)",
          "Hawaii Volcanoes National Park (HAVO)"
        ],
        "Title": "A bill to establish a national park in the Territory of Hawaii; hearing before the committee on public lands, Feb. 3, 1916",
        "Link": "https://irma.nps.gov/DataStore/Reference/Profile/643528"
      },
      "geometry": {
        "type": "MultiPoint",
        "coordinates": [
          [-156.1471, 20.7045],
          [-155.4073, 19.235]
        ]
      }
    },
    {
      "type": "Feature",
      "properties": {
        "id": "irma-643782",
        "institution": [
          "National Park Service (NPS)"
        ],
        "collection": [
          "NPS - IRMA"
        ],
        "topic": [
          "History",
          "Park Establishment"
        ],
        "format": "Published Report",
        "publishDate": "1916",
        "building": [
          "Hawaii Volcanoes National Park (HAVO)"
        ],
        "Title": "An act to establish a national park in the Territory of Hawaii",
        "Link": "https://irma.nps.gov/DataStore/Reference/Profile/643782"
      },
      "geometry": {
        "type": "Point",
        "coordinates": [-155.4073, 19.235]
      }
    },
    {
      "type": "Feature",
      "properties": {
        "id": "irma-29582",
        "institution": [
          "National Park Service (NPS)"
        ],
        "collection": [
          "NPS - IRMA"
        ],
        "topic": [
          "History",
          "Thompson David"
        ],
        "format": "Published Report",
        "publishDate": "1916",
        "building": [
          "Lake Roosevelt National Recreation Area (LARO)"
        ],
        "Title": "David Thompsons Narrative (Bib)",
        "Link": "https://irma.nps.gov/DataStore/Reference/Profile/29582"
      },
      "geometry": {
        "type": "Point",
        "coordinates": [-118.4347, 47.8407]
      }
    },
    {
      "type": "Feature",
      "properties": {
        "id": "irma-604890",
        "institution": [
          "National Park Service (NPS)"
        ],
        "collection": [
          "NPS - IRMA"
        ],
        "topic": [
          "Mount McKinley",
          "Mount Mckinley National Park"
        ],
        "format": "Published Report",
        "publishDate": "1916",
        "building": [
          "Denali National Park and Preserve (DENA)"
        ],
        "Title": "Establishment of Mount McKinley National Park Hearing before the Committee on Territories, United States Senate, Sixty-fourth Congress, first session, S. 5716",
        "Link": "https://irma.nps.gov/DataStore/Reference/Profile/604890"
      },
      "geometry": {
        "type": "Point",
        "coordinates": [-150.6029, 63.3183]
      }
    },
    {
      "type": "Feature",
      "properties": {
        "id": "irma-76929",
        "institution": [
          "National Park Service (NPS)"
        ],
        "collection": [
          "NPS - IRMA"
        ],
        "topic": [
          "History",
          "Missions"
        ],
        "format": "Published Report",
        "publishDate": "1916",
        "building": [
          "Nez Perce National Historical Park (NEPE)"
        ],
        "Title": "Memoirs of the West; the Spaldings",
        "Link": "https://irma.nps.gov/DataStore/Reference/Profile/76929"
      },
      "geometry": {
        "type": "Point",
        "coordinates": [-116.2758, 45.7961]
      }
    },
    {
      "type": "Feature",
      "properties": {
        "id": "irma-80475",
        "institution": [
          "National Park Service (NPS)"
        ],
        "collection": [
          "NPS - IRMA"
        ],
        "topic": [
          "Denali National Park And Preserve",
          "Mount Mckinley National Park",
          "Mt. McKinley National Park"
        ],
        "format": "Published Report",
        "publishDate": "1916",
        "building": [
          "Denali National Park and Preserve (DENA)"
        ],
        "Title": "Mount McKinley National Park, Territory of Alaska: Report to accompany S 5716",
        "Link": "https://irma.nps.gov/DataStore/Reference/Profile/80475"
      },
      "geometry": {
        "type": "Point",
        "coordinates": [-150.6029, 63.3183]
      }
    },
    {
      "type": "Feature",
      "properties": {
        "id": "irma-604902",
        "institution": [
          "National Park Service (NPS)"
        ],
        "collection": [
          "NPS - IRMA"
        ],
        "topic": [
          "Mount Mckinley National Park",
          "Mt. McKinley"
        ],
        "format": "Published Report",
        "publishDate": "1916",
        "building": [
          "Denali National Park and Preserve (DENA)"
        ],
        "Title": "Mount McKinley National Park Hearings before a subcommittee of the Committee on the Public Lands, House of Representatives, Sixty-fourth Congress, first session, on H.R. 14775",
        "Link": "https://irma.nps.gov/DataStore/Reference/Profile/604902"
      },
      "geometry": {
        "type": "Point",
        "coordinates": [-150.6029, 63.3183]
      }
    },
    {
      "type": "Feature",
      "properties": {
        "id": "irma-81614",
        "institution": [
          "National Park Service (NPS)"
        ],
        "collection": [
          "NPS - IRMA"
        ],
        "topic": [
          "Biography",
          "Exploration",
          "History",
          "Thompson Thomas"
        ],
        "format": "Published Report",
        "publishDate": "1916",
        "building": [
          "Lake Roosevelt National Recreation Area (LARO)"
        ],
        "Title": "Narrative of His Explorations in Western America 1784-1812 (Bib)",
        "Link": "https://irma.nps.gov/DataStore/Reference/Profile/81614"
      },
      "geometry": {
        "type": "Point",
        "coordinates": [-118.4347, 47.8407]
      }
    },
    {
      "type": "Feature",
      "properties": {
        "id": "irma-643529",
        "institution": [
          "National Park Service (NPS)"
        ],
        "collection": [
          "NPS - IRMA"
        ],
        "topic": [
          "Hawaiian Volcano Observatory",
          "Hazard",
          "Volcano"
        ],
        "format": "Published Report",
        "publishDate": "1916",
        "building": [
          "Hawaii Volcanoes National Park (HAVO)"
        ],
        "Title": "On making the Hawaiian Volcano Observatory a government institution; hearings before Committee on Agriculture, House of Representatives, Jan. 18, 1916",
        "Link": "https://irma.nps.gov/DataStore/Reference/Profile/643529"
      },
      "geometry": {
        "type": "Point",
        "coordinates": [-155.4073, 19.235]
      }
    },
    {
      "type": "Feature",
      "properties": {
        "id": "irma-643423",
        "institution": [
          "National Park Service (NPS)"
        ],
        "collection": [
          "NPS - IRMA"
        ],
        "topic": [
          "1915",
          "Halemaumau Crater",
          "Kilauea Volcano"
        ],
        "format": "Published Report",
        "publishDate": "1916",
        "building": [
          "Hawaii Volcanoes National Park (HAVO)"
        ],
        "Title": "The Volcano Kilauea",
        "Link": "https://irma.nps.gov/DataStore/Reference/Profile/643423"
      },
      "geometry": {
        "type": "Point",
        "coordinates": [-155.4073, 19.235]
      }
    },
    {
      "type": "Feature",
      "properties": {
        "id": "irma-605771",
        "institution": [
          "National Park Service (NPS)"
        ],
        "collection": [
          "NPS - IRMA"
        ],
        "topic": [
          "Koyukuk River",
          "Mining"
        ],
        "format": "Published Report",
        "publishDate": "1916",
        "building": [
          "Denali National Park and Preserve (DENA)"
        ],
        "Title": "The Yukon-Koyukuk Region Alaska",
        "Link": "https://irma.nps.gov/DataStore/Reference/Profile/605771"
      },
      "geometry": {
        "type": "Point",
        "coordinates": [-150.6029, 63.3183]
      }
    },
    {
      "type": "Feature",
      "properties": {
        "id": "irma-23740",
        "institution": [
          "National Park Service (NPS)"
        ],
        "collection": [
          "NPS - IRMA"
        ],
        "topic": [
          "Geology",
          "Mineral Exploration",
          "Mineral Resources",
          "Mining History",
          "Physical Sciences"
        ],
        "format": "Published Report",
        "publishDate": "1916",
        "building": [
          "Wrangell-St. Elias National Park and Preserve (WRST)"
        ],
        "Title": "The Chisana-White River District, Alaska",
        "Link": "https://irma.nps.gov/DataStore/Reference/Profile/23740"
      },
      "geometry": {
        "type": "Point",
        "coordinates": [-142.1319, 60.6918]
      }
    },
    {
      "type": "Feature",
      "properties": {
        "id": "irma-109710",
        "institution": [
          "National Park Service (NPS)"
        ],
        "collection": [
          "NPS - IRMA"
        ],
        "topic": [
          "`Iliahi (sandalwood) (Santalum paniculatum)",
          "Hawai`i",
          "Plant Studies"
        ],
        "format": "Published Report",
        "publishDate": "1916",
        "building": [
          "Haleakala National Park (HALE)"
        ],
        "Title": "The sandalwoods of Hawai`i",
        "Link": "https://irma.nps.gov/DataStore/Reference/Profile/109710"
      },
      "geometry": {
        "type": "Point",
        "coordinates": [-156.1471, 20.7045]
      }
    },
    {
      "type": "Feature",
      "properties": {
        "id": "irma-8627",
        "institution": [
          "National Park Service (NPS)"
        ],
        "collection": [
          "NPS - IRMA"
        ],
        "topic": [
          "Physical Sciences",
          "Wrangell-Saint Elias National Park and Preserve",
          "Wrangell-St. Elias National Park And Preserve"
        ],
        "format": "Published Report",
        "publishDate": "1915",
        "building": [
          "Wrangell-St. Elias National Park and Preserve (WRST)"
        ],
        "Title": "An Ancient volcanic eruption in the upper Yukon basin Shorter contributions to general geology, 1915",
        "Link": "https://irma.nps.gov/DataStore/Reference/Profile/8627"
      },
      "geometry": {
        "type": "Point",
        "coordinates": [-142.1319, 60.6918]
      }
    },
    {
      "type": "Feature",
      "properties": {
        "id": "irma-635268",
        "institution": [
          "National Park Service (NPS)"
        ],
        "collection": [
          "NPS - IRMA"
        ],
        "topic": [
          "1852",
          "Chemical Analysis",
          "Hawaii (Big Island)",
          "Major Oxides",
          "Mauna Loa Volcano",
          "Mineral",
          "Northeast Rift Zone",
          "Olivine",
          "Petrology",
          "Rock"
        ],
        "format": "Published Report",
        "publishDate": "1915",
        "building": [
          "Hawaii Volcanoes National Park (HAVO)"
        ],
        "Title": "Analyses of rocks and minerals from the Laboratory of the United States Geological Survey, 1880-1914",
        "Link": "https://irma.nps.gov/DataStore/Reference/Profile/635268"
      },
      "geometry": {
        "type": "Point",
        "coordinates": [-155.4073, 19.235]
      }
    },
    {
      "type": "Feature",
      "properties": {
        "id": "irma-12217",
        "institution": [
          "National Park Service (NPS)"
        ],
        "collection": [
          "NPS - IRMA"
        ],
        "topic": [
          "Coastal Geomorphology",
          "shoreline marine environ nearshore zone atlas Suffolk Co"
        ],
        "format": "Published Report",
        "publishDate": "1915",
        "building": [
          "Fire Island National Seashore (FIIS)"
        ],
        "Title": "Atlas of the Ocean Shore of Suffolk County, Long Island  Belcher and Hyde, New York, NY",
        "Link": "https://irma.nps.gov/DataStore/Reference/Profile/12217"
      },
      "geometry": {
        "type": "Point",
        "coordinates": [-72.9943, 40.6918]
      }
    },
    {
      "type": "Feature",
      "properties": {
        "id": "irma-67902",
        "institution": [
          "National Park Service (NPS)"
        ],
        "collection": [
          "NPS - IRMA"
        ],
        "topic": [
          "Language & Linguistics",
          "The Nez Perce"
        ],
        "format": "Published Report",
        "publishDate": "1915",
        "building": [
          "Nez Perce National Historical Park (NEPE)"
        ],
        "Title": "Jesus-Christ-nim kinne uetas-pa kut ka-kala time-nin iues pilep- eza-pa taz-pa tamtai-pa numipu-timt-ki-eza-pa taz-pa tamtai-pa numipu-timt-ki",
        "Link": "https://irma.nps.gov/DataStore/Reference/Profile/67902"
      },
      "geometry": {
        "type": "Point",
        "coordinates": [-116.2758, 45.7961]
      }
    },
    {
      "type": "Feature",
      "properties": {
        "id": "irma-2178793",
        "institution": [
          "National Park Service (NPS)"
        ],
        "collection": [
          "NPS - IRMA"
        ],
        "topic": [
          "Checklist",
          "Eagle Lake",
          "Frenchman Bay",
          "Great Cranberry Island",
          "Inventory (Baseline)",
          "Ironbound Island",
          "Islands",
          "Isle Au Haut",
          "Little Duck Island",
          "Marine Invertebrates",
          "Mount Desert Island",
          "Otter Creek",
          "Somes Sound"
        ],
        "format": "Published Report",
        "publishDate": "1915",
        "building": [
          "Acadia National Park (ACAD)"
        ],
        "Title": "List of the Mollusca",
        "Link": "https://irma.nps.gov/DataStore/Reference/Profile/2178793"
      },
      "geometry": {
        "type": "Point",
        "coordinates": [-68.2397, 44.3594]
      }
    },
    {
      "type": "Feature",
      "properties": {
        "id": "irma-643229",
        "institution": [
          "National Park Service (NPS)"
        ],
        "collection": [
          "NPS - IRMA"
        ],
        "topic": [
          "Hawaii (Big Island)",
          "Hydrology",
          "Mauna Loa Volcano"
        ],
        "format": "Published Report",
        "publishDate": "1915",
        "building": [
          "Hawaii Volcanoes National Park (HAVO)"
        ],
        "Title": "Report of the north and south Kona, Hawaii water investigation",
        "Link": "https://irma.nps.gov/DataStore/Reference/Profile/643229"
      },
      "geometry": {
        "type": "Point",
        "coordinates": [-155.4073, 19.235]
      }
    },
    {
      "type": "Feature",
      "properties": {
        "id": "irma-115398",
        "institution": [
          "National Park Service (NPS)"
        ],
        "collection": [
          "NPS - IRMA"
        ],
        "topic": [
          "Effigy Mounds National Monument Harpers Ferry Iowa",
          "Flora",
          "Historic Vegetation",
          "Plant Studies"
        ],
        "format": "Published Report",
        "publishDate": "1915",
        "building": [
          "Effigy Mounds National Monument (EFMO)"
        ],
        "Title": "Some Flowers, Weeds, Shrubs, Trees And Other Plants Of Old Allamakee",
        "Link": "https://irma.nps.gov/DataStore/Reference/Profile/115398"
      },
      "geometry": {
        "type": "Point",
        "coordinates": [-91.2078, 43.0915]
      }
    },
    {
      "type": "Feature",
      "properties": {
        "id": "irma-168348",
        "institution": [
          "National Park Service (NPS)"
        ],
        "collection": [
          "NPS - IRMA"
        ],
        "topic": [
          "Hydrology",
          "Streamflow",
          "Water Resources",
          "Water Supply"
        ],
        "format": "Published Report",
        "publishDate": "1915",
        "building": [
          "Yukon-Charley Rivers National Preserve (YUCH)"
        ],
        "Title": "Surface water supply of the Yukon-Tanana region, Alaska",
        "Link": "https://irma.nps.gov/DataStore/Reference/Profile/168348"
      },
      "geometry": {
        "type": "Point",
        "coordinates": [-142.5708, 65.1668]
      }
    },
    {
      "type": "Feature",
      "properties": {
        "id": "irma-636721",
        "institution": [
          "National Park Service (NPS)"
        ],
        "collection": [
          "NPS - IRMA"
        ],
        "topic": [
          "Chemical Analysis",
          "Hawaii (Big Island)",
          "Hawaiian Archipelago",
          "Major Oxides",
          "Pedology",
          "Petrology",
          "Soil"
        ],
        "format": "Published Report",
        "publishDate": "1915",
        "building": [
          "Hawaii Volcanoes National Park (HAVO)"
        ],
        "Title": "The soils of the Hawaiian Islands",
        "Link": "https://irma.nps.gov/DataStore/Reference/Profile/636721"
      },
      "geometry": {
        "type": "Point",
        "coordinates": [-155.4073, 19.235]
      }
    },
    {
      "type": "Feature",
      "properties": {
        "id": "irma-635404",
        "institution": [
          "National Park Service (NPS)"
        ],
        "collection": [
          "NPS - IRMA"
        ],
        "topic": [
          "Chemical Analysis",
          "Crater",
          "East Maui Volcano",
          "Haleakala Volcano",
          "Hawaii (Big Island)",
          "Hawaiian Archipelago",
          "Honolulu Volcanic Series",
          "Hualalai Volcano",
          "Kauai",
          "Kilauea Volcano",
          "Kohala Volcano",
          "Koolau Volcano",
          "Magmatic Differentiation",
          "Major Oxides",
          "Mauna Kea Volcano",
          "Mauna Loa Volcano",
          "Mechanism",
          "Molokai",
          "Oahu",
          "Petrology",
          "Rock",
          "West Maui Volcano"
        ],
        "format": "Published Report",
        "publishDate": "1915",
        "building": [
          "Haleakala National Park (HALE)",
          "Hawaii Volcanoes National Park (HAVO)"
        ],
        "Title": "The lavas of Hawaii and their relations",
        "Link": "https://irma.nps.gov/DataStore/Reference/Profile/635404"
      },
      "geometry": {
        "type": "MultiPoint",
        "coordinates": [
          [-156.1471, 20.7045],
          [-155.4073, 19.235]
        ]
      }
    },
    {
      "type": "Feature",
      "properties": {
        "id": "irma-607185",
        "institution": [
          "National Park Service (NPS)"
        ],
        "collection": [
          "NPS - IRMA"
        ],
        "topic": [
          "Alaska",
          "Broad Pass",
          "Denali National Park And Preserve",
          "Geology",
          "Glacial Deposits",
          "Glaciation",
          "Igneous Rocks",
          "Mount Mckinley National Park",
          "Mt. McKinley National Park",
          "Quaternary Deposits"
        ],
        "format": "Published Report",
        "publishDate": "1915",
        "building": [
          "Central Alaska Network (CAKN)",
          "Denali National Park and Preserve (DENA)"
        ],
        "Title": "The Broad Pass Region, Alaska with sections on quaternary deposits, igneous rocks and glaciation",
        "Link": "https://irma.nps.gov/DataStore/Reference/Profile/607185"
      },
      "geometry": {
        "type": "Point",
        "coordinates": [-150.6029, 63.3183]
      }
    },
    {
      "type": "Feature",
      "properties": {
        "id": "irma-93367",
        "institution": [
          "National Park Service (NPS)"
        ],
        "collection": [
          "NPS - IRMA"
        ],
        "topic": [
          "Effigy Mounds National Monument Harpers Ferry Iowa",
          "Historic Vegetation",
          "Plant Studies"
        ],
        "format": "Published Report",
        "publishDate": "1915",
        "building": [
          "Effigy Mounds National Monument (EFMO)"
        ],
        "Title": "The Plant Life Of Northeastern Iowa As It Was, Is, And Probably Will Be",
        "Link": "https://irma.nps.gov/DataStore/Reference/Profile/93367"
      },
      "geometry": {
        "type": "Point",
        "coordinates": [-91.2078, 43.0915]
      }
    },
    {
      "type": "Feature",
      "properties": {
        "id": "irma-6899",
        "institution": [
          "National Park Service (NPS)"
        ],
        "collection": [
          "NPS - IRMA"
        ],
        "topic": [
          "Denali National Park And Preserve",
          "Mount Mckinley National Park",
          "Mt. McKinley National Park"
        ],
        "format": "Published Report",
        "publishDate": "1915",
        "building": [
          "Denali National Park and Preserve (DENA)"
        ],
        "Title": "The Alaskan mining industry in 1914",
        "Link": "https://irma.nps.gov/DataStore/Reference/Profile/6899"
      },
      "geometry": {
        "type": "Point",
        "coordinates": [-150.6029, 63.3183]
      }
    },
    {
      "type": "Feature",
      "properties": {
        "id": "irma-134339",
        "institution": [
          "National Park Service (NPS)"
        ],
        "collection": [
          "NPS - IRMA"
        ],
        "topic": [
          "Historical Narrative",
          "History",
          "Waiilatpu"
        ],
        "format": "Published Report",
        "publishDate": "1915",
        "building": [
          "Whitman Mission National Historic Site (WHMI)"
        ],
        "Title": "Waiilatpu: Its Rise and Fall 1836-1847 [reprint 1969]",
        "Link": "https://irma.nps.gov/DataStore/Reference/Profile/134339"
      },
      "geometry": {
        "type": "Point",
        "coordinates": [-118.4655, 46.0426]
      }
    },
    {
      "type": "Feature",
      "properties": {
        "id": "irma-583858",
        "institution": [
          "National Park Service (NPS)"
        ],
        "collection": [
          "NPS - IRMA"
        ],
        "topic": [
          "All",
          "Distribution",
          "Habitat",
          "Many Orders",
          "Statewide"
        ],
        "format": "Published Report",
        "publishDate": "1914",
        "building": [
          "Alagnak Wild River (ALAG)",
          "Aniakchak National Monument and Preserve (ANIA)",
          "Arctic Network (ARCN)",
          "Bering Land Bridge National Preserve (BELA)",
          "Central Alaska Network (CAKN)",
          "Cape Krusenstern National Monument (CAKR)",
          "Denali National Park and Preserve (DENA)",
          "Gates of the Arctic National Park and Preserve (GAAR)",
          "Glacier Bay National Park and Preserve (GLBA)",
          "Katmai National Park and Preserve (KATM)",
          "Kenai Fjords National Park (KEFJ)",
          "Klondike Gold Rush National Historical Park (KLGO)",
          "Kobuk Valley National Park (KOVA)",
          "Lake Clark National Park and Preserve (LACL)",
          "Noatak National Preserve (NOAT)",
          "Southeast Alaska Network (SEAN)",
          "Sitka National Historical Park (SITK)",
          "Southwest Alaska Network (SWAN)",
          "Wrangell-St. Elias National Park and Preserve (WRST)",
          "Yukon-Charley Rivers National Preserve (YUCH)"
        ],
        "Title": "Alaskan bird-life as depicted by many writers",
        "Link": "https://irma.nps.gov/DataStore/Reference/Profile/583858"
      },
      "geometry": {
        "type": "MultiPoint",
        "coordinates": [
          [-156.0822, 59.0031],
          [-158.0973, 56.9011],
          [-165.1266, 66.2151],
          [-163.4533, 67.4268],
          [-150.6029, 63.3183],
          [-153.3869, 67.869],
          [-136.8654, 58.7004],
          [-154.8894, 58.5661],
          [-150.2466, 59.504],
          [-135.2926, 59.6316],
          [-159.0631, 67.2802],
          [-153.2619, 60.5804],
          [-159.3945, 68.1814],
          [-135.3156, 57.047],
          [-142.1319, 60.6918],
          [-142.5708, 65.1668]
        ]
      }
    },
    {
      "type": "Feature",
      "properties": {
        "id": "irma-17348",
        "institution": [
          "National Park Service (NPS)"
        ],
        "collection": [
          "NPS - IRMA"
        ],
        "topic": [
          "avifauna distribution habitat ecology range",
          "Birds"
        ],
        "format": "Published Report",
        "publishDate": "1914",
        "building": [
          "Fire Island National Seashore (FIIS)"
        ],
        "Title": "Birds of New York",
        "Link": "https://irma.nps.gov/DataStore/Reference/Profile/17348"
      },
      "geometry": {
        "type": "Point",
        "coordinates": [-72.9943, 40.6918]
      }
    },
    {
      "type": "Feature",
      "properties": {
        "id": "irma-54893",
        "institution": [
          "National Park Service (NPS)"
        ],
        "collection": [
          "NPS - IRMA"
        ],
        "topic": [
          "Physical Sciences",
          "Wrangell-Saint Elias National Park and Preserve",
          "Wrangell-St. Elias National Park And Preserve"
        ],
        "format": "Published Report",
        "publishDate": "1914",
        "building": [
          "Wrangell-St. Elias National Park and Preserve (WRST)"
        ],
        "Title": "Geology of the Hanagita-Bremner region, Alaska",
        "Link": "https://irma.nps.gov/DataStore/Reference/Profile/54893"
      },
      "geometry": {
        "type": "Point",
        "coordinates": [-142.1319, 60.6918]
      }
    },
    {
      "type": "Feature",
      "properties": {
        "id": "irma-56086",
        "institution": [
          "National Park Service (NPS)"
        ],
        "collection": [
          "NPS - IRMA"
        ],
        "topic": [
          "History"
        ],
        "format": "Published Report",
        "publishDate": "1914",
        "building": [
          "Glacier Bay National Park and Preserve (GLBA)"
        ],
        "Title": "Glacier Bay",
        "Link": "https://irma.nps.gov/DataStore/Reference/Profile/56086"
      },
      "geometry": {
        "type": "Point",
        "coordinates": [-136.8654, 58.7004]
      }
    },
    {
      "type": "Feature",
      "properties": {
        "id": "irma-68062",
        "institution": [
          "National Park Service (NPS)"
        ],
        "collection": [
          "NPS - IRMA"
        ],
        "topic": [
          "Diaries-Journals",
          "Douglas David",
          "History"
        ],
        "format": "Published Report",
        "publishDate": "1914",
        "building": [
          "Lake Roosevelt National Recreation Area (LARO)"
        ],
        "Title": "Journal Kept By David Douglas During His Travels in North America (Bib)",
        "Link": "https://irma.nps.gov/DataStore/Reference/Profile/68062"
      },
      "geometry": {
        "type": "Point",
        "coordinates": [-118.4347, 47.8407]
      }
    },
    {
      "type": "Feature",
      "properties": {
        "id": "irma-566152",
        "institution": [
          "National Park Service (NPS)"
        ],
        "collection": [
          "NPS - IRMA"
        ],
        "topic": [
          "Alaska",
          "Economic Geology",
          "Maps",
          "marble deposits",
          "Southeastern Alaska"
        ],
        "format": "Published Report",
        "publishDate": "1914",
        "building": [
          "Klondike Gold Rush National Historical Park (KLGO)"
        ],
        "Title": "Marble resources of the Juneau, Skagway, and Sitka districts, Alaska",
        "Link": "https://irma.nps.gov/DataStore/Reference/Profile/566152"
      },
      "geometry": {
        "type": "Point",
        "coordinates": [-135.2926, 59.6316]
      }
    },
    {
      "type": "Feature",
      "properties": {
        "id": "irma-2170643",
        "institution": [
          "National Park Service (NPS)"
        ],
        "collection": [
          "NPS - IRMA"
        ],
        "topic": [
          "Geology",
          "Glacier National Park",
          "Lewis Overthrust",
          "mountain building",
          "scenic features"
        ],
        "format": "Published Report",
        "publishDate": "1914",
        "building": [
          "Glacier National Park (GLAC)"
        ],
        "Title": "Origin of the Scenic Features of the Glacier National Park",
        "Link": "https://irma.nps.gov/DataStore/Reference/Profile/2170643"
      },
      "geometry": {
        "type": "Point",
        "coordinates": [-113.8587, 48.7468]
      }
    },
    {
      "type": "Feature",
      "properties": {
        "id": "irma-637259",
        "institution": [
          "National Park Service (NPS)"
        ],
        "collection": [
          "NPS - IRMA"
        ],
        "topic": [
          "Geodesy",
          "Hawaii (Big Island)",
          "Kauai",
          "Vertical Leveling"
        ],
        "format": "Published Report",
        "publishDate": "1914",
        "building": [
          "Hawaii Volcanoes National Park (HAVO)"
        ],
        "Title": "Results of spirit-leveling in Hawaii, 1910 to 1913, inclusive",
        "Link": "https://irma.nps.gov/DataStore/Reference/Profile/637259"
      },
      "geometry": {
        "type": "Point",
        "coordinates": [-155.4073, 19.235]
      }
    },
    {
      "type": "Feature",
      "properties": {
        "id": "irma-54593",
        "institution": [
          "National Park Service (NPS)"
        ],
        "collection": [
          "NPS - IRMA"
        ],
        "topic": [
          "Geology Hydrology Soils",
          "stratigraphy sedimentation groundwater hydrology geology"
        ],
        "format": "Published Report",
        "publishDate": "1914",
        "building": [
          "Fire Island National Seashore (FIIS)"
        ],
        "Title": "The geology of Long Island  USGS Professional Paper No 82, US Geological Survey, Washington, DC  231 pp",
        "Link": "https://irma.nps.gov/DataStore/Reference/Profile/54593"
      },
      "geometry": {
        "type": "Point",
        "coordinates": [-72.9943, 40.6918]
      }
    },
    {
      "type": "Feature",
      "properties": {
        "id": "irma-605617",
        "institution": [
          "National Park Service (NPS)"
        ],
        "collection": [
          "NPS - IRMA"
        ],
        "topic": [
          "Athapaskan Indians"
        ],
        "format": "Published Report",
        "publishDate": "1914",
        "building": [
          "Denali National Park and Preserve (DENA)"
        ],
        "Title": "The Indians of the Yukon and Tanana Valleys, Alaska",
        "Link": "https://irma.nps.gov/DataStore/Reference/Profile/605617"
      },
      "geometry": {
        "type": "Point",
        "coordinates": [-150.6029, 63.3183]
      }
    },
    {
      "type": "Feature",
      "properties": {
        "id": "irma-32625",
        "institution": [
          "National Park Service (NPS)"
        ],
        "collection": [
          "NPS - IRMA"
        ],
        "topic": [
          "Eagle",
          "Hydrology",
          "Photographs",
          "Surveys",
          "Water Discharge",
          "Yukon River",
          "Yukon-Charley Rivers National Preserve"
        ],
        "format": "Published Report",
        "publishDate": "1914",
        "building": [
          "Yukon-Charley Rivers National Preserve (YUCH)"
        ],
        "Title": "The Discharge of Yukon River at Eagle, Alaska",
        "Link": "https://irma.nps.gov/DataStore/Reference/Profile/32625"
      },
      "geometry": {
        "type": "Point",
        "coordinates": [-142.5708, 65.1668]
      }
    },
    {
      "type": "Feature",
      "properties": {
        "id": "irma-2178663",
        "institution": [
          "National Park Service (NPS)"
        ],
        "collection": [
          "NPS - IRMA"
        ],
        "topic": [
          "Blue Hill Bay",
          "Fish",
          "Great Duck Island",
          "Islands",
          "Isle Au Haut",
          "Little Duck Island",
          "Marine Fish",
          "Mount Desert Island",
          "Mount Desert Rock",
          "Schoodic Island",
          "Schoodic Peninsula",
          "Water Quality"
        ],
        "format": "Published Report",
        "publishDate": "1914",
        "building": [
          "Acadia National Park (ACAD)"
        ],
        "Title": "The fishes of Maine",
        "Link": "https://irma.nps.gov/DataStore/Reference/Profile/2178663"
      },
      "geometry": {
        "type": "Point",
        "coordinates": [-68.2397, 44.3594]
      }
    },
    {
      "type": "Feature",
      "properties": {
        "id": "irma-582430",
        "institution": [
          "National Park Service (NPS)"
        ],
        "collection": [
          "NPS - IRMA"
        ],
        "topic": [
          "Anthropology",
          "clans",
          "Cultural",
          "custom",
          "ethnoscience",
          "History",
          "Human",
          "Myths",
          "narratives",
          "Native",
          "Oral History",
          "Religion",
          "Social Organization",
          "Tlingit"
        ],
        "format": "Published Report",
        "publishDate": "1909",
        "building": [
          "Glacier Bay National Park and Preserve (GLBA)",
          "Southeast Alaska Network (SEAN)"
        ],
        "Title": "Tlingit myths and texts",
        "Link": "https://irma.nps.gov/DataStore/Reference/Profile/582430"
      },
      "geometry": {
        "type": "Point",
        "coordinates": [-136.8654, 58.7004]
      }
    },
    {
      "type": "Feature",
      "properties": {
        "id": "irma-637701",
        "institution": [
          "National Park Service (NPS)"
        ],
        "collection": [
          "NPS - IRMA"
        ],
        "topic": [
          "East Maui Volcano",
          "Hawaii (Big Island)",
          "Hydrology",
          "Index",
          "Kauai",
          "Oahu",
          "West Maui Volcano"
        ],
        "format": "Published Report",
        "publishDate": "1914",
        "building": [
          "Hawaii Volcanoes National Park (HAVO)"
        ],
        "Title": "Water resources of Hawaii, 1912",
        "Link": "https://irma.nps.gov/DataStore/Reference/Profile/637701"
      },
      "geometry": {
        "type": "Point",
        "coordinates": [-155.4073, 19.235]
      }
    },
    {
      "type": "Feature",
      "properties": {
        "id": "irma-53605",
        "institution": [
          "National Park Service (NPS)"
        ],
        "collection": [
          "NPS - IRMA"
        ],
        "topic": [
          "Yukon-Charley Rivers National Preserve"
        ],
        "format": "Published Report",
        "publishDate": "1913",
        "building": [
          "Yukon-Charley Rivers National Preserve (YUCH)"
        ],
        "Title": "A Geologic reconnaissance of the Circle Quadrangle, Alaska",
        "Link": "https://irma.nps.gov/DataStore/Reference/Profile/53605"
      },
      "geometry": {
        "type": "Point",
        "coordinates": [-142.5708, 65.1668]
      }
    },
    {
      "type": "Feature",
      "properties": {
        "id": "irma-113526",
        "institution": [
          "National Park Service (NPS)"
        ],
        "collection": [
          "NPS - IRMA"
        ],
        "topic": [
          "Bering Land Bridge National Preserve"
        ],
        "format": "Published Report",
        "publishDate": "1913",
        "building": [
          "Bering Land Bridge National Preserve (BELA)"
        ],
        "Title": "A Sketch of the geography and geology of Seward Peninsula, Alaska",
        "Link": "https://irma.nps.gov/DataStore/Reference/Profile/113526"
      },
      "geometry": {
        "type": "Point",
        "coordinates": [-165.1266, 66.2151]
      }
    },
    {
      "type": "Feature",
      "properties": {
        "id": "irma-24730",
        "institution": [
          "National Park Service (NPS)"
        ],
        "collection": [
          "NPS - IRMA"
        ],
        "topic": [
          "Kenai Fjords National Park"
        ],
        "format": "Published Report",
        "publishDate": "1913",
        "building": [
          "Kenai Fjords National Park (KEFJ)"
        ],
        "Title": "Coastal glaciers of Prince William Sound and Kenai Peninsula, Alaska",
        "Link": "https://irma.nps.gov/DataStore/Reference/Profile/24730"
      },
      "geometry": {
        "type": "Point",
        "coordinates": [-150.2466, 59.504]
      }
    },
    {
      "type": "Feature",
      "properties": {
        "id": "irma-54460",
        "institution": [
          "National Park Service (NPS)"
        ],
        "collection": [
          "NPS - IRMA"
        ],
        "topic": [
          "Effigy Mounds National Monument Harpers Ferry Iowa",
          "Fossils",
          "Geology"
        ],
        "format": "Published Report",
        "publishDate": "1913",
        "building": [
          "Effigy Mounds National Monument (EFMO)"
        ],
        "Title": "Geology Of Allamakee County",
        "Link": "https://irma.nps.gov/DataStore/Reference/Profile/54460"
      },
      "geometry": {
        "type": "Point",
        "coordinates": [-91.2078, 43.0915]
      }
    },
    {
      "type": "Feature",
      "properties": {
        "id": "irma-115326",
        "institution": [
          "National Park Service (NPS)"
        ],
        "collection": [
          "NPS - IRMA"
        ],
        "topic": [
          "Geography",
          "Geology",
          "Glaciology"
        ],
        "format": "Published Report",
        "publishDate": "1913",
        "building": [
          "Glacier Bay National Park and Preserve (GLBA)"
        ],
        "Title": "Some contributions to the Physiography of Glacier Bay, Alaska Manuscript at World Data Center A: Glaciology",
        "Link": "https://irma.nps.gov/DataStore/Reference/Profile/115326"
      },
      "geometry": {
        "type": "Point",
        "coordinates": [-136.8654, 58.7004]
      }
    },
    {
      "type": "Feature",
      "properties": {
        "id": "irma-565106",
        "institution": [
          "National Park Service (NPS)"
        ],
        "collection": [
          "NPS - IRMA"
        ],
        "topic": [
          "Arctic",
          "Drainage",
          "Geology",
          "Groundwater",
          "hydraulic mining",
          "Hydrology",
          "River",
          "Seward Peninsula",
          "Water Resources",
          "Watershed"
        ],
        "format": "Published Report",
        "publishDate": "1913",
        "building": [
          "Bering Land Bridge National Preserve (BELA)"
        ],
        "Title": "Surface water supply of Seward Peninsula, Alaska",
        "Link": "https://irma.nps.gov/DataStore/Reference/Profile/565106"
      },
      "geometry": {
        "type": "Point",
        "coordinates": [-165.1266, 66.2151]
      }
    },
    {
      "type": "Feature",
      "properties": {
        "id": "irma-605770",
        "institution": [
          "National Park Service (NPS)"
        ],
        "collection": [
          "NPS - IRMA"
        ],
        "topic": [
          "Koyukuk River",
          "Mining"
        ],
        "format": "Published Report",
        "publishDate": "1913",
        "building": [
          "Denali National Park and Preserve (DENA)"
        ],
        "Title": "The Koyukuk-Chandalar Region",
        "Link": "https://irma.nps.gov/DataStore/Reference/Profile/605770"
      },
      "geometry": {
        "type": "Point",
        "coordinates": [-150.6029, 63.3183]
      }
    },
    {
      "type": "Feature",
      "properties": {
        "id": "irma-637312",
        "institution": [
          "National Park Service (NPS)"
        ],
        "collection": [
          "NPS - IRMA"
        ],
        "topic": [
          "East Maui Volcano",
          "Hawaii (Big Island)",
          "Hydrology",
          "Index",
          "Kauai",
          "Molokai",
          "Oahu",
          "West Maui Volcano"
        ],
        "format": "Published Report",
        "publishDate": "1913",
        "building": [
          "Hawaii Volcanoes National Park (HAVO)"
        ],
        "Title": "Water resources of Hawaii, 1909-1911",
        "Link": "https://irma.nps.gov/DataStore/Reference/Profile/637312"
      },
      "geometry": {
        "type": "Point",
        "coordinates": [-155.4073, 19.235]
      }
    },
    {
      "type": "Feature",
      "properties": {
        "id": "irma-136952",
        "institution": [
          "National Park Service (NPS)"
        ],
        "collection": [
          "NPS - IRMA"
        ],
        "topic": [
          "History",
          "Plant Studies",
          "Wilson's Creek National Battlefield Republic Missouri"
        ],
        "format": "Published Report",
        "publishDate": "1913",
        "building": [
          "Wilson's Creek National Battlefield (WICR)"
        ],
        "Title": "What I Saw at Wilsons Creek",
        "Link": "https://irma.nps.gov/DataStore/Reference/Profile/136952"
      },
      "geometry": {
        "type": "Point",
        "coordinates": [-93.4088, 37.0998]
      }
    },
    {
      "type": "Feature",
      "properties": {
        "id": "irma-138539",
        "institution": [
          "National Park Service (NPS)"
        ],
        "collection": [
          "NPS - IRMA"
        ],
        "topic": [
          "Cultural Historical",
          "historic sites Wm Floyd Estate cultural res architecture historical acct"
        ],
        "format": "Published Report",
        "publishDate": "1913",
        "building": [
          "Fire Island National Seashore (FIIS)"
        ],
        "Title": "William Floyd House, 5 transcripts  Unpublished, US Department of Interior, National Park Service, Fire Island National Seashore, William Floyd Estate, Mastic Beach, NY  5 pp",
        "Link": "https://irma.nps.gov/DataStore/Reference/Profile/138539"
      },
      "geometry": {
        "type": "Point",
        "coordinates": [-72.9943, 40.6918]
      }
    },
    {
      "type": "Feature",
      "properties": {
        "id": "irma-566154",
        "institution": [
          "National Park Service (NPS)"
        ],
        "collection": [
          "NPS - IRMA"
        ],
        "topic": [
          "Canada",
          "Coal",
          "Economic Geology",
          "Gold",
          "Historical Geology",
          "Klondike district",
          "Metals",
          "Organic Residues",
          "Sedimentary Rocks",
          "Skagway-Whitehorse-Dawson section",
          "Tantalus",
          "Western Canada",
          "Yukon Territory"
        ],
        "format": "Published Report",
        "publishDate": "1913",
        "building": [
          "Klondike Gold Rush National Historical Park (KLGO)"
        ],
        "Title": "Yukon and Malaspina, general introduction; the Skagway-Whitehorse-Dawson section",
        "Link": "https://irma.nps.gov/DataStore/Reference/Profile/566154"
      },
      "geometry": {
        "type": "Point",
        "coordinates": [-135.2926, 59.6316]
      }
    },
    {
      "type": "Feature",
      "properties": {
        "id": "irma-53896",
        "institution": [
          "National Park Service (NPS)"
        ],
        "collection": [
          "NPS - IRMA"
        ],
        "topic": [
          "Geology",
          "Iliamna region AK",
          "Physical Sciences"
        ],
        "format": "Published Report",
        "publishDate": "1912",
        "building": [
          "Lake Clark National Park and Preserve (LACL)"
        ],
        "Title": "A Geological reconnaissance of the Iliamna region, Alaska",
        "Link": "https://irma.nps.gov/DataStore/Reference/Profile/53896"
      },
      "geometry": {
        "type": "Point",
        "coordinates": [-153.2619, 60.5804]
      }
    },
    {
      "type": "Feature",
      "properties": {
        "id": "irma-59583",
        "institution": [
          "National Park Service (NPS)"
        ],
        "collection": [
          "NPS - IRMA"
        ],
        "topic": [
          "Ethnology",
          "Map",
          "Native Americans",
          "Photographs"
        ],
        "format": "Published Report",
        "publishDate": "1912",
        "building": [
          "Nez Perce National Historical Park (NEPE)"
        ],
        "Title": "Handbook of American Indians North of Mexico, in two parts Bulletin 30 of Smithsonian Inst Bureau of American Ethnology",
        "Link": "https://irma.nps.gov/DataStore/Reference/Profile/59583"
      },
      "geometry": {
        "type": "Point",
        "coordinates": [-116.2758, 45.7961]
      }
    },
    {
      "type": "Feature",
      "properties": {
        "id": "irma-78363",
        "institution": [
          "National Park Service (NPS)"
        ],
        "collection": [
          "NPS - IRMA"
        ],
        "topic": [
          "Denali National Park And Preserve",
          "Mount Mckinley National Park",
          "Mt. McKinley National Park"
        ],
        "format": "Published Report",
        "publishDate": "1912",
        "building": [
          "Denali National Park and Preserve (DENA)"
        ],
        "Title": "Mineral resources of Alaska, 1911",
        "Link": "https://irma.nps.gov/DataStore/Reference/Profile/78363"
      },
      "geometry": {
        "type": "Point",
        "coordinates": [-150.6029, 63.3183]
      }
    },
    {
      "type": "Feature",
      "properties": {
        "id": "irma-81593",
        "institution": [
          "National Park Service (NPS)"
        ],
        "collection": [
          "NPS - IRMA"
        ],
        "topic": [
          "music",
          "Whitman Narcissa"
        ],
        "format": "Published Report",
        "publishDate": "1912",
        "building": [
          "Whitman Mission National Historic Site (WHMI)"
        ],
        "Title": "Narcissa",
        "Link": "https://irma.nps.gov/DataStore/Reference/Profile/81593"
      },
      "geometry": {
        "type": "Point",
        "coordinates": [-118.4655, 46.0426]
      }
    },
    {
      "type": "Feature",
      "properties": {
        "id": "irma-108139",
        "institution": [
          "National Park Service (NPS)"
        ],
        "collection": [
          "NPS - IRMA"
        ],
        "topic": [
          "Aquatic Science",
          "Chama gauging station Rio Grande River NM",
          "Flow (Streamflow)",
          "Hydrology",
          "Rivers & Streams"
        ],
        "format": "Published Report",
        "publishDate": "1912",
        "building": [
          "Bandelier National Monument (BAND)"
        ],
        "Title": "River flow rate at the Chama Gauge",
        "Link": "https://irma.nps.gov/DataStore/Reference/Profile/108139"
      },
      "geometry": {
        "type": "Point",
        "coordinates": [-106.3573, 35.8188]
      }
    },
    {
      "type": "Feature",
      "properties": {
        "id": "irma-115179",
        "institution": [
          "National Park Service (NPS)"
        ],
        "collection": [
          "NPS - IRMA"
        ],
        "topic": [
          "Concession",
          "History",
          "Sol Duc Resort",
          "Soleduck River Watershed",
          "Visitor Use"
        ],
        "format": "Published Report",
        "publishDate": "1912",
        "building": [
          "Olympic National Park (OLYM)"
        ],
        "Title": "Solduc Hot Springs: In the Heart of the Olympics",
        "Link": "https://irma.nps.gov/DataStore/Reference/Profile/115179"
      },
      "geometry": {
        "type": "Point",
        "coordinates": [-123.6996, 47.7886]
      }
    },
    {
      "type": "Feature",
      "properties": {
        "id": "irma-81251",
        "institution": [
          "National Park Service (NPS)"
        ],
        "collection": [
          "NPS - IRMA"
        ],
        "topic": [
          "Animal Studies",
          "Mussels (Mytilus)",
          "Rivers & Streams"
        ],
        "format": "Published Report",
        "publishDate": "1912",
        "building": [
          "Buffalo National River (BUFF)"
        ],
        "Title": "The mussels of the Big Buffalo Fork of White River, Arkansas",
        "Link": "https://irma.nps.gov/DataStore/Reference/Profile/81251"
      },
      "geometry": {
        "type": "Point",
        "coordinates": [-92.9181, 35.9686]
      }
    },
    {
      "type": "Feature",
      "properties": {
        "id": "irma-643516",
        "institution": [
          "National Park Service (NPS)"
        ],
        "collection": [
          "NPS - IRMA"
        ],
        "topic": [
          "1914",
          "1916",
          "Forecast",
          "Hawaii (Big Island)",
          "Hualalai Volcano",
          "Kahuku basalt",
          "Kilauea Volcano",
          "Mauna Kea Volcano",
          "Mauna Loa Volcano",
          "Mokuaweoweo Caldera",
          "Precursor",
          "Southwest Rift Zone",
          "Tectonics",
          "Volcanic Eruption"
        ],
        "format": "Published Report",
        "publishDate": "1912",
        "building": [
          "Hawaii Volcanoes National Park (HAVO)"
        ],
        "Title": "The cross of Hawaii",
        "Link": "https://irma.nps.gov/DataStore/Reference/Profile/643516"
      },
      "geometry": {
        "type": "Point",
        "coordinates": [-155.4073, 19.235]
      }
    },
    {
      "type": "Feature",
      "properties": {
        "id": "irma-28032",
        "institution": [
          "National Park Service (NPS)"
        ],
        "collection": [
          "NPS - IRMA"
        ],
        "topic": [
          "History",
          "play",
          "Whitman Narcissa"
        ],
        "format": "Published Report",
        "publishDate": "1912",
        "building": [
          "Whitman Mission National Historic Site (WHMI)"
        ],
        "Title": "The Cost of Empire (Narcissa) in Four Acts",
        "Link": "https://irma.nps.gov/DataStore/Reference/Profile/28032"
      },
      "geometry": {
        "type": "Point",
        "coordinates": [-118.4655, 46.0426]
      }
    },
    {
      "type": "Feature",
      "properties": {
        "id": "irma-128571",
        "institution": [
          "National Park Service (NPS)"
        ],
        "collection": [
          "NPS - IRMA"
        ],
        "topic": [
          "Aquatic Sciences",
          "Effigy Mounds National Monument Harpers Ferry Iowa",
          "Geology",
          "Landforms",
          "Sinkholes",
          "Springs",
          "Water"
        ],
        "format": "Published Report",
        "publishDate": "1912",
        "building": [
          "Effigy Mounds National Monument (EFMO)"
        ],
        "Title": "Underground Waters Of The Northeast District, Allamakee County, Clayton County Iowa Geological Survey",
        "Link": "https://irma.nps.gov/DataStore/Reference/Profile/128571"
      },
      "geometry": {
        "type": "Point",
        "coordinates": [-91.2078, 43.0915]
      }
    },
    {
      "type": "Feature",
      "properties": {
        "id": "irma-53594",
        "institution": [
          "National Park Service (NPS)"
        ],
        "collection": [
          "NPS - IRMA"
        ],
        "topic": [
          "Bering Land Bridge National Preserve"
        ],
        "format": "Published Report",
        "publishDate": "1911",
        "building": [
          "Bering Land Bridge National Preserve (BELA)"
        ],
        "Title": "A Geologic reconnaissance in southeastern Seward Peninsula and the Norton Bay-Nulato Region, Alaska",
        "Link": "https://irma.nps.gov/DataStore/Reference/Profile/53594"
      },
      "geometry": {
        "type": "Point",
        "coordinates": [-165.1266, 66.2151]
      }
    },
    {
      "type": "Feature",
      "properties": {
        "id": "irma-54180",
        "institution": [
          "National Park Service (NPS)"
        ],
        "collection": [
          "NPS - IRMA"
        ],
        "topic": [
          "Physical Sciences",
          "Wrangell-Saint Elias National Park and Preserve",
          "Wrangell-St. Elias National Park And Preserve"
        ],
        "format": "Published Report",
        "publishDate": "1911",
        "building": [
          "Wrangell-St. Elias National Park and Preserve (WRST)"
        ],
        "Title": "Geology and mineral resources of the Nizina district, Alaska",
        "Link": "https://irma.nps.gov/DataStore/Reference/Profile/54180"
      },
      "geometry": {
        "type": "Point",
        "coordinates": [-142.1319, 60.6918]
      }
    },
    {
      "type": "Feature",
      "properties": {
        "id": "irma-80477",
        "institution": [
          "National Park Service (NPS)"
        ],
        "collection": [
          "NPS - IRMA"
        ],
        "topic": [
          "Alfred H Brooks",
          "Denali National Park And Preserve",
          "DeWitt Lee Reaburn",
          "Exploration",
          "Louis Marcus Prindle",
          "Mining",
          "Mount Mckinley National Park",
          "Mt. McKinley National Park",
          "Russell Williams Porter"
        ],
        "format": "Published Report",
        "publishDate": "1911",
        "building": [
          "Denali National Park and Preserve (DENA)"
        ],
        "Title": "The Mount McKinley region, Alaska, by Alfred H Brooks With descriptions of the igneous rocks and of the Bonnifield and Kantishna Districts, by LM Prindle",
        "Link": "https://irma.nps.gov/DataStore/Reference/Profile/80477"
      },
      "geometry": {
        "type": "Point",
        "coordinates": [-150.6029, 63.3183]
      }
    },
    {
      "type": "Feature",
      "properties": {
        "id": "irma-87412",
        "institution": [
          "National Park Service (NPS)"
        ],
        "collection": [
          "NPS - IRMA"
        ],
        "topic": [
          "Climate",
          "Grazing",
          "History",
          "Hydropower",
          "Land Classification",
          "Land Use",
          "Mining",
          "Olympic National Park",
          "Prescribed Burn",
          "Timber",
          "Topography"
        ],
        "format": "Published Report",
        "publishDate": "1911",
        "building": [
          "Olympic National Park (OLYM)"
        ],
        "Title": "The Olympic National Forest: its resources and their management",
        "Link": "https://irma.nps.gov/DataStore/Reference/Profile/87412"
      },
      "geometry": {
        "type": "Point",
        "coordinates": [-123.6996, 47.7886]
      }
    },
    {
      "type": "Feature",
      "properties": {
        "id": "irma-84601",
        "institution": [
          "National Park Service (NPS)"
        ],
        "collection": [
          "NPS - IRMA"
        ],
        "topic": [
          "Ethnology",
          "Nez Perce Reservation",
          "The Nez Perce",
          "Treaties"
        ],
        "format": "Published Report",
        "publishDate": "1911",
        "building": [
          "Nez Perce National Historical Park (NEPE)"
        ],
        "Title": "The Nez Perces, In The North American Indian, vol 8",
        "Link": "https://irma.nps.gov/DataStore/Reference/Profile/84601"
      },
      "geometry": {
        "type": "Point",
        "coordinates": [-116.2758, 45.7961]
      }
    },
    {
      "type": "Feature",
      "properties": {
        "id": "irma-122051",
        "institution": [
          "National Park Service (NPS)"
        ],
        "collection": [
          "NPS - IRMA"
        ],
        "topic": [
          "Animal Studies",
          "Birds",
          "Endangered Species",
          "Eyrie",
          "Grand Island Hiawatha National Forest MI",
          "History",
          "Nesting",
          "Peregrine Falcon (Falco peregrinus)",
          "Raptor"
        ],
        "format": "Published Report",
        "publishDate": "1906",
        "building": [
          "Pictured Rocks National Lakeshore (PIRO)"
        ],
        "Title": "The summer birds of Grand Island",
        "Link": "https://irma.nps.gov/DataStore/Reference/Profile/122051"
      },
      "geometry": {
        "type": "Point",
        "coordinates": [-86.3079, 46.5691]
      }
    },
    {
      "type": "Feature",
      "properties": {
        "id": "irma-17347",
        "institution": [
          "National Park Service (NPS)"
        ],
        "collection": [
          "NPS - IRMA"
        ],
        "topic": [
          "Avifauna",
          "Birds",
          "Migration Patterns",
          "New York State",
          "Waterbirds"
        ],
        "format": "Published Report",
        "publishDate": "1910",
        "building": [
          "Fire Island National Seashore (FIIS)"
        ],
        "Title": "Birds of New York",
        "Link": "https://irma.nps.gov/DataStore/Reference/Profile/17347"
      },
      "geometry": {
        "type": "Point",
        "coordinates": [-72.9943, 40.6918]
      }
    },
    {
      "type": "Feature",
      "properties": {
        "id": "irma-18353",
        "institution": [
          "National Park Service (NPS)"
        ],
        "collection": [
          "NPS - IRMA"
        ],
        "topic": [
          "Mau`i HI",
          "Plant Studies",
          "Vegetation"
        ],
        "format": "Published Report",
        "publishDate": "1910",
        "building": [
          "Haleakala National Park (HALE)"
        ],
        "Title": "Botanical exploration of Haleakala Mau`i",
        "Link": "https://irma.nps.gov/DataStore/Reference/Profile/18353"
      },
      "geometry": {
        "type": "Point",
        "coordinates": [-156.1471, 20.7045]
      }
    },
    {
      "type": "Feature",
      "properties": {
        "id": "irma-2196734",
        "institution": [
          "National Park Service (NPS)"
        ],
        "collection": [
          "NPS - IRMA"
        ],
        "topic": [
          "bisnaga",
          "Cacti",
          "Carnegiea Gigantea",
          "Echinocactus",
          "Growth",
          "ibervillea sonorae",
          "opuntia sp",
          "Plant Communities (Vegetation)",
          "prickly pear",
          "Saguaro",
          "sahuaro"
        ],
        "format": "Published Report",
        "publishDate": "1910",
        "building": [
          "Saguaro National Park (SAGU)"
        ],
        "Title": "Form-Alterations and Growth of Cacti",
        "Link": "https://irma.nps.gov/DataStore/Reference/Profile/2196734"
      },
      "geometry": {
        "type": "Point",
        "coordinates": [-110.619, 32.1803]
      }
    },
    {
      "type": "Feature",
      "properties": {
        "id": "irma-61625",
        "institution": [
          "National Park Service (NPS)"
        ],
        "collection": [
          "NPS - IRMA"
        ],
        "topic": [
          "Exploration",
          "History",
          "Missions",
          "Settlement",
          "trade",
          "Washington State"
        ],
        "format": "Published Report",
        "publishDate": "1910",
        "building": [
          "Whitman Mission National Historic Site (WHMI)"
        ],
        "Title": "History of the State of Washington",
        "Link": "https://irma.nps.gov/DataStore/Reference/Profile/61625"
      },
      "geometry": {
        "type": "Point",
        "coordinates": [-118.4655, 46.0426]
      }
    },
    {
      "type": "Feature",
      "properties": {
        "id": "irma-78407",
        "institution": [
          "National Park Service (NPS)"
        ],
        "collection": [
          "NPS - IRMA"
        ],
        "topic": [
          "Physical Sciences",
          "Wrangell-Saint Elias National Park and Preserve",
          "Wrangell-St. Elias National Park And Preserve"
        ],
        "format": "Published Report",
        "publishDate": "1910",
        "building": [
          "Wrangell-St. Elias National Park and Preserve (WRST)"
        ],
        "Title": "Mineral resources of the Nabesna-White river district, Alaska",
        "Link": "https://irma.nps.gov/DataStore/Reference/Profile/78407"
      },
      "geometry": {
        "type": "Point",
        "coordinates": [-142.1319, 60.6918]
      }
    },
    {
      "type": "Feature",
      "properties": {
        "id": "irma-619157",
        "institution": [
          "National Park Service (NPS)"
        ],
        "collection": [
          "NPS - IRMA"
        ],
        "topic": [
          "Geology",
          "Mineral Exploration",
          "Mineral Resources",
          "Mining History",
          "Wrangell-Saint Elias National Park and Preserve",
          "Wrangell-St. Elias National Park And Preserve"
        ],
        "format": "Published Report",
        "publishDate": "1910",
        "building": [
          "Wrangell-St. Elias National Park and Preserve (WRST)"
        ],
        "Title": "Mineral Resources of the Nabesna White River District, Alaska",
        "Link": "https://irma.nps.gov/DataStore/Reference/Profile/619157"
      },
      "geometry": {
        "type": "Point",
        "coordinates": [-142.1319, 60.6918]
      }
    },
    {
      "type": "Feature",
      "properties": {
        "id": "irma-338506",
        "institution": [
          "National Park Service (NPS)"
        ],
        "collection": [
          "NPS - IRMA"
        ],
        "topic": [
          "Checklist",
          "Fungi",
          "Lichen (Mycophycophyta)",
          "Liverworts (Hepaticopsida)",
          "Montana",
          "Mosses (Musci)",
          "New Species",
          "Plant Studies",
          "Plants (Plantae)"
        ],
        "format": "Published Report",
        "publishDate": "1910",
        "building": [
          "Glacier National Park (GLAC)"
        ],
        "Title": "Montana botany notes containing description of new species, list of plants not hertofore recorded from the state, and notes on disputed species, with 5 plates",
        "Link": "https://irma.nps.gov/DataStore/Reference/Profile/338506"
      },
      "geometry": {
        "type": "Point",
        "coordinates": [-113.8587, 48.7468]
      }
    },
    {
      "type": "Feature",
      "properties": {
        "id": "irma-88061",
        "institution": [
          "National Park Service (NPS)"
        ],
        "collection": [
          "NPS - IRMA"
        ],
        "topic": [
          "Exploration",
          "Physical Sciences"
        ],
        "format": "Published Report",
        "publishDate": "1910",
        "building": [
          "John Day Fossil Beds National Monument (JODA)"
        ],
        "Title": "Oregon Geology: A revision of The Two Islands",
        "Link": "https://irma.nps.gov/DataStore/Reference/Profile/88061"
      },
      "geometry": {
        "type": "Point",
        "coordinates": [-119.6492, 44.5381]
      }
    },
    {
      "type": "Feature",
      "properties": {
        "id": "irma-96961",
        "institution": [
          "National Park Service (NPS)"
        ],
        "collection": [
          "NPS - IRMA"
        ],
        "topic": [
          "Kenai Fjords National Park"
        ],
        "format": "Published Report",
        "publishDate": "1910",
        "building": [
          "Kenai Fjords National Park (KEFJ)"
        ],
        "Title": "Preliminary report on the mineral resources of the southern part of Kenai Peninsula.  In: Report on progress of investigations in 1909.",
        "Link": "https://irma.nps.gov/DataStore/Reference/Profile/96961"
      },
      "geometry": {
        "type": "Point",
        "coordinates": [-150.2466, 59.504]
      }
    },
    {
      "type": "Feature",
      "properties": {
        "id": "irma-122540",
        "institution": [
          "National Park Service (NPS)"
        ],
        "collection": [
          "NPS - IRMA"
        ],
        "topic": [
          "Physical Sciences"
        ],
        "format": "Published Report",
        "publishDate": "1910",
        "building": [
          "Pictured Rocks National Lakeshore (PIRO)"
        ],
        "Title": "Surface Geology of the Northern Peninsula of Michigan",
        "Link": "https://irma.nps.gov/DataStore/Reference/Profile/122540"
      },
      "geometry": {
        "type": "Point",
        "coordinates": [-86.3079, 46.5691]
      }
    },
    {
      "type": "Feature",
      "properties": {
        "id": "irma-338100",
        "institution": [
          "National Park Service (NPS)"
        ],
        "collection": [
          "NPS - IRMA"
        ],
        "topic": [
          "Management",
          "Park Establishment"
        ],
        "format": "Published Report",
        "publishDate": "1910",
        "building": [
          "Glacier National Park (GLAC)"
        ],
        "Title": "Twelfth report of the Bureau of Agriculture, Labor, and Industry of the state of Montana for the years 1909 and 1910, part 1, agriculture and industry",
        "Link": "https://irma.nps.gov/DataStore/Reference/Profile/338100"
      },
      "geometry": {
        "type": "Point",
        "coordinates": [-113.8587, 48.7468]
      }
    },
    {
      "type": "Feature",
      "properties": {
        "id": "irma-564880",
        "institution": [
          "National Park Service (NPS)"
        ],
        "collection": [
          "NPS - IRMA"
        ],
        "topic": [
          "Arctic",
          "Discharge",
          "Drainage",
          "Precipitation",
          "River",
          "Water - Hydrology",
          "Watershed"
        ],
        "format": "Published Report",
        "publishDate": "1910",
        "building": [
          "Bering Land Bridge National Preserve (BELA)"
        ],
        "Title": "Water supply investigations in Seward Peninsula in 1909",
        "Link": "https://irma.nps.gov/DataStore/Reference/Profile/564880"
      },
      "geometry": {
        "type": "Point",
        "coordinates": [-165.1266, 66.2151]
      }
    },
    {
      "type": "Feature",
      "properties": {
        "id": "irma-16373",
        "institution": [
          "National Park Service (NPS)"
        ],
        "collection": [
          "NPS - IRMA"
        ],
        "topic": [
          "Birds",
          "Photographs",
          "Plants",
          "Reconnaissance Surveys",
          "Regional Information",
          "Species List",
          "Terrestrial Mammals",
          "Yukon River",
          "Yukon-Charley Rivers National Preserve"
        ],
        "format": "Published Report",
        "publishDate": "1909",
        "building": [
          "Yukon-Charley Rivers National Preserve (YUCH)"
        ],
        "Title": "Biological investigations in Alaska and Yukon Territory I East Central Alaska II The Ogilvie Range, Yukon III The Macmillan River, Yukon",
        "Link": "https://irma.nps.gov/DataStore/Reference/Profile/16373"
      },
      "geometry": {
        "type": "Point",
        "coordinates": [-142.5708, 65.1668]
      }
    },
    {
      "type": "Feature",
      "properties": {
        "id": "irma-43953",
        "institution": [
          "National Park Service (NPS)"
        ],
        "collection": [
          "NPS - IRMA"
        ],
        "topic": [
          "Checklist",
          "Mammals",
          "Mascall Formation",
          "Paleontology",
          "Rattlesnake Formation",
          "Stratigraphy",
          "Tertiary"
        ],
        "format": "Published Report",
        "publishDate": "1909",
        "building": [
          "John Day Fossil Beds National Monument (JODA)"
        ],
        "Title": "Faunal Lists of the Tertiary Mammalia of the West",
        "Link": "https://irma.nps.gov/DataStore/Reference/Profile/43953"
      },
      "geometry": {
        "type": "Point",
        "coordinates": [-119.6492, 44.5381]
      }
    },
    {
      "type": "Feature",
      "properties": {
        "id": "irma-75715",
        "institution": [
          "National Park Service (NPS)"
        ],
        "collection": [
          "NPS - IRMA"
        ],
        "topic": [
          "History",
          "Whitman Marcus"
        ],
        "format": "Published Report",
        "publishDate": "1909",
        "building": [
          "Whitman Mission National Historic Site (WHMI)"
        ],
        "Title": "Marcus Whitman: Pathfinder and Patriot",
        "Link": "https://irma.nps.gov/DataStore/Reference/Profile/75715"
      },
      "geometry": {
        "type": "Point",
        "coordinates": [-118.4655, 46.0426]
      }
    },
    {
      "type": "Feature",
      "properties": {
        "id": "irma-78402",
        "institution": [
          "National Park Service (NPS)"
        ],
        "collection": [
          "NPS - IRMA"
        ],
        "topic": [
          "Physical Sciences",
          "Wrangell-Saint Elias National Park and Preserve",
          "Wrangell-St. Elias National Park And Preserve"
        ],
        "format": "Published Report",
        "publishDate": "1909",
        "building": [
          "Wrangell-St. Elias National Park and Preserve (WRST)"
        ],
        "Title": "Mineral resources of the Kotsina-Chitina region, Alaska",
        "Link": "https://irma.nps.gov/DataStore/Reference/Profile/78402"
      },
      "geometry": {
        "type": "Point",
        "coordinates": [-142.1319, 60.6918]
      }
    },
    {
      "type": "Feature",
      "properties": {
        "id": "irma-564184",
        "institution": [
          "National Park Service (NPS)"
        ],
        "collection": [
          "NPS - IRMA"
        ],
        "topic": [
          "Fjord",
          "Geological Survey",
          "Geology",
          "Glaciers",
          "Physical Sciences",
          "Physiography",
          "Wrangell-Saint Elias National Park and Preserve",
          "Wrangell-St. Elias National Park And Preserve",
          "Yakutat Bay"
        ],
        "format": "Published Report",
        "publishDate": "1909",
        "building": [
          "Glacier Bay National Park and Preserve (GLBA)",
          "Wrangell-St. Elias National Park and Preserve (WRST)"
        ],
        "Title": "The Yakutat Bay region, Alaska. Physiography and glacial geology; Areal geology",
        "Link": "https://irma.nps.gov/DataStore/Reference/Profile/564184"
      },
      "geometry": {
        "type": "MultiPoint",
        "coordinates": [
          [-136.8654, 58.7004],
          [-142.1319, 60.6918]
        ]
      }
    },
    {
      "type": "Feature",
      "properties": {
        "id": "irma-50414",
        "institution": [
          "National Park Service (NPS)"
        ],
        "collection": [
          "NPS - IRMA"
        ],
        "topic": [
          "Yukon-Charley Rivers National Preserve"
        ],
        "format": "Published Report",
        "publishDate": "1909",
        "building": [
          "Yukon-Charley Rivers National Preserve (YUCH)"
        ],
        "Title": "The Fortymile Quadrangle: Yukon-Tanana Region Alaska",
        "Link": "https://irma.nps.gov/DataStore/Reference/Profile/50414"
      },
      "geometry": {
        "type": "Point",
        "coordinates": [-142.5708, 65.1668]
      }
    },
    {
      "type": "Feature",
      "properties": {
        "id": "irma-25390",
        "institution": [
          "National Park Service (NPS)"
        ],
        "collection": [
          "NPS - IRMA"
        ],
        "topic": [
          "Columbia River"
        ],
        "format": "Published Report",
        "publishDate": "1909",
        "building": [
          "Lake Roosevelt National Recreation Area (LARO)"
        ],
        "Title": "The Columbia River (Bib)",
        "Link": "https://irma.nps.gov/DataStore/Reference/Profile/25390"
      },
      "geometry": {
        "type": "Point",
        "coordinates": [-118.4347, 47.8407]
      }
    },
    {
      "type": "Feature",
      "properties": {
        "id": "irma-134157",
        "institution": [
          "National Park Service (NPS)"
        ],
        "collection": [
          "NPS - IRMA"
        ],
        "topic": [
          "Animal Studies",
          "Kilauea Volcano HI",
          "Mauna Loa Volcano HI",
          "Nene (Branta sandvicensis)"
        ],
        "format": "Published Report",
        "publishDate": "1909",
        "building": [
          "Haleakala National Park (HALE)",
          "Hawaii Volcanoes National Park (HAVO)"
        ],
        "Title": "The volcanoes of Kilauea and Mauna Loa on the island of Hawai`i :  their variously recorded history to the present time",
        "Link": "https://irma.nps.gov/DataStore/Reference/Profile/134157"
      },
      "geometry": {
        "type": "MultiPoint",
        "coordinates": [
          [-156.1471, 20.7045],
          [-155.4073, 19.235]
        ]
      }
    },
    {
      "type": "Feature",
      "properties": {
        "id": "irma-136046",
        "institution": [
          "National Park Service (NPS)"
        ],
        "collection": [
          "NPS - IRMA"
        ],
        "topic": [
          "Yukon-Charley Rivers National Preserve"
        ],
        "format": "Published Report",
        "publishDate": "1909",
        "building": [
          "Yukon-Charley Rivers National Preserve (YUCH)"
        ],
        "Title": "Water supply investigations in the Yukon Tanana region, Alaska, 1907 and 1908 (Fairbanks, Circle, and Rampart districts)",
        "Link": "https://irma.nps.gov/DataStore/Reference/Profile/136046"
      },
      "geometry": {
        "type": "Point",
        "coordinates": [-142.5708, 65.1668]
      }
    },
    {
      "type": "Feature",
      "properties": {
        "id": "irma-660725",
        "institution": [
          "National Park Service (NPS)"
        ],
        "collection": [
          "NPS - IRMA"
        ],
        "topic": [
          "Drawings",
          "Historic Structures",
          "plans"
        ],
        "format": "Published Report",
        "publishDate": "1908",
        "building": [
          "Olympic National Park (OLYM)"
        ],
        "Title": "Bills for material accompanying standard plans for buildings on ranger stations",
        "Link": "https://irma.nps.gov/DataStore/Reference/Profile/660725"
      },
      "geometry": {
        "type": "Point",
        "coordinates": [-123.6996, 47.7886]
      }
    },
    {
      "type": "Feature",
      "properties": {
        "id": "irma-42742",
        "institution": [
          "National Park Service (NPS)"
        ],
        "collection": [
          "NPS - IRMA"
        ],
        "topic": [
          "Channels",
          "Dredging",
          "Great South Bay",
          "Jamaica Bay",
          "Management Legislation",
          "Navigation"
        ],
        "format": "Published Report",
        "publishDate": "1908",
        "building": [
          "Fire Island National Seashore (FIIS)",
          "Gateway National Recreation Area (GATE)"
        ],
        "Title": "Examination of the channel from Jamaica Bay through Great South Bay to Peconic Bay, New York  Document No 449-19, US House of Representatives, 60th Congress, 1st Session, Washington, DC",
        "Link": "https://irma.nps.gov/DataStore/Reference/Profile/42742"
      },
      "geometry": {
        "type": "MultiPoint",
        "coordinates": [
          [-72.9943, 40.6918],
          [-73.8609, 40.6187]
        ]
      }
    },
    {
      "type": "Feature",
      "properties": {
        "id": "irma-55068",
        "institution": [
          "National Park Service (NPS)"
        ],
        "collection": [
          "NPS - IRMA"
        ],
        "topic": [
          "Bering Land Bridge National Preserve"
        ],
        "format": "Published Report",
        "publishDate": "1908",
        "building": [
          "Bering Land Bridge National Preserve (BELA)"
        ],
        "Title": "Geology of the Seward Peninsula tin deposits, Alaska",
        "Link": "https://irma.nps.gov/DataStore/Reference/Profile/55068"
      },
      "geometry": {
        "type": "Point",
        "coordinates": [-165.1266, 66.2151]
      }
    },
    {
      "type": "Feature",
      "properties": {
        "id": "irma-56490",
        "institution": [
          "National Park Service (NPS)"
        ],
        "collection": [
          "NPS - IRMA"
        ],
        "topic": [
          "Bering Land Bridge National Preserve"
        ],
        "format": "Published Report",
        "publishDate": "1908",
        "building": [
          "Bering Land Bridge National Preserve (BELA)"
        ],
        "Title": "The Gold placers of parts of Seward Peninsula, Alaska including the Nome, Council, Kougarok, Port Clarence, and Goodhope precincts",
        "Link": "https://irma.nps.gov/DataStore/Reference/Profile/56490"
      },
      "geometry": {
        "type": "Point",
        "coordinates": [-165.1266, 66.2151]
      }
    },
    {
      "type": "Feature",
      "properties": {
        "id": "irma-84570",
        "institution": [
          "National Park Service (NPS)"
        ],
        "collection": [
          "NPS - IRMA"
        ],
        "topic": [
          "Archeology",
          "Clothing",
          "Ethnology",
          "Food",
          "Legends"
        ],
        "format": "Published Report",
        "publishDate": "1908",
        "building": [
          "Nez Perce National Historical Park (NEPE)"
        ],
        "Title": "The Nez Perce Indians  Vol II, Part 3 of Memoirs of the American Anthropological Association",
        "Link": "https://irma.nps.gov/DataStore/Reference/Profile/84570"
      },
      "geometry": {
        "type": "Point",
        "coordinates": [-116.2758, 45.7961]
      }
    },
    {
      "type": "Feature",
      "properties": {
        "id": "irma-2178803",
        "institution": [
          "National Park Service (NPS)"
        ],
        "collection": [
          "NPS - IRMA"
        ],
        "topic": [
          "Birds (Aves)",
          "Checklist",
          "Distribution",
          "Ecology",
          "Inventory (Baseline)",
          "Maine",
          "Migration"
        ],
        "format": "Published Report",
        "publishDate": "1908",
        "building": [
          "Acadia National Park (ACAD)"
        ],
        "Title": "The birds of Maine : with key to and description of the various species known to occur or to have occurred in the state, an account of their distribution and migration, showing their relative abundance in the various counties of the state as well as other",
        "Link": "https://irma.nps.gov/DataStore/Reference/Profile/2178803"
      },
      "geometry": {
        "type": "Point",
        "coordinates": [-68.2397, 44.3594]
      }
    },
    {
      "type": "Feature",
      "properties": {
        "id": "irma-132048",
        "institution": [
          "National Park Service (NPS)"
        ],
        "collection": [
          "NPS - IRMA"
        ],
        "topic": [
          "Animal Studies",
          "Distribution",
          "Snakes (Serpentes)",
          "Thamnophis family(garter snakes)"
        ],
        "format": "Published Report",
        "publishDate": "1908",
        "building": [
          "Isle Royale National Park (ISRO)"
        ],
        "Title": "Variation and Genetic Relationships of the Garter Snakes",
        "Link": "https://irma.nps.gov/DataStore/Reference/Profile/132048"
      },
      "geometry": {
        "type": "Point",
        "coordinates": [-88.7945, 48.0055]
      }
    },
    {
      "type": "Feature",
      "properties": {
        "id": "irma-564879",
        "institution": [
          "National Park Service (NPS)"
        ],
        "collection": [
          "NPS - IRMA"
        ],
        "topic": [
          "Arctic",
          "Discharge",
          "Flow Rate",
          "Kigluaik Mountains",
          "River",
          "Water - Hydrology"
        ],
        "format": "Published Report",
        "publishDate": "1908",
        "building": [
          "Bering Land Bridge National Preserve (BELA)"
        ],
        "Title": "Water supply of the Nome and Kougarok regions, Seward Peninsula, 1906-1907",
        "Link": "https://irma.nps.gov/DataStore/Reference/Profile/564879"
      },
      "geometry": {
        "type": "Point",
        "coordinates": [-165.1266, 66.2151]
      }
    },
    {
      "type": "Feature",
      "properties": {
        "id": "irma-564874",
        "institution": [
          "National Park Service (NPS)"
        ],
        "collection": [
          "NPS - IRMA"
        ],
        "topic": [
          "Arctic",
          "Discharge",
          "Drainage",
          "Groundwater",
          "Hydrology",
          "River",
          "Runoff",
          "Water - Hydrology",
          "Water Quality",
          "Watershed"
        ],
        "format": "Published Report",
        "publishDate": "1908",
        "building": [
          "Bering Land Bridge National Preserve (BELA)"
        ],
        "Title": "Water-supply investigations in Alaska, 1906-1907 (Nome and Kougarok regions, Seward Peninsula: Fairbanks District, Yukon-Tanana region)",
        "Link": "https://irma.nps.gov/DataStore/Reference/Profile/564874"
      },
      "geometry": {
        "type": "Point",
        "coordinates": [-165.1266, 66.2151]
      }
    },
    {
      "type": "Feature",
      "properties": {
        "id": "irma-137306",
        "institution": [
          "National Park Service (NPS)"
        ],
        "collection": [
          "NPS - IRMA"
        ],
        "topic": [
          "History",
          "Whitman Massacre"
        ],
        "format": "Published Report",
        "publishDate": "1908",
        "building": [
          "Whitman Mission National Historic Site (WHMI)"
        ],
        "Title": "Whitman Massacre Survival",
        "Link": "https://irma.nps.gov/DataStore/Reference/Profile/137306"
      },
      "geometry": {
        "type": "Point",
        "coordinates": [-118.4655, 46.0426]
      }
    },
    {
      "type": "Feature",
      "properties": {
        "id": "irma-60156",
        "institution": [
          "National Park Service (NPS)"
        ],
        "collection": [
          "NPS - IRMA"
        ],
        "topic": [
          "Geophysics",
          "Radioactivity",
          "Tufa",
          "Water Analysis"
        ],
        "format": "Published Report",
        "publishDate": "1907",
        "building": [
          "Hot Springs National Park (HOSP)"
        ],
        "Title": "Electroscopic Determination of the Radium Present in some Tufa Deposits from Hot springs, Ark",
        "Link": "https://irma.nps.gov/DataStore/Reference/Profile/60156"
      },
      "geometry": {
        "type": "Point",
        "coordinates": [-93.0659, 34.5083]
      }
    },
    {
      "type": "Feature",
      "properties": {
        "id": "irma-38610",
        "institution": [
          "National Park Service (NPS)"
        ],
        "collection": [
          "NPS - IRMA"
        ],
        "topic": [
          "Geology",
          "Radiation",
          "Tufa"
        ],
        "format": "Published Report",
        "publishDate": "1907",
        "building": [
          "Hot Springs National Park (HOSP)"
        ],
        "Title": "Electroscopic Determination of the Radium Present in some Tufa Deposits from Hot Springs, Ark",
        "Link": "https://irma.nps.gov/DataStore/Reference/Profile/38610"
      },
      "geometry": {
        "type": "Point",
        "coordinates": [-93.0659, 34.5083]
      }
    },
    {
      "type": "Feature",
      "properties": {
        "id": "irma-41756",
        "institution": [
          "National Park Service (NPS)"
        ],
        "collection": [
          "NPS - IRMA"
        ],
        "topic": [
          "beads",
          "Ethnology",
          "Native Americans"
        ],
        "format": "Published Report",
        "publishDate": "1907",
        "building": [
          "Nez Perce National Historical Park (NEPE)"
        ],
        "Title": "Ethnology of the Gros Ventre",
        "Link": "https://irma.nps.gov/DataStore/Reference/Profile/41756"
      },
      "geometry": {
        "type": "Point",
        "coordinates": [-116.2758, 45.7961]
      }
    },
    {
      "type": "Feature",
      "properties": {
        "id": "irma-54315",
        "institution": [
          "National Park Service (NPS)"
        ],
        "collection": [
          "NPS - IRMA"
        ],
        "topic": [
          "Physical Sciences",
          "Water Supply"
        ],
        "format": "Published Report",
        "publishDate": "1902",
        "building": [
          "Hagerman Fossil Beds National Monument (HAFO)"
        ],
        "Title": "Geology and water resources of the Snake River plains of Idaho",
        "Link": "https://irma.nps.gov/DataStore/Reference/Profile/54315"
      },
      "geometry": {
        "type": "Point",
        "coordinates": [-114.9397, 42.7643]
      }
    },
    {
      "type": "Feature",
      "properties": {
        "id": "irma-18272",
        "institution": [
          "National Park Service (NPS)"
        ],
        "collection": [
          "NPS - IRMA"
        ],
        "topic": [
          "Denali National Park And Preserve",
          "Mount Mckinley National Park",
          "Mt. McKinley National Park"
        ],
        "format": "Published Report",
        "publishDate": "1907",
        "building": [
          "Denali National Park and Preserve (DENA)"
        ],
        "Title": "The Bonnifield and Kantishna Regions",
        "Link": "https://irma.nps.gov/DataStore/Reference/Profile/18272"
      },
      "geometry": {
        "type": "Point",
        "coordinates": [-150.6029, 63.3183]
      }
    },
    {
      "type": "Feature",
      "properties": {
        "id": "irma-564878",
        "institution": [
          "National Park Service (NPS)"
        ],
        "collection": [
          "NPS - IRMA"
        ],
        "topic": [
          "Arctic",
          "Discharge",
          "Flow Rate",
          "Kigluaik Mountains",
          "Rivers",
          "Water - Hydrology",
          "water drainage"
        ],
        "format": "Published Report",
        "publishDate": "1907",
        "building": [
          "Bering Land Bridge National Preserve (BELA)"
        ],
        "Title": "Water supply of the Nome region, Seward Peninsula, 1906",
        "Link": "https://irma.nps.gov/DataStore/Reference/Profile/564878"
      },
      "geometry": {
        "type": "Point",
        "coordinates": [-165.1266, 66.2151]
      }
    },
    {
      "type": "Feature",
      "properties": {
        "id": "irma-564873",
        "institution": [
          "National Park Service (NPS)"
        ],
        "collection": [
          "NPS - IRMA"
        ],
        "topic": [
          "Arctic",
          "Discharge",
          "Drainage",
          "River",
          "Water - Hydrology",
          "Watershed"
        ],
        "format": "Published Report",
        "publishDate": "1907",
        "building": [
          "Bering Land Bridge National Preserve (BELA)"
        ],
        "Title": "Water Supply of the Nome region, Seward Peninsula, Alaska",
        "Link": "https://irma.nps.gov/DataStore/Reference/Profile/564873"
      },
      "geometry": {
        "type": "Point",
        "coordinates": [-165.1266, 66.2151]
      }
    },
    {
      "type": "Feature",
      "properties": {
        "id": "irma-135844",
        "institution": [
          "National Park Service (NPS)"
        ],
        "collection": [
          "NPS - IRMA"
        ],
        "topic": [
          "Aquatic Science",
          "Geology",
          "Groundwater",
          "Irrigation",
          "Jemez Mountains NM",
          "Management",
          "Rio Grande Valley NM",
          "Water Resources",
          "White Rock Canyon NM"
        ],
        "format": "Published Report",
        "publishDate": "1907",
        "building": [
          "Bandelier National Monument (BAND)"
        ],
        "Title": "Water resources of the Rio Grande Valley in New Mexico and their development",
        "Link": "https://irma.nps.gov/DataStore/Reference/Profile/135844"
      },
      "geometry": {
        "type": "Point",
        "coordinates": [-106.3573, 35.8188]
      }
    },
    {
      "type": "Feature",
      "properties": {
        "id": "irma-140341",
        "institution": [
          "National Park Service (NPS)"
        ],
        "collection": [
          "NPS - IRMA"
        ],
        "topic": [
          "Yukon-Charley Rivers National Preserve"
        ],
        "format": "Published Report",
        "publishDate": "1906",
        "building": [
          "Yukon-Charley Rivers National Preserve (YUCH)"
        ],
        "Title": "The Yukon-Tanana region, Alaska : description of Circle Quadrangle",
        "Link": "https://irma.nps.gov/DataStore/Reference/Profile/140341"
      },
      "geometry": {
        "type": "Point",
        "coordinates": [-142.5708, 65.1668]
      }
    },
    {
      "type": "Feature",
      "properties": {
        "id": "irma-52789",
        "institution": [
          "National Park Service (NPS)"
        ],
        "collection": [
          "NPS - IRMA"
        ],
        "topic": [
          "Denali National Park And Preserve",
          "Mount Mckinley National Park",
          "Mt. McKinley National Park"
        ],
        "format": "Published Report",
        "publishDate": "1906",
        "building": [
          "Denali National Park and Preserve (DENA)"
        ],
        "Title": "The Geography and geology of Alaska",
        "Link": "https://irma.nps.gov/DataStore/Reference/Profile/52789"
      },
      "geometry": {
        "type": "Point",
        "coordinates": [-150.6029, 63.3183]
      }
    },
    {
      "type": "Feature",
      "properties": {
        "id": "irma-48069",
        "institution": [
          "National Park Service (NPS)"
        ],
        "collection": [
          "NPS - IRMA"
        ],
        "topic": [
          "Animal Studies",
          "Checklist",
          "Fish",
          "Samoa"
        ],
        "format": "Published Report",
        "publishDate": "1906",
        "building": [
          "National Park of American Samoa (NPSA)",
          "Pacific Islands Network (PACN)"
        ],
        "Title": "The fishes of Samoa description of the species found in the archipelago, with a provisional checklist of the fishes of Oceania",
        "Link": "https://irma.nps.gov/DataStore/Reference/Profile/48069"
      },
      "geometry": {
        "type": "Point",
        "coordinates": [-170.689, -14.259]
      }
    },
    {
      "type": "Feature",
      "properties": {
        "id": "irma-128786",
        "institution": [
          "National Park Service (NPS)"
        ],
        "collection": [
          "NPS - IRMA"
        ],
        "topic": [
          "Exploration",
          "Geology",
          "History",
          "Physical Sciences"
        ],
        "format": "Published Report",
        "publishDate": "1906",
        "building": [
          "John Day Fossil Beds National Monument (JODA)"
        ],
        "Title": "The University of Kansas expedition into the John Day region of Oregon",
        "Link": "https://irma.nps.gov/DataStore/Reference/Profile/128786"
      },
      "geometry": {
        "type": "Point",
        "coordinates": [-119.6492, 44.5381]
      }
    },
    {
      "type": "Feature",
      "properties": {
        "id": "irma-49771",
        "institution": [
          "National Park Service (NPS)"
        ],
        "collection": [
          "NPS - IRMA"
        ],
        "topic": [
          "Agriculture",
          "Checklist",
          "Core",
          "Disturbance",
          "FIRE",
          "Fire History",
          "Grazing",
          "Land Use",
          "Logging",
          "Mining",
          "NRCA",
          "Plants",
          "Trees",
          "Vegetation"
        ],
        "format": "Published Report",
        "publishDate": "1905",
        "building": [
          "Gila Cliff Dwellings National Monument (GICL)"
        ],
        "Title": "Forest conditions in the Gila River Forest Reserve, New Mexico",
        "Link": "https://irma.nps.gov/DataStore/Reference/Profile/49771"
      },
      "geometry": {
        "type": "Point",
        "coordinates": [-108.2735, 33.2276]
      }
    },
    {
      "type": "Feature",
      "properties": {
        "id": "irma-54501",
        "institution": [
          "National Park Service (NPS)"
        ],
        "collection": [
          "NPS - IRMA"
        ],
        "topic": [
          "Effigy Mounds National Monument Harpers Ferry Iowa",
          "Geology"
        ],
        "format": "Published Report",
        "publishDate": "1905",
        "building": [
          "Effigy Mounds National Monument (EFMO)"
        ],
        "Title": "Geology Of Clayton County",
        "Link": "https://irma.nps.gov/DataStore/Reference/Profile/54501"
      },
      "geometry": {
        "type": "Point",
        "coordinates": [-91.2078, 43.0915]
      }
    },
    {
      "type": "Feature",
      "properties": {
        "id": "irma-54790",
        "institution": [
          "National Park Service (NPS)"
        ],
        "collection": [
          "NPS - IRMA"
        ],
        "topic": [
          "Physical Sciences",
          "Wrangell-Saint Elias National Park and Preserve",
          "Wrangell-St. Elias National Park And Preserve"
        ],
        "format": "Published Report",
        "publishDate": "1905",
        "building": [
          "Wrangell-St. Elias National Park and Preserve (WRST)"
        ],
        "Title": "Geology of the central Copper River region, Alaska",
        "Link": "https://irma.nps.gov/DataStore/Reference/Profile/54790"
      },
      "geometry": {
        "type": "Point",
        "coordinates": [-142.1319, 60.6918]
      }
    },
    {
      "type": "Feature",
      "properties": {
        "id": "irma-71872",
        "institution": [
          "National Park Service (NPS)"
        ],
        "collection": [
          "NPS - IRMA"
        ],
        "topic": [
          "Biography",
          "DeSmet Father Pierre-Jean",
          "History"
        ],
        "format": "Published Report",
        "publishDate": "1905",
        "building": [
          "Lake Roosevelt National Recreation Area (LARO)"
        ],
        "Title": "Life, Letters & Travels of Father Pierre-Jean De Smet, 1801-1873 (Bib)",
        "Link": "https://irma.nps.gov/DataStore/Reference/Profile/71872"
      },
      "geometry": {
        "type": "Point",
        "coordinates": [-118.4347, 47.8407]
      }
    },
    {
      "type": "Feature",
      "properties": {
        "id": "irma-84863",
        "institution": [
          "National Park Service (NPS)"
        ],
        "collection": [
          "NPS - IRMA"
        ],
        "topic": [
          "Bering Land Bridge National Preserve"
        ],
        "format": "Published Report",
        "publishDate": "1905",
        "building": [
          "Bering Land Bridge National Preserve (BELA)"
        ],
        "Title": "Nome and Seward Peninsula; a book of information about northwestern Alaska",
        "Link": "https://irma.nps.gov/DataStore/Reference/Profile/84863"
      },
      "geometry": {
        "type": "Point",
        "coordinates": [-165.1266, 66.2151]
      }
    },
    {
      "type": "Feature",
      "properties": {
        "id": "irma-89662",
        "institution": [
          "National Park Service (NPS)"
        ],
        "collection": [
          "NPS - IRMA"
        ],
        "topic": [
          "Historical Narrative",
          "History",
          "O'Malley M.S.J.",
          "Slickpoo Mission (St. Joseph's Mission)"
        ],
        "format": "Published Report",
        "publishDate": "1905",
        "building": [
          "Nez Perce National Historical Park (NEPE)"
        ],
        "Title": "Papers, 1905-1928",
        "Link": "https://irma.nps.gov/DataStore/Reference/Profile/89662"
      },
      "geometry": {
        "type": "Point",
        "coordinates": [-116.2758, 45.7961]
      }
    },
    {
      "type": "Feature",
      "properties": {
        "id": "irma-137324",
        "institution": [
          "National Park Service (NPS)"
        ],
        "collection": [
          "NPS - IRMA"
        ],
        "topic": [
          "History",
          "Hudson's Bay Company",
          "Whitman Marcus",
          "Whitman Narcissa"
        ],
        "format": "Published Report",
        "publishDate": "1905",
        "building": [
          "Whitman Mission National Historic Site (WHMI)"
        ],
        "Title": "The Whitman Myth: The Hudsons Bay Companys Archives Furnish No Support to the Whitman Saved Oregon Story",
        "Link": "https://irma.nps.gov/DataStore/Reference/Profile/137324"
      },
      "geometry": {
        "type": "Point",
        "coordinates": [-118.4655, 46.0426]
      }
    },
    {
      "type": "Feature",
      "properties": {
        "id": "irma-597398",
        "institution": [
          "National Park Service (NPS)"
        ],
        "collection": [
          "NPS - IRMA"
        ],
        "topic": [
          "American Samoa"
        ],
        "format": "Published Report",
        "publishDate": "1905",
        "building": [
          "National Park of American Samoa (NPSA)"
        ],
        "Title": "The fishes of Samoa",
        "Link": "https://irma.nps.gov/DataStore/Reference/Profile/597398"
      },
      "geometry": {
        "type": "Point",
        "coordinates": [-170.689, -14.259]
      }
    },
    {
      "type": "Feature",
      "properties": {
        "id": "irma-43675",
        "institution": [
          "National Park Service (NPS)"
        ],
        "collection": [
          "NPS - IRMA"
        ],
        "topic": [
          "Bering Land Bridge National Preserve"
        ],
        "format": "Published Report",
        "publishDate": "1905",
        "building": [
          "Bering Land Bridge National Preserve (BELA)"
        ],
        "Title": "The Fairhaven gold placers, Seward Peninsula, Alaska",
        "Link": "https://irma.nps.gov/DataStore/Reference/Profile/43675"
      },
      "geometry": {
        "type": "Point",
        "coordinates": [-165.1266, 66.2151]
      }
    },
    {
      "type": "Feature",
      "properties": {
        "id": "irma-137326",
        "institution": [
          "National Park Service (NPS)"
        ],
        "collection": [
          "NPS - IRMA"
        ],
        "topic": [
          "Biography",
          "History",
          "Native Americans",
          "Whitman Marcus",
          "Whitman Narcissa"
        ],
        "format": "Published Report",
        "publishDate": "1905",
        "building": [
          "Whitman Mission National Historic Site (WHMI)"
        ],
        "Title": "Whitmans Ride Through Savage Lands with Sketches of Indian Life",
        "Link": "https://irma.nps.gov/DataStore/Reference/Profile/137326"
      },
      "geometry": {
        "type": "Point",
        "coordinates": [-118.4655, 46.0426]
      }
    },
    {
      "type": "Feature",
      "properties": {
        "id": "irma-16420",
        "institution": [
          "National Park Service (NPS)"
        ],
        "collection": [
          "NPS - IRMA"
        ],
        "topic": [
          "Alaska Peninsula",
          "Animal Studies",
          "Birds (Aves)",
          "Checklist",
          "fall",
          "Iliamna Lake AK",
          "Lake Clark National Park And Preserve",
          "Mammals (Mammalia)",
          "Map",
          "Summer"
        ],
        "format": "Published Report",
        "publishDate": "1904",
        "building": [
          "Lake Clark National Park and Preserve (LACL)"
        ],
        "Title": "A Biological reconnaissance of the base of the Alaska Peninsula",
        "Link": "https://irma.nps.gov/DataStore/Reference/Profile/16420"
      },
      "geometry": {
        "type": "Point",
        "coordinates": [-153.2619, 60.5804]
      }
    },
    {
      "type": "Feature",
      "properties": {
        "id": "irma-605582",
        "institution": [
          "National Park Service (NPS)"
        ],
        "collection": [
          "NPS - IRMA"
        ],
        "topic": [
          "Arctic",
          "Geology",
          "Koyukuk River",
          "Subarctic"
        ],
        "format": "Published Report",
        "publishDate": "1904",
        "building": [
          "Arctic Network (ARCN)",
          "Bering Land Bridge National Preserve (BELA)",
          "Cape Krusenstern National Monument (CAKR)",
          "Denali National Park and Preserve (DENA)",
          "Gates of the Arctic National Park and Preserve (GAAR)",
          "Kobuk Valley National Park (KOVA)",
          "Noatak National Preserve (NOAT)"
        ],
        "Title": "A Reconnaissance in Northern Alaska Across the Rocky Mountains, Along Koyukuk, John, Anaktuvuk, and Colville Rivers, and the Arctic Coast to Cape Lisburne, in 1901",
        "Link": "https://irma.nps.gov/DataStore/Reference/Profile/605582"
      },
      "geometry": {
        "type": "MultiPoint",
        "coordinates": [
          [-165.1266, 66.2151],
          [-163.4533, 67.4268],
          [-150.6029, 63.3183],
          [-153.3869, 67.869],
          [-159.0631, 67.2802],
          [-159.3945, 68.1814]
        ]
      }
    },
    {
      "type": "Feature",
      "properties": {
        "id": "irma-605511",
        "institution": [
          "National Park Service (NPS)"
        ],
        "collection": [
          "NPS - IRMA"
        ],
        "topic": [
          "Mount McKinley"
        ],
        "format": "Published Report",
        "publishDate": "1904",
        "building": [
          "Denali National Park and Preserve (DENA)"
        ],
        "Title": "An exploration to Mount McKinley, America's highest mountain",
        "Link": "https://irma.nps.gov/DataStore/Reference/Profile/605511"
      },
      "geometry": {
        "type": "Point",
        "coordinates": [-150.6029, 63.3183]
      }
    },
    {
      "type": "Feature",
      "properties": {
        "id": "irma-63739",
        "institution": [
          "National Park Service (NPS)"
        ],
        "collection": [
          "NPS - IRMA"
        ],
        "topic": [
          "Adams County WA",
          "Douglas County WA",
          "Franklin County WA",
          "History",
          "Lincoln County WA",
          "Settlers"
        ],
        "format": "Published Report",
        "publishDate": "1904",
        "building": [
          "Lake Roosevelt National Recreation Area (LARO)"
        ],
        "Title": "An Illustrated History of the Big Bend Country Embracing Lincoln, Douglas, Adams and Franklin Counties, State of Washington",
        "Link": "https://irma.nps.gov/DataStore/Reference/Profile/63739"
      },
      "geometry": {
        "type": "Point",
        "coordinates": [-118.4347, 47.8407]
      }
    },
    {
      "type": "Feature",
      "properties": {
        "id": "irma-61524",
        "institution": [
          "National Park Service (NPS)"
        ],
        "collection": [
          "NPS - IRMA"
        ],
        "topic": [
          "Fort Colville",
          "History",
          "Hudson's Bay Company",
          "Kettle River",
          "Mining",
          "Native Americans",
          "Quarries"
        ],
        "format": "Published Report",
        "publishDate": "1904",
        "building": [
          "Lake Roosevelt National Recreation Area (LARO)"
        ],
        "Title": "History of North Washington  An Illustrated History of Stevens, Ferry, Okanogan & Chelan Counties  State of Washington",
        "Link": "https://irma.nps.gov/DataStore/Reference/Profile/61524"
      },
      "geometry": {
        "type": "Point",
        "coordinates": [-118.4347, 47.8407]
      }
    },
    {
      "type": "Feature",
      "properties": {
        "id": "irma-554174",
        "institution": [
          "National Park Service (NPS)"
        ],
        "collection": [
          "NPS - IRMA"
        ],
        "topic": [
          "Land Use",
          "Management",
          "Metropolitan Boston",
          "Mystic River",
          "Water Resources",
          "Watersheds"
        ],
        "format": "Published Report",
        "publishDate": "1904",
        "building": [
          "Boston Harbor Islands National Recreation Area (BOHA)"
        ],
        "Title": "Report On Improvement of the Upper Mystic River and Alewife Brook By Means of Tide Gates and Large Drainage Channels",
        "Link": "https://irma.nps.gov/DataStore/Reference/Profile/554174"
      },
      "geometry": {
        "type": "Point",
        "coordinates": [-70.8762, 42.2622]
      }
    },
    {
      "type": "Feature",
      "properties": {
        "id": "irma-109933",
        "institution": [
          "National Park Service (NPS)"
        ],
        "collection": [
          "NPS - IRMA"
        ],
        "topic": [
          "History",
          "microfiche-microfilm",
          "Whitman Sarah"
        ],
        "format": "Published Report",
        "publishDate": "1904",
        "building": [
          "Whitman Mission National Historic Site (WHMI)"
        ],
        "Title": "Sarah Whitman",
        "Link": "https://irma.nps.gov/DataStore/Reference/Profile/109933"
      },
      "geometry": {
        "type": "Point",
        "coordinates": [-118.4655, 46.0426]
      }
    },
    {
      "type": "Feature",
      "properties": {
        "id": "irma-118892",
        "institution": [
          "National Park Service (NPS)"
        ],
        "collection": [
          "NPS - IRMA"
        ],
        "topic": [
          "Fort Colville",
          "Gold (Au)",
          "History",
          "Meyers Falls",
          "mill",
          "Mining",
          "Settlers"
        ],
        "format": "Published Report",
        "publishDate": "1904",
        "building": [
          "Lake Roosevelt National Recreation Area (LARO)"
        ],
        "Title": "Stevens County Washington  Its Creation, Addition, Substraction & Division",
        "Link": "https://irma.nps.gov/DataStore/Reference/Profile/118892"
      },
      "geometry": {
        "type": "Point",
        "coordinates": [-118.4347, 47.8407]
      }
    },
    {
      "type": "Feature",
      "properties": {
        "id": "irma-127098",
        "institution": [
          "National Park Service (NPS)"
        ],
        "collection": [
          "NPS - IRMA"
        ],
        "topic": [
          "Exploration",
          "History",
          "Lewis and Clark"
        ],
        "format": "Published Report",
        "publishDate": "1904",
        "building": [
          "Nez Perce National Historical Park (NEPE)"
        ],
        "Title": "The Trail of Lewis and Clark, 1804-1904",
        "Link": "https://irma.nps.gov/DataStore/Reference/Profile/127098"
      },
      "geometry": {
        "type": "Point",
        "coordinates": [-116.2758, 45.7961]
      }
    },
    {
      "type": "Feature",
      "properties": {
        "id": "irma-643806",
        "institution": [
          "National Park Service (NPS)"
        ],
        "collection": [
          "NPS - IRMA"
        ],
        "topic": [
          "1887-1902",
          "1896",
          "Chronology",
          "Mauna Loa Volcano",
          "Mokuaweoweo Caldera",
          "Volcanic Eruption"
        ],
        "format": "Published Report",
        "publishDate": "1903",
        "building": [
          "Hawaii Volcanoes National Park (HAVO)"
        ],
        "Title": "Hawaiian volcanoes",
        "Link": "https://irma.nps.gov/DataStore/Reference/Profile/643806"
      },
      "geometry": {
        "type": "Point",
        "coordinates": [-155.4073, 19.235]
      }
    },
    {
      "type": "Feature",
      "properties": {
        "id": "irma-85901",
        "institution": [
          "National Park Service (NPS)"
        ],
        "collection": [
          "NPS - IRMA"
        ],
        "topic": [
          "Geology Hydrology Soils",
          "geology sediments clays stratigraphy glacial drift"
        ],
        "format": "Published Report",
        "publishDate": "1903",
        "building": [
          "Fire Island National Seashore (FIIS)"
        ],
        "Title": "Notes on the geology of Long Island  Science  18:213-214",
        "Link": "https://irma.nps.gov/DataStore/Reference/Profile/85901"
      },
      "geometry": {
        "type": "Point",
        "coordinates": [-72.9943, 40.6918]
      }
    },
    {
      "type": "Feature",
      "properties": {
        "id": "irma-78405",
        "institution": [
          "National Park Service (NPS)"
        ],
        "collection": [
          "NPS - IRMA"
        ],
        "topic": [
          "Physical Sciences",
          "Wrangell-Saint Elias National Park and Preserve",
          "Wrangell-St. Elias National Park And Preserve"
        ],
        "format": "Published Report",
        "publishDate": "1903",
        "building": [
          "Wrangell-St. Elias National Park and Preserve (WRST)"
        ],
        "Title": "The Mineral resources of the Mount Wrangell district, Alaska",
        "Link": "https://irma.nps.gov/DataStore/Reference/Profile/78405"
      },
      "geometry": {
        "type": "Point",
        "coordinates": [-142.1319, 60.6918]
      }
    },
    {
      "type": "Feature",
      "properties": {
        "id": "irma-637007",
        "institution": [
          "National Park Service (NPS)"
        ],
        "collection": [
          "NPS - IRMA"
        ],
        "topic": [
          "East Molokai Volcano",
          "Fault",
          "Geology",
          "Ground Water",
          "Hawai'i",
          "Hydrology",
          "Index",
          "Landslide",
          "Mechanism",
          "Moloka'i"
        ],
        "format": "Published Report",
        "publishDate": "1903",
        "building": [
          "Hawaii Volcanoes National Park (HAVO)",
          "Kalaupapa National Historical Park (KALA)"
        ],
        "Title": "The water resources of Molokai, Hawaiian Islands",
        "Link": "https://irma.nps.gov/DataStore/Reference/Profile/637007"
      },
      "geometry": {
        "type": "MultiPoint",
        "coordinates": [
          [-155.4073, 19.235],
          [-156.9565, 21.1558]
        ]
      }
    },
    {
      "type": "Feature",
      "properties": {
        "id": "irma-101873",
        "institution": [
          "National Park Service (NPS)"
        ],
        "collection": [
          "NPS - IRMA"
        ],
        "topic": [
          "Bering Land Bridge National Preserve"
        ],
        "format": "Published Report",
        "publishDate": "1902",
        "building": [
          "Bering Land Bridge National Preserve (BELA)"
        ],
        "Title": "A Reconnaissance of the northwestern portion of Seward Peninsula, Alaska",
        "Link": "https://irma.nps.gov/DataStore/Reference/Profile/101873"
      },
      "geometry": {
        "type": "Point",
        "coordinates": [-165.1266, 66.2151]
      }
    },
    {
      "type": "Feature",
      "properties": {
        "id": "irma-62122",
        "institution": [
          "National Park Service (NPS)"
        ],
        "collection": [
          "NPS - IRMA"
        ],
        "topic": [
          "Aquatic Sciences",
          "Chemistry",
          "Discharge",
          "Geology",
          "History",
          "Hydrology(General)",
          "Hydrothermal Activity",
          "Inventory",
          "Photographs",
          "Travertine",
          "Tufa",
          "Water Analysis",
          "Water Flow",
          "Water Quality"
        ],
        "format": "Published Report",
        "publishDate": "1902",
        "building": [
          "Hot Springs National Park (HOSP)"
        ],
        "Title": "Analysis of the Waters of the Hot Springs on the Hot Springs Reservation, Garland County, Ark with methods of analysis employed and the medicinal value --  57th Cong, 1st sess, S Doc 282",
        "Link": "https://irma.nps.gov/DataStore/Reference/Profile/62122"
      },
      "geometry": {
        "type": "Point",
        "coordinates": [-93.0659, 34.5083]
      }
    },
    {
      "type": "Feature",
      "properties": {
        "id": "irma-81765",
        "institution": [
          "National Park Service (NPS)"
        ],
        "collection": [
          "NPS - IRMA"
        ],
        "topic": [
          "Hydrology",
          "Monitoring",
          "No Reports",
          "Oceanography",
          "Tides",
          "Water Resources"
        ],
        "format": "Published Report",
        "publishDate": "1902",
        "building": [
          "Assateague Island National Seashore (ASIS)"
        ],
        "Title": "National Ocean Service Water Level Observation Network",
        "Link": "https://irma.nps.gov/DataStore/Reference/Profile/81765"
      },
      "geometry": {
        "type": "Point",
        "coordinates": [-75.2496, 38.039]
      }
    },
    {
      "type": "Feature",
      "properties": {
        "id": "irma-564881",
        "institution": [
          "National Park Service (NPS)"
        ],
        "collection": [
          "NPS - IRMA"
        ],
        "topic": [
          "Abundance",
          "Arctic",
          "Caribou",
          "Dall Sheep",
          "Distribution",
          "Ecology (Aquatic Marine Terrestrial)",
          "Kobuk River",
          "Moose",
          "Vegetation"
        ],
        "format": "Published Report",
        "publishDate": "1902",
        "building": [
          "Gates of the Arctic National Park and Preserve (GAAR)",
          "Kobuk Valley National Park (KOVA)"
        ],
        "Title": "Reconnaissance from Fort Hamlin to Kotzebue Sound, Alaska, by way of Dall, Kanuti, Alatna, and Kowak Rivers",
        "Link": "https://irma.nps.gov/DataStore/Reference/Profile/564881"
      },
      "geometry": {
        "type": "MultiPoint",
        "coordinates": [
          [-153.3869, 67.869],
          [-159.0631, 67.2802]
        ]
      }
    },
    {
      "type": "Feature",
      "properties": {
        "id": "irma-104086",
        "institution": [
          "National Park Service (NPS)"
        ],
        "collection": [
          "NPS - IRMA"
        ],
        "topic": [
          "Athapaskan Indians",
          "Exploration",
          "Yukon-Charley Rivers National Preserve"
        ],
        "format": "Published Report",
        "publishDate": "1902",
        "building": [
          "Denali National Park and Preserve (DENA)",
          "Yukon-Charley Rivers National Preserve (YUCH)"
        ],
        "Title": "Report of the operations of the US revenue steamer Nunivak on the Yukon River station, Alaska, 1899-1901",
        "Link": "https://irma.nps.gov/DataStore/Reference/Profile/104086"
      },
      "geometry": {
        "type": "MultiPoint",
        "coordinates": [
          [-150.6029, 63.3183],
          [-142.5708, 65.1668]
        ]
      }
    },
    {
      "type": "Feature",
      "properties": {
        "id": "irma-92317",
        "institution": [
          "National Park Service (NPS)"
        ],
        "collection": [
          "NPS - IRMA"
        ],
        "topic": [
          "Geology Hydrology Soils",
          "geology topography coastal plain geography formations"
        ],
        "format": "Published Report",
        "publishDate": "1902",
        "building": [
          "Fire Island National Seashore (FIIS)"
        ],
        "Title": "The Physical Geography of New York State  Macmillon, New York, NY  397 pp",
        "Link": "https://irma.nps.gov/DataStore/Reference/Profile/92317"
      },
      "geometry": {
        "type": "Point",
        "coordinates": [-72.9943, 40.6918]
      }
    },
    {
      "type": "Feature",
      "properties": {
        "id": "irma-592414",
        "institution": [
          "National Park Service (NPS)"
        ],
        "collection": [
          "NPS - IRMA"
        ],
        "topic": [
          "American Samoa",
          "Culture",
          "History",
          "Samoa"
        ],
        "format": "Published Report",
        "publishDate": "1902",
        "building": [
          "National Park of American Samoa (NPSA)"
        ],
        "Title": "The Samoa islands:  An outline of a monograph with particular consideration of German Samoa",
        "Link": "https://irma.nps.gov/DataStore/Reference/Profile/592414"
      },
      "geometry": {
        "type": "Point",
        "coordinates": [-170.689, -14.259]
      }
    },
    {
      "type": "Feature",
      "properties": {
        "id": "irma-655510",
        "institution": [
          "National Park Service (NPS)"
        ],
        "collection": [
          "NPS - IRMA"
        ],
        "topic": [
          "No Keyword",
          "WRBIB"
        ],
        "format": "Published Report",
        "publishDate": "1902",
        "building": [
          "Hot Springs National Park (HOSP)",
          "Water Resources Division (WRD)"
        ],
        "Title": "The Hot Springs of Arkansas / report of an analysis of the waters of the Hot Springs on the Hot Springs Reservation, Hot Springs, Garland County, Ark...and geological sketch of Hot Springs, Arkansas",
        "Link": "https://irma.nps.gov/DataStore/Reference/Profile/655510"
      },
      "geometry": {
        "type": "Point",
        "coordinates": [-93.0659, 34.5083]
      }
    },
    {
      "type": "Feature",
      "properties": {
        "id": "irma-337355",
        "institution": [
          "National Park Service (NPS)"
        ],
        "collection": [
          "NPS - IRMA"
        ],
        "topic": [
          "No Keyword"
        ],
        "format": "Published Report",
        "publishDate": "1902",
        "building": [
          "Glacier National Park (GLAC)"
        ],
        "Title": "Title unknown",
        "Link": "https://irma.nps.gov/DataStore/Reference/Profile/337355"
      },
      "geometry": {
        "type": "Point",
        "coordinates": [-113.8587, 48.7468]
      }
    },
    {
      "type": "Feature",
      "properties": {
        "id": "irma-21246",
        "institution": [
          "National Park Service (NPS)"
        ],
        "collection": [
          "NPS - IRMA"
        ],
        "topic": [
          "Distribution",
          "Ecology",
          "Fish",
          "Growth",
          "Survey",
          "Taxonomy"
        ],
        "format": "Published Report",
        "publishDate": "1901",
        "building": [
          "Fire Island National Seashore (FIIS)"
        ],
        "Title": "Catalogue of the fishes of Long Island, with notes on their distribution, common names, habits, and rate of growth",
        "Link": "https://irma.nps.gov/DataStore/Reference/Profile/21246"
      },
      "geometry": {
        "type": "Point",
        "coordinates": [-72.9943, 40.6918]
      }
    },
    {
      "type": "Feature",
      "properties": {
        "id": "irma-2188429",
        "institution": [
          "National Park Service (NPS)"
        ],
        "collection": [
          "NPS - IRMA"
        ],
        "topic": [
          "Army",
          "Barrier",
          "Columbia River",
          "fortifications",
          "Frontier",
          "Indian tribes",
          "log barracks",
          "military post",
          "Settlers",
          "Soldiers",
          "Spokane River",
          "troops"
        ],
        "format": "Published Report",
        "publishDate": "1901",
        "building": [
          "Lake Roosevelt National Recreation Area (LARO)",
          "Pacific West Region (PWR)"
        ],
        "Title": "Fort Spokane: The Historic Landscape, A Design Proposal, Coulee Dam National Recreation Area, Lake Roosevelt National Recreation Area, National Park Service",
        "Link": "https://irma.nps.gov/DataStore/Reference/Profile/2188429"
      },
      "geometry": {
        "type": "Point",
        "coordinates": [-118.4347, 47.8407]
      }
    },
    {
      "type": "Feature",
      "properties": {
        "id": "irma-582268",
        "institution": [
          "National Park Service (NPS)"
        ],
        "collection": [
          "NPS - IRMA"
        ],
        "topic": [
          "Distribution",
          "Taxonomy",
          "Zoology"
        ],
        "format": "Published Report",
        "publishDate": "1901",
        "building": [
          "Ala Kahakai National Historic Trail (ALKA)",
          "Haleakala National Park (HALE)",
          "Hawaii Volcanoes National Park (HAVO)",
          "Kaloko-Honokohau National Historical Park (KAHO)",
          "Kalaupapa National Historical Park (KALA)",
          "Puukohola Heiau National Historic Site (PUHE)",
          "Pu'uhonua o Honaunau National Historical Park (PUHO)",
          "World War II Valor in the Pacific National Monument (VALR)"
        ],
        "Title": "Key to the Birds of the Hawaiian Group",
        "Link": "https://irma.nps.gov/DataStore/Reference/Profile/582268"
      },
      "geometry": {
        "type": "MultiPoint",
        "coordinates": [
          [-156.0255, 19.6788],
          [-156.1471, 20.7045],
          [-155.4073, 19.235],
          [-156.0313, 19.6782],
          [-156.9565, 21.1558],
          [-155.8207, 20.0276],
          [-155.8997, 19.409],
          [-157.9386, 21.3676]
        ]
      }
    },
    {
      "type": "Feature",
      "properties": {
        "id": "irma-75712",
        "institution": [
          "National Park Service (NPS)"
        ],
        "collection": [
          "NPS - IRMA"
        ],
        "topic": [
          "History",
          "Whitman Marcus",
          "Whitman Narcissa"
        ],
        "format": "Published Report",
        "publishDate": "1901",
        "building": [
          "Whitman Mission National Historic Site (WHMI)"
        ],
        "Title": "Marcus Whitman and the Early Days of Oregon",
        "Link": "https://irma.nps.gov/DataStore/Reference/Profile/75712"
      },
      "geometry": {
        "type": "Point",
        "coordinates": [-118.4655, 46.0426]
      }
    },
    {
      "type": "Feature",
      "properties": {
        "id": "irma-85983",
        "institution": [
          "National Park Service (NPS)"
        ],
        "collection": [
          "NPS - IRMA"
        ],
        "topic": [
          "Glaciers",
          "Glaciology"
        ],
        "format": "Published Report",
        "publishDate": "1901",
        "building": [
          "Glacier Bay National Park and Preserve (GLBA)"
        ],
        "Title": "Notes on the Pacific coast glaciers",
        "Link": "https://irma.nps.gov/DataStore/Reference/Profile/85983"
      },
      "geometry": {
        "type": "Point",
        "coordinates": [-136.8654, 58.7004]
      }
    },
    {
      "type": "Feature",
      "properties": {
        "id": "irma-638314",
        "institution": [
          "National Park Service (NPS)"
        ],
        "collection": [
          "NPS - IRMA"
        ],
        "topic": [
          "Hawaiian Archipelago"
        ],
        "format": "Published Report",
        "publishDate": "1901",
        "building": [
          "Hawaii Volcanoes National Park (HAVO)"
        ],
        "Title": "Report on the agricultural resources and capabilities of Hawaii",
        "Link": "https://irma.nps.gov/DataStore/Reference/Profile/638314"
      },
      "geometry": {
        "type": "Point",
        "coordinates": [-155.4073, 19.235]
      }
    },
    {
      "type": "Feature",
      "properties": {
        "id": "irma-605873",
        "institution": [
          "National Park Service (NPS)"
        ],
        "collection": [
          "NPS - IRMA"
        ],
        "topic": [
          "Alfred H Brooks",
          "Exploration",
          "Wrangell-Saint Elias National Park and Preserve",
          "Wrangell-St. Elias National Park And Preserve"
        ],
        "format": "Published Report",
        "publishDate": "1900",
        "building": [
          "Denali National Park and Preserve (DENA)",
          "Wrangell-St. Elias National Park and Preserve (WRST)"
        ],
        "Title": "A Reconnaissance in the Tanana and White River Basins, Alaska 1898",
        "Link": "https://irma.nps.gov/DataStore/Reference/Profile/605873"
      },
      "geometry": {
        "type": "MultiPoint",
        "coordinates": [
          [-150.6029, 63.3183],
          [-142.1319, 60.6918]
        ]
      }
    },
    {
      "type": "Feature",
      "properties": {
        "id": "irma-19082",
        "institution": [
          "National Park Service (NPS)"
        ],
        "collection": [
          "NPS - IRMA"
        ],
        "topic": [
          "Chief Joseph (Nez Perce Chief)",
          "Chief Lawyer (Nez Perce Chief)",
          "History",
          "The Nez Perce",
          "Treaties"
        ],
        "format": "Published Report",
        "publishDate": "1900",
        "building": [
          "Nez Perce National Historical Park (NEPE)"
        ],
        "Title": "A brief history of the Nes [ie Nez] Perces Indians",
        "Link": "https://irma.nps.gov/DataStore/Reference/Profile/19082"
      },
      "geometry": {
        "type": "Point",
        "coordinates": [-116.2758, 45.7961]
      }
    },
    {
      "type": "Feature",
      "properties": {
        "id": "irma-584791",
        "institution": [
          "National Park Service (NPS)"
        ],
        "collection": [
          "NPS - IRMA"
        ],
        "topic": [
          "Banding",
          "Falconiformes",
          "Field Techniques",
          "Haliaeetus leucocephalus",
          "Pacific Mountain System",
          "Southeastern"
        ],
        "format": "Published Report",
        "publishDate": "1900",
        "building": [
          "Glacier Bay National Park and Preserve (GLBA)",
          "Klondike Gold Rush National Historical Park (KLGO)",
          "Southeast Alaska Network (SEAN)",
          "Sitka National Historical Park (SITK)"
        ],
        "Title": "Capture, handling and banding of bald eagles",
        "Link": "https://irma.nps.gov/DataStore/Reference/Profile/584791"
      },
      "geometry": {
        "type": "MultiPoint",
        "coordinates": [
          [-136.8654, 58.7004],
          [-135.2926, 59.6316],
          [-135.3156, 57.047]
        ]
      }
    },
    {
      "type": "Feature",
      "properties": {
        "id": "irma-22886",
        "institution": [
          "National Park Service (NPS)"
        ],
        "collection": [
          "NPS - IRMA"
        ],
        "topic": [
          "Butterflies & Moths (Lepidoptera)",
          "Garland County",
          "Insect",
          "insect list",
          "Inventory"
        ],
        "format": "Published Report",
        "publishDate": "1900",
        "building": [
          "Hot Springs National Park (HOSP)"
        ],
        "Title": "Check List of Hot Springs Natl Pk Butterflies",
        "Link": "https://irma.nps.gov/DataStore/Reference/Profile/22886"
      },
      "geometry": {
        "type": "Point",
        "coordinates": [-93.0659, 34.5083]
      }
    },
    {
      "type": "Feature",
      "properties": {
        "id": "irma-177672",
        "institution": [
          "National Park Service (NPS)"
        ],
        "collection": [
          "NPS - IRMA"
        ],
        "topic": [
          "Birds",
          "Garland County",
          "Inventory"
        ],
        "format": "Published Report",
        "publishDate": "1900",
        "building": [
          "Hot Springs National Park (HOSP)"
        ],
        "Title": "Composite Bird Data",
        "Link": "https://irma.nps.gov/DataStore/Reference/Profile/177672"
      },
      "geometry": {
        "type": "Point",
        "coordinates": [-93.0659, 34.5083]
      }
    },
    {
      "type": "Feature",
      "properties": {
        "id": "irma-26323",
        "institution": [
          "National Park Service (NPS)"
        ],
        "collection": [
          "NPS - IRMA"
        ],
        "topic": [
          "Animal Studies",
          "Aquatic Sciences",
          "Physical Sciences",
          "Plant Studies",
          "Wrangell-Saint Elias National Park and Preserve",
          "Wrangell-St. Elias National Park And Preserve",
          "Yukon-Charley Rivers National Preserve"
        ],
        "format": "Published Report",
        "publishDate": "1900",
        "building": [
          "Wrangell-St. Elias National Park and Preserve (WRST)",
          "Yukon-Charley Rivers National Preserve (YUCH)"
        ],
        "Title": "Compilation of narratives of explorations in Alaska",
        "Link": "https://irma.nps.gov/DataStore/Reference/Profile/26323"
      },
      "geometry": {
        "type": "MultiPoint",
        "coordinates": [
          [-142.1319, 60.6918],
          [-142.5708, 65.1668]
        ]
      }
    },
    {
      "type": "Feature",
      "properties": {
        "id": "irma-43245",
        "institution": [
          "National Park Service (NPS)"
        ],
        "collection": [
          "NPS - IRMA"
        ],
        "topic": [
          "Physical Sciences",
          "Wrangell-Saint Elias National Park and Preserve",
          "Wrangell-St. Elias National Park And Preserve"
        ],
        "format": "Published Report",
        "publishDate": "1900",
        "building": [
          "Wrangell-St. Elias National Park and Preserve (WRST)"
        ],
        "Title": "Explorations in Alaska in 1898",
        "Link": "https://irma.nps.gov/DataStore/Reference/Profile/43245"
      },
      "geometry": {
        "type": "Point",
        "coordinates": [-142.1319, 60.6918]
      }
    },
    {
      "type": "Feature",
      "properties": {
        "id": "irma-64561",
        "institution": [
          "National Park Service (NPS)"
        ],
        "collection": [
          "NPS - IRMA"
        ],
        "topic": [
          "History",
          "Native Americans",
          "Politics",
          "Treaties"
        ],
        "format": "Published Report",
        "publishDate": "1900",
        "building": [
          "Nez Perce National Historical Park (NEPE)"
        ],
        "Title": "Indian affairs",
        "Link": "https://irma.nps.gov/DataStore/Reference/Profile/64561"
      },
      "geometry": {
        "type": "Point",
        "coordinates": [-116.2758, 45.7961]
      }
    },
    {
      "type": "Feature",
      "properties": {
        "id": "irma-583907",
        "institution": [
          "National Park Service (NPS)"
        ],
        "collection": [
          "NPS - IRMA"
        ],
        "topic": [
          "Administration",
          "Arctic",
          "Human Threats",
          "Management"
        ],
        "format": "Published Report",
        "publishDate": "1900",
        "building": [
          "Arctic Network (ARCN)",
          "Bering Land Bridge National Preserve (BELA)",
          "Cape Krusenstern National Monument (CAKR)",
          "Gates of the Arctic National Park and Preserve (GAAR)",
          "Kobuk Valley National Park (KOVA)",
          "Noatak National Preserve (NOAT)"
        ],
        "Title": "Man, birds, and arctic Alaskan development",
        "Link": "https://irma.nps.gov/DataStore/Reference/Profile/583907"
      },
      "geometry": {
        "type": "MultiPoint",
        "coordinates": [
          [-165.1266, 66.2151],
          [-163.4533, 67.4268],
          [-153.3869, 67.869],
          [-159.0631, 67.2802],
          [-159.3945, 68.1814]
        ]
      }
    },
    {
      "type": "Feature",
      "properties": {
        "id": "irma-78621",
        "institution": [
          "National Park Service (NPS)"
        ],
        "collection": [
          "NPS - IRMA"
        ],
        "topic": [
          "Boundaries",
          "Management",
          "Mines",
          "Mining"
        ],
        "format": "Published Report",
        "publishDate": "1900",
        "building": [
          "Craters of the Moon National Monument and Preserve (CRMO)"
        ],
        "Title": "Mining Claims",
        "Link": "https://irma.nps.gov/DataStore/Reference/Profile/78621"
      },
      "geometry": {
        "type": "Point",
        "coordinates": [-113.6268, 43.0189]
      }
    },
    {
      "type": "Feature",
      "properties": {
        "id": "irma-555055",
        "institution": [
          "National Park Service (NPS)"
        ],
        "collection": [
          "NPS - IRMA"
        ],
        "topic": [
          "Water Quality"
        ],
        "format": "Published Report",
        "publishDate": "1900",
        "building": [
          "Boston Harbor Islands National Recreation Area (BOHA)"
        ],
        "Title": "Report of the State Board of Health upon the discharge of sewage into Boston Harbor, 1900",
        "Link": "https://irma.nps.gov/DataStore/Reference/Profile/555055"
      },
      "geometry": {
        "type": "Point",
        "coordinates": [-70.8762, 42.2622]
      }
    },
    {
      "type": "Feature",
      "properties": {
        "id": "irma-555201",
        "institution": [
          "National Park Service (NPS)"
        ],
        "collection": [
          "NPS - IRMA"
        ],
        "topic": [
          "Boston Harbor",
          "Charles River",
          "Discharge",
          "Drainage",
          "Harbors",
          "Metropolitan Boston",
          "Quincy Bay",
          "Sewerage",
          "Sludge",
          "Urban",
          "Wastewater"
        ],
        "format": "Published Report",
        "publishDate": "1900",
        "building": [
          "Boston Harbor Islands National Recreation Area (BOHA)"
        ],
        "Title": "Report of the State Board Upon the Subject of Discharge of Sewage Into Boston Harbor",
        "Link": "https://irma.nps.gov/DataStore/Reference/Profile/555201"
      },
      "geometry": {
        "type": "Point",
        "coordinates": [-70.8762, 42.2622]
      }
    },
    {
      "type": "Feature",
      "properties": {
        "id": "irma-48248",
        "institution": [
          "National Park Service (NPS)"
        ],
        "collection": [
          "NPS - IRMA"
        ],
        "topic": [
          "Catholic Church",
          "History",
          "Saint Louis delegation",
          "The Flatheads",
          "The Nez Perce",
          "The Salish"
        ],
        "format": "Published Report",
        "publishDate": "1900",
        "building": [
          "Nez Perce National Historical Park (NEPE)"
        ],
        "Title": "The Flat-head and Nez Perce delegation to St Louis, 1831-1839",
        "Link": "https://irma.nps.gov/DataStore/Reference/Profile/48248"
      },
      "geometry": {
        "type": "Point",
        "coordinates": [-116.2758, 45.7961]
      }
    },
    {
      "type": "Feature",
      "properties": {
        "id": "irma-619767",
        "institution": [
          "National Park Service (NPS)"
        ],
        "collection": [
          "NPS - IRMA"
        ],
        "topic": [
          "CRBIB",
          "Valdez trail"
        ],
        "format": "Published Report",
        "publishDate": "1900",
        "building": [
          "Wrangell-St. Elias National Park and Preserve (WRST)"
        ],
        "Title": "Valdez trail: Valdez to Fairbanks",
        "Link": "https://irma.nps.gov/DataStore/Reference/Profile/619767"
      },
      "geometry": {
        "type": "Point",
        "coordinates": [-142.1319, 60.6918]
      }
    },
    {
      "type": "Feature",
      "properties": {
        "id": "irma-556300",
        "institution": [
          "National Park Service (NPS)"
        ],
        "collection": [
          "NPS - IRMA"
        ],
        "topic": [
          "Keywords Empty"
        ],
        "format": "Published Report",
        "publishDate": "1899",
        "building": [
          "Boston Harbor Islands National Recreation Area (BOHA)"
        ],
        "Title": "A list of maps and views of Boston and Boston harbor, 1633-1899",
        "Link": "https://irma.nps.gov/DataStore/Reference/Profile/556300"
      },
      "geometry": {
        "type": "Point",
        "coordinates": [-70.8762, 42.2622]
      }
    },
    {
      "type": "Feature",
      "properties": {
        "id": "irma-554585",
        "institution": [
          "National Park Service (NPS)"
        ],
        "collection": [
          "NPS - IRMA"
        ],
        "topic": [
          "Keywords Empty"
        ],
        "format": "Published Report",
        "publishDate": "1899",
        "building": [
          "Boston Harbor Islands National Recreation Area (BOHA)"
        ],
        "Title": "Geology of the Narragansett Basin",
        "Link": "https://irma.nps.gov/DataStore/Reference/Profile/554585"
      },
      "geometry": {
        "type": "Point",
        "coordinates": [-70.8762, 42.2622]
      }
    },
    {
      "type": "Feature",
      "properties": {
        "id": "irma-103827",
        "institution": [
          "National Park Service (NPS)"
        ],
        "collection": [
          "NPS - IRMA"
        ],
        "topic": [
          "Fort Spokane",
          "Historic Buildings & Structures",
          "Historic Documents",
          "History"
        ],
        "format": "Published Report",
        "publishDate": "1899",
        "building": [
          "Lake Roosevelt National Recreation Area (LARO)"
        ],
        "Title": "Report of Conditions of Buildings at Fort Spokane Washington at Date of Transfer  (Bib)",
        "Link": "https://irma.nps.gov/DataStore/Reference/Profile/103827"
      },
      "geometry": {
        "type": "Point",
        "coordinates": [-118.4347, 47.8407]
      }
    },
    {
      "type": "Feature",
      "properties": {
        "id": "irma-2178931",
        "institution": [
          "National Park Service (NPS)"
        ],
        "collection": [
          "NPS - IRMA"
        ],
        "topic": [
          "cobble beaches",
          "Geology",
          "Glacial Deposits",
          "Glaciers",
          "Isle Au Haut",
          "Mount Desert Island"
        ],
        "format": "Published Report",
        "publishDate": "1899",
        "building": [
          "Acadia National Park (ACAD)"
        ],
        "Title": "The glacial gravels of Maine and their associated deposits",
        "Link": "https://irma.nps.gov/DataStore/Reference/Profile/2178931"
      },
      "geometry": {
        "type": "Point",
        "coordinates": [-68.2397, 44.3594]
      }
    },
    {
      "type": "Feature",
      "properties": {
        "id": "irma-56470",
        "institution": [
          "National Park Service (NPS)"
        ],
        "collection": [
          "NPS - IRMA"
        ],
        "topic": [
          "Yukon-Charley Rivers National Preserve"
        ],
        "format": "Published Report",
        "publishDate": "1898",
        "building": [
          "Yukon-Charley Rivers National Preserve (YUCH)"
        ],
        "Title": "Gold fields of Alaska : Klondike gold fields and Northwest Territory",
        "Link": "https://irma.nps.gov/DataStore/Reference/Profile/56470"
      },
      "geometry": {
        "type": "Point",
        "coordinates": [-142.5708, 65.1668]
      }
    },
    {
      "type": "Feature",
      "properties": {
        "id": "irma-137303",
        "institution": [
          "National Park Service (NPS)"
        ],
        "collection": [
          "NPS - IRMA"
        ],
        "topic": [
          "No Keyword"
        ],
        "format": "Published Report",
        "publishDate": "1898",
        "building": [
          "Whitman Mission National Historic Site (WHMI)"
        ],
        "Title": "The Whitman Anniversary 56 p",
        "Link": "https://irma.nps.gov/DataStore/Reference/Profile/137303"
      },
      "geometry": {
        "type": "Point",
        "coordinates": [-118.4655, 46.0426]
      }
    },
    {
      "type": "Feature",
      "properties": {
        "id": "irma-70891",
        "institution": [
          "National Park Service (NPS)"
        ],
        "collection": [
          "NPS - IRMA"
        ],
        "topic": [
          "Fossils",
          "Paleontology",
          "Plants"
        ],
        "format": "Published Report",
        "publishDate": "1898",
        "building": [
          "John Day Fossil Beds National Monument (JODA)"
        ],
        "Title": "The Later Extinct Floras of North America",
        "Link": "https://irma.nps.gov/DataStore/Reference/Profile/70891"
      },
      "geometry": {
        "type": "Point",
        "coordinates": [-119.6492, 44.5381]
      }
    },
    {
      "type": "Feature",
      "properties": {
        "id": "irma-2178804",
        "institution": [
          "National Park Service (NPS)"
        ],
        "collection": [
          "NPS - IRMA"
        ],
        "topic": [
          "Birds (Aves)",
          "Checklist",
          "Distribution",
          "Inventory (Baseline)",
          "Maine"
        ],
        "format": "Published Report",
        "publishDate": "1897",
        "building": [
          "Acadia National Park (ACAD)"
        ],
        "Title": "A list of the birds of Maine : showing their distribution by counties and their status in each county",
        "Link": "https://irma.nps.gov/DataStore/Reference/Profile/2178804"
      },
      "geometry": {
        "type": "Point",
        "coordinates": [-68.2397, 44.3594]
      }
    },
    {
      "type": "Feature",
      "properties": {
        "id": "irma-56084",
        "institution": [
          "National Park Service (NPS)"
        ],
        "collection": [
          "NPS - IRMA"
        ],
        "topic": [
          "Anthropology",
          "History",
          "Hoonah",
          "Inventory and Monitoring (I&M)",
          "Management",
          "Native",
          "Natural Resource",
          "Subsistence",
          "Tlingit",
          "village site"
        ],
        "format": "Published Report",
        "publishDate": "1892",
        "building": [
          "Glacier Bay National Park and Preserve (GLBA)"
        ],
        "Title": "Glacier Bay",
        "Link": "https://irma.nps.gov/DataStore/Reference/Profile/56084"
      },
      "geometry": {
        "type": "Point",
        "coordinates": [-136.8654, 58.7004]
      }
    },
    {
      "type": "Feature",
      "properties": {
        "id": "irma-64570",
        "institution": [
          "National Park Service (NPS)"
        ],
        "collection": [
          "NPS - IRMA"
        ],
        "topic": [
          "History",
          "Native Americans",
          "Treaties",
          "tribal government",
          "Walla Walla Council"
        ],
        "format": "Published Report",
        "publishDate": "1897",
        "building": [
          "Whitman Mission National Historic Site (WHMI)"
        ],
        "Title": "Indian Council at Walla Walla, 1855",
        "Link": "https://irma.nps.gov/DataStore/Reference/Profile/64570"
      },
      "geometry": {
        "type": "Point",
        "coordinates": [-118.4655, 46.0426]
      }
    },
    {
      "type": "Feature",
      "properties": {
        "id": "irma-564754",
        "institution": [
          "National Park Service (NPS)"
        ],
        "collection": [
          "NPS - IRMA"
        ],
        "topic": [
          "Arctic",
          "Arctic Coastal Plain",
          "Caribou",
          "Decline",
          "Distribution",
          "Mammals",
          "Northwest Alaska",
          "Population"
        ],
        "format": "Published Report",
        "publishDate": "1897",
        "building": [
          "Bering Land Bridge National Preserve (BELA)",
          "Cape Krusenstern National Monument (CAKR)",
          "Gates of the Arctic National Park and Preserve (GAAR)",
          "Kobuk Valley National Park (KOVA)",
          "Noatak National Preserve (NOAT)"
        ],
        "Title": "Report on Introduction of Domestic Reindeer into Alaska",
        "Link": "https://irma.nps.gov/DataStore/Reference/Profile/564754"
      },
      "geometry": {
        "type": "MultiPoint",
        "coordinates": [
          [-165.1266, 66.2151],
          [-163.4533, 67.4268],
          [-153.3869, 67.869],
          [-159.0631, 67.2802],
          [-159.3945, 68.1814]
        ]
      }
    },
    {
      "type": "Feature",
      "properties": {
        "id": "irma-118872",
        "institution": [
          "National Park Service (NPS)"
        ],
        "collection": [
          "NPS - IRMA"
        ],
        "topic": [
          "Archeology",
          "burial sites"
        ],
        "format": "Published Report",
        "publishDate": "1897",
        "building": [
          "Lake Roosevelt National Recreation Area (LARO)"
        ],
        "Title": "Steps to Be Taken for a New Burial Site - Northport Smelter Taking Present Ground  (Bib)",
        "Link": "https://irma.nps.gov/DataStore/Reference/Profile/118872"
      },
      "geometry": {
        "type": "Point",
        "coordinates": [-118.4347, 47.8407]
      }
    },
    {
      "type": "Feature",
      "properties": {
        "id": "irma-592372",
        "institution": [
          "National Park Service (NPS)"
        ],
        "collection": [
          "NPS - IRMA"
        ],
        "topic": [
          "Alaska",
          "Botany",
          "Flora",
          "NPSpecies",
          "Plant Studies",
          "Presence (Biodiversity)",
          "Vascular Plants",
          "Vegetation",
          "Vouchers",
          "Wrangell-St. Elias National Park and Preserve AK",
          "Yakutat",
          "Yakutat Bay"
        ],
        "format": "Published Report",
        "publishDate": "1896",
        "building": [
          "Wrangell-St. Elias National Park and Preserve (WRST)"
        ],
        "Title": "Botany of Yakutat Bay, Alaska",
        "Link": "https://irma.nps.gov/DataStore/Reference/Profile/592372"
      },
      "geometry": {
        "type": "Point",
        "coordinates": [-142.1319, 60.6918]
      }
    },
    {
      "type": "Feature",
      "properties": {
        "id": "irma-49230",
        "institution": [
          "National Park Service (NPS)"
        ],
        "collection": [
          "NPS - IRMA"
        ],
        "topic": [
          "Cultural Historical",
          "Floyd Family genealogy historical acct history descendants"
        ],
        "format": "Published Report",
        "publishDate": "1896",
        "building": [
          "Fire Island National Seashore (FIIS)"
        ],
        "Title": "Floyd Genealogy, Six Generations - Descendants of William Floyd of Mastic, Long Island, one of the signers of the Declaration of Independence A family record brought down to 1896",
        "Link": "https://irma.nps.gov/DataStore/Reference/Profile/49230"
      },
      "geometry": {
        "type": "Point",
        "coordinates": [-72.9943, 40.6918]
      }
    },
    {
      "type": "Feature",
      "properties": {
        "id": "irma-558878",
        "institution": [
          "National Park Service (NPS)"
        ],
        "collection": [
          "NPS - IRMA"
        ],
        "topic": [
          "Exploration",
          "History",
          "Olympic National Park",
          "The O'Neil Expedition"
        ],
        "format": "Published Report",
        "publishDate": "1896",
        "building": [
          "Olympic National Park (OLYM)"
        ],
        "Title": "Letter from the Assistand Adjutant-General Transmitting Copy of the Report of Lieut. Joseph ONeil, Fourteenth Infantry, of his Exploration of the Olympic Mountains, Washington from June to October 1890",
        "Link": "https://irma.nps.gov/DataStore/Reference/Profile/558878"
      },
      "geometry": {
        "type": "Point",
        "coordinates": [-123.6996, 47.7886]
      }
    },
    {
      "type": "Feature",
      "properties": {
        "id": "irma-32281",
        "institution": [
          "National Park Service (NPS)"
        ],
        "collection": [
          "NPS - IRMA"
        ],
        "topic": [
          "Ethnology",
          "Language & Linguistics",
          "The Nez Perce"
        ],
        "format": "Published Report",
        "publishDate": "1895",
        "building": [
          "Nez Perce National Historical Park (NEPE)"
        ],
        "Title": "A Dictionary of the Numipu or Nez Perce Language, Part I: English - Nez Perce",
        "Link": "https://irma.nps.gov/DataStore/Reference/Profile/32281"
      },
      "geometry": {
        "type": "Point",
        "coordinates": [-116.2758, 45.7961]
      }
    },
    {
      "type": "Feature",
      "properties": {
        "id": "irma-53892",
        "institution": [
          "National Park Service (NPS)"
        ],
        "collection": [
          "NPS - IRMA"
        ],
        "topic": [
          "Physical Sciences"
        ],
        "format": "Published Report",
        "publishDate": "1895",
        "building": [
          "Hagerman Fossil Beds National Monument (HAFO)"
        ],
        "Title": "A geological reconnaissance across Idaho",
        "Link": "https://irma.nps.gov/DataStore/Reference/Profile/53892"
      },
      "geometry": {
        "type": "Point",
        "coordinates": [-114.9397, 42.7643]
      }
    },
    {
      "type": "Feature",
      "properties": {
        "id": "irma-582312",
        "institution": [
          "National Park Service (NPS)"
        ],
        "collection": [
          "NPS - IRMA"
        ],
        "topic": [
          "Anthropology",
          "Coastal",
          "Cultural",
          "Native",
          "Tlingit",
          "Tsimshian"
        ],
        "format": "Published Report",
        "publishDate": "1890",
        "building": [
          "Glacier Bay National Park and Preserve (GLBA)",
          "Southeast Alaska Network (SEAN)"
        ],
        "Title": "Coast Indians of southern Alaska and northern British Columbia",
        "Link": "https://irma.nps.gov/DataStore/Reference/Profile/582312"
      },
      "geometry": {
        "type": "Point",
        "coordinates": [-136.8654, 58.7004]
      }
    },
    {
      "type": "Feature",
      "properties": {
        "id": "irma-62270",
        "institution": [
          "National Park Service (NPS)"
        ],
        "collection": [
          "NPS - IRMA"
        ],
        "topic": [
          "Biography",
          "History",
          "Whitman Marcus",
          "Whitman Narcissa"
        ],
        "format": "Published Report",
        "publishDate": "1895",
        "building": [
          "Whitman Mission National Historic Site (WHMI)"
        ],
        "Title": "How Marcus Whitman Saved Oregon",
        "Link": "https://irma.nps.gov/DataStore/Reference/Profile/62270"
      },
      "geometry": {
        "type": "Point",
        "coordinates": [-118.4655, 46.0426]
      }
    },
    {
      "type": "Feature",
      "properties": {
        "id": "irma-108140",
        "institution": [
          "National Park Service (NPS)"
        ],
        "collection": [
          "NPS - IRMA"
        ],
        "topic": [
          "Aquatic Science",
          "Flow (Streamflow)",
          "Hydrology",
          "Otowi gauging station Rio Grande River NM",
          "Rivers & Streams"
        ],
        "format": "Published Report",
        "publishDate": "1895",
        "building": [
          "Bandelier National Monument (BAND)"
        ],
        "Title": "River flow rate at the Otowi Gauge",
        "Link": "https://irma.nps.gov/DataStore/Reference/Profile/108140"
      },
      "geometry": {
        "type": "Point",
        "coordinates": [-106.3573, 35.8188]
      }
    },
    {
      "type": "Feature",
      "properties": {
        "id": "irma-119077",
        "institution": [
          "National Park Service (NPS)"
        ],
        "collection": [
          "NPS - IRMA"
        ],
        "topic": [
          "History",
          "Missions",
          "Whitman Marcus"
        ],
        "format": "Published Report",
        "publishDate": "1895",
        "building": [
          "Whitman Mission National Historic Site (WHMI)"
        ],
        "Title": "The Story of Marcus Whitman: Early Protestant Missions in the Northwest",
        "Link": "https://irma.nps.gov/DataStore/Reference/Profile/119077"
      },
      "geometry": {
        "type": "Point",
        "coordinates": [-118.4655, 46.0426]
      }
    },
    {
      "type": "Feature",
      "properties": {
        "id": "irma-125370",
        "institution": [
          "National Park Service (NPS)"
        ],
        "collection": [
          "NPS - IRMA"
        ],
        "topic": [
          "Chemistry",
          "Effigy Mounds National Monument Harpers Ferry Iowa",
          "Geology",
          "Minerals",
          "Rocks"
        ],
        "format": "Published Report",
        "publishDate": "1895",
        "building": [
          "Effigy Mounds National Monument (EFMO)"
        ],
        "Title": "Thickness Of The Paleozoic Strata",
        "Link": "https://irma.nps.gov/DataStore/Reference/Profile/125370"
      },
      "geometry": {
        "type": "Point",
        "coordinates": [-91.2078, 43.0915]
      }
    },
    {
      "type": "Feature",
      "properties": {
        "id": "irma-637755",
        "institution": [
          "National Park Service (NPS)"
        ],
        "collection": [
          "NPS - IRMA"
        ],
        "topic": [
          "Gravity",
          "Hawaii (Big Island)",
          "Hawaiian Archipelago",
          "Magnetism",
          "Mauna Kea Volcano",
          "Mauna Loa Volcano",
          "Non-Seismic Geophysics"
        ],
        "format": "Published Report",
        "publishDate": "1894",
        "building": [
          "Hawaii Volcanoes National Park (HAVO)"
        ],
        "Title": "Determinations of latitude, gravity, and the magnetic elements at stations in the Hawaiian Islands",
        "Link": "https://irma.nps.gov/DataStore/Reference/Profile/637755"
      },
      "geometry": {
        "type": "Point",
        "coordinates": [-155.4073, 19.235]
      }
    },
    {
      "type": "Feature",
      "properties": {
        "id": "irma-54461",
        "institution": [
          "National Park Service (NPS)"
        ],
        "collection": [
          "NPS - IRMA"
        ],
        "topic": [
          "Allamakee County",
          "Effigy Mounds National Monument Harpers Ferry Iowa",
          "Geology",
          "Trees"
        ],
        "format": "Published Report",
        "publishDate": "1894",
        "building": [
          "Effigy Mounds National Monument (EFMO)"
        ],
        "Title": "Geology Of Allamakee County Iowa Geological Survey",
        "Link": "https://irma.nps.gov/DataStore/Reference/Profile/54461"
      },
      "geometry": {
        "type": "Point",
        "coordinates": [-91.2078, 43.0915]
      }
    },
    {
      "type": "Feature",
      "properties": {
        "id": "irma-62117",
        "institution": [
          "National Park Service (NPS)"
        ],
        "collection": [
          "NPS - IRMA"
        ],
        "topic": [
          "Climate",
          "Climatology",
          "Garland County",
          "History"
        ],
        "format": "Published Report",
        "publishDate": "1894",
        "building": [
          "Hot Springs National Park (HOSP)"
        ],
        "Title": "Hot Springs National Park Listing of Comments on the Weather from the Superintendents Monthly and Annual Reports",
        "Link": "https://irma.nps.gov/DataStore/Reference/Profile/62117"
      },
      "geometry": {
        "type": "Point",
        "coordinates": [-93.0659, 34.5083]
      }
    },
    {
      "type": "Feature",
      "properties": {
        "id": "irma-637379",
        "institution": [
          "National Park Service (NPS)"
        ],
        "collection": [
          "NPS - IRMA"
        ],
        "topic": [
          "Density",
          "Hawaii (Big Island)",
          "Lava Flow",
          "Mauna Kea Volcano",
          "Physical Properties"
        ],
        "format": "Published Report",
        "publishDate": "1894",
        "building": [
          "Hawaii Volcanoes National Park (HAVO)"
        ],
        "Title": "On the rocks of Mauna Kea",
        "Link": "https://irma.nps.gov/DataStore/Reference/Profile/637379"
      },
      "geometry": {
        "type": "Point",
        "coordinates": [-155.4073, 19.235]
      }
    },
    {
      "type": "Feature",
      "properties": {
        "id": "irma-564753",
        "institution": [
          "National Park Service (NPS)"
        ],
        "collection": [
          "NPS - IRMA"
        ],
        "topic": [
          "Arctic",
          "Arctic Coastal Plain",
          "Caribou",
          "Decline",
          "Distribution",
          "Mammals",
          "Northwest Alaska",
          "Population"
        ],
        "format": "Published Report",
        "publishDate": "1894",
        "building": [
          "Bering Land Bridge National Preserve (BELA)",
          "Cape Krusenstern National Monument (CAKR)",
          "Gates of the Arctic National Park and Preserve (GAAR)",
          "Kobuk Valley National Park (KOVA)",
          "Noatak National Preserve (NOAT)"
        ],
        "Title": "Report on Introduction of Domestic Reindeer into Alaska",
        "Link": "https://irma.nps.gov/DataStore/Reference/Profile/564753"
      },
      "geometry": {
        "type": "MultiPoint",
        "coordinates": [
          [-165.1266, 66.2151],
          [-163.4533, 67.4268],
          [-153.3869, 67.869],
          [-159.0631, 67.2802],
          [-159.3945, 68.1814]
        ]
      }
    },
    {
      "type": "Feature",
      "properties": {
        "id": "irma-29570",
        "institution": [
          "National Park Service (NPS)"
        ],
        "collection": [
          "NPS - IRMA"
        ],
        "topic": [
          "Fiction",
          "The Nez Perce"
        ],
        "format": "Published Report",
        "publishDate": "1894",
        "building": [
          "Nez Perce National Historical Park (NEPE)"
        ],
        "Title": "The daughter of the Nez Perces",
        "Link": "https://irma.nps.gov/DataStore/Reference/Profile/29570"
      },
      "geometry": {
        "type": "Point",
        "coordinates": [-116.2758, 45.7961]
      }
    },
    {
      "type": "Feature",
      "properties": {
        "id": "irma-9564",
        "institution": [
          "National Park Service (NPS)"
        ],
        "collection": [
          "NPS - IRMA"
        ],
        "topic": [
          "Aquatic Sciences",
          "Chemistry",
          "Geology",
          "Inventory",
          "Tufa",
          "Water Quality",
          "Water Quantity",
          "Water Temperature"
        ],
        "format": "Published Report",
        "publishDate": "1892",
        "building": [
          "Hot Springs National Park (HOSP)"
        ],
        "Title": "Annual Report of the Geological Survey of Arkansas for 1891 Volume I: The Mineral Waters of Arkansas",
        "Link": "https://irma.nps.gov/DataStore/Reference/Profile/9564"
      },
      "geometry": {
        "type": "Point",
        "coordinates": [-93.0659, 34.5083]
      }
    },
    {
      "type": "Feature",
      "properties": {
        "id": "irma-46970",
        "institution": [
          "National Park Service (NPS)"
        ],
        "collection": [
          "NPS - IRMA"
        ],
        "topic": [
          "cholera quarantine public health land-use historical acct",
          "Cultural Historical"
        ],
        "format": "Published Report",
        "publishDate": "1892",
        "building": [
          "Fire Island National Seashore (FIIS)"
        ],
        "Title": "Fire Island used as cholera quarantine station  Various New York newspapers (retyped clippings), available at US Department of Interior, National Park Service, Fire Island National Seashore, Patchogue, NY  18 pp",
        "Link": "https://irma.nps.gov/DataStore/Reference/Profile/46970"
      },
      "geometry": {
        "type": "Point",
        "coordinates": [-72.9943, 40.6918]
      }
    },
    {
      "type": "Feature",
      "properties": {
        "id": "irma-89661",
        "institution": [
          "National Park Service (NPS)"
        ],
        "collection": [
          "NPS - IRMA"
        ],
        "topic": [
          "Ethnology",
          "Historical Narrative",
          "Legends",
          "The Nez Perce"
        ],
        "format": "Published Report",
        "publishDate": "1892",
        "building": [
          "Nez Perce National Historical Park (NEPE)"
        ],
        "Title": "Papers, 1892-1956",
        "Link": "https://irma.nps.gov/DataStore/Reference/Profile/89661"
      },
      "geometry": {
        "type": "Point",
        "coordinates": [-116.2758, 45.7961]
      }
    },
    {
      "type": "Feature",
      "properties": {
        "id": "irma-86084",
        "institution": [
          "National Park Service (NPS)"
        ],
        "collection": [
          "NPS - IRMA"
        ],
        "topic": [
          "Arkansas",
          "Geology",
          "novaculite"
        ],
        "format": "Published Report",
        "publishDate": "1892",
        "building": [
          "Hot Springs National Park (HOSP)"
        ],
        "Title": "The Novaculite of Arkansas, Ark Geological Survey Annual Report for l890",
        "Link": "https://irma.nps.gov/DataStore/Reference/Profile/86084"
      },
      "geometry": {
        "type": "Point",
        "coordinates": [-93.0659, 34.5083]
      }
    },
    {
      "type": "Feature",
      "properties": {
        "id": "irma-56655",
        "institution": [
          "National Park Service (NPS)"
        ],
        "collection": [
          "NPS - IRMA"
        ],
        "topic": [
          "Ethnology",
          "Language & Linguistics",
          "The Nez Perce"
        ],
        "format": "Published Report",
        "publishDate": "1891",
        "building": [
          "Nez Perce National Historical Park (NEPE)"
        ],
        "Title": "Grammatica Linguae Numipu",
        "Link": "https://irma.nps.gov/DataStore/Reference/Profile/56655"
      },
      "geometry": {
        "type": "Point",
        "coordinates": [-116.2758, 45.7961]
      }
    },
    {
      "type": "Feature",
      "properties": {
        "id": "irma-643404",
        "institution": [
          "National Park Service (NPS)"
        ],
        "collection": [
          "NPS - IRMA"
        ],
        "topic": [
          "Fountain",
          "Gas",
          "Hawaii (Big Island)",
          "Kilauea Volcano",
          "Magmatic Differentiation",
          "Mauna Loa Volcano",
          "Mechanism"
        ],
        "format": "Published Report",
        "publishDate": "1890",
        "building": [
          "Hawaii Volcanoes National Park (HAVO)"
        ],
        "Title": "Notice of Prof. Jas. D. Dana's 'Characteristics of volcanoes'",
        "Link": "https://irma.nps.gov/DataStore/Reference/Profile/643404"
      },
      "geometry": {
        "type": "Point",
        "coordinates": [-155.4073, 19.235]
      }
    },
    {
      "type": "Feature",
      "properties": {
        "id": "irma-122188",
        "institution": [
          "National Park Service (NPS)"
        ],
        "collection": [
          "NPS - IRMA"
        ],
        "topic": [
          "Cultural Historical",
          "Floyd Family memoirs historical acct anecdotes cultural res"
        ],
        "format": "Published Report",
        "publishDate": "1890",
        "building": [
          "Fire Island National Seashore (FIIS)"
        ],
        "Title": "Sunny memories of Mastic William Floyd House  Unpublished, available at US Department of Interior, National Park Service, Fire Island National Seashore, William Floyd Estate, Mastic Beach, NY  160 pp",
        "Link": "https://irma.nps.gov/DataStore/Reference/Profile/122188"
      },
      "geometry": {
        "type": "Point",
        "coordinates": [-72.9943, 40.6918]
      }
    },
    {
      "type": "Feature",
      "properties": {
        "id": "irma-2178897",
        "institution": [
          "National Park Service (NPS)"
        ],
        "collection": [
          "NPS - IRMA"
        ],
        "topic": [
          "Geology"
        ],
        "format": "Published Report",
        "publishDate": "1889",
        "building": [
          "Acadia National Park (ACAD)"
        ],
        "Title": "Geology of Mount Desert; 8th annual report of the USGS, part II",
        "Link": "https://irma.nps.gov/DataStore/Reference/Profile/2178897"
      },
      "geometry": {
        "type": "Point",
        "coordinates": [-68.2397, 44.3594]
      }
    },
    {
      "type": "Feature",
      "properties": {
        "id": "irma-68080",
        "institution": [
          "National Park Service (NPS)"
        ],
        "collection": [
          "NPS - IRMA"
        ],
        "topic": [
          "Exploration",
          "History",
          "Princeton Expedition"
        ],
        "format": "Published Report",
        "publishDate": "1889",
        "building": [
          "John Day Fossil Beds National Monument (JODA)"
        ],
        "Title": "Journal of the Princeton Scientific Expedition of 1889",
        "Link": "https://irma.nps.gov/DataStore/Reference/Profile/68080"
      },
      "geometry": {
        "type": "Point",
        "coordinates": [-119.6492, 44.5381]
      }
    },
    {
      "type": "Feature",
      "properties": {
        "id": "irma-71371",
        "institution": [
          "National Park Service (NPS)"
        ],
        "collection": [
          "NPS - IRMA"
        ],
        "topic": [
          "History",
          "Langford land claim",
          "Missions"
        ],
        "format": "Published Report",
        "publishDate": "1889",
        "building": [
          "Nez Perce National Historical Park (NEPE)"
        ],
        "Title": "Letter from the Secretary of the Interior, transmitting in response to Senate resolution of March 30, 1889, a report on the Langford land claim",
        "Link": "https://irma.nps.gov/DataStore/Reference/Profile/71371"
      },
      "geometry": {
        "type": "Point",
        "coordinates": [-116.2758, 45.7961]
      }
    },
    {
      "type": "Feature",
      "properties": {
        "id": "irma-85572",
        "institution": [
          "National Park Service (NPS)"
        ],
        "collection": [
          "NPS - IRMA"
        ],
        "topic": [
          "Biography",
          "Diaries-Journals",
          "fossil collecting",
          "History"
        ],
        "format": "Published Report",
        "publishDate": "1889",
        "building": [
          "John Day Fossil Beds National Monument (JODA)"
        ],
        "Title": "Notes for an autobiography",
        "Link": "https://irma.nps.gov/DataStore/Reference/Profile/85572"
      },
      "geometry": {
        "type": "Point",
        "coordinates": [-119.6492, 44.5381]
      }
    },
    {
      "type": "Feature",
      "properties": {
        "id": "irma-104047",
        "institution": [
          "National Park Service (NPS)"
        ],
        "collection": [
          "NPS - IRMA"
        ],
        "topic": [
          "Kobuk Valley National Park",
          "Noatak National Preserve"
        ],
        "format": "Published Report",
        "publishDate": "1889",
        "building": [
          "Kobuk Valley National Park (KOVA)",
          "Noatak National Preserve (NOAT)"
        ],
        "Title": "Report of the cruise of the revenue marine steamer Corwin in the Arctic Ocean in the year 1884",
        "Link": "https://irma.nps.gov/DataStore/Reference/Profile/104047"
      },
      "geometry": {
        "type": "MultiPoint",
        "coordinates": [
          [-159.0631, 67.2802],
          [-159.3945, 68.1814]
        ]
      }
    },
    {
      "type": "Feature",
      "properties": {
        "id": "irma-643342",
        "institution": [
          "National Park Service (NPS)"
        ],
        "collection": [
          "NPS - IRMA"
        ],
        "topic": [
          "1889",
          "Halemaumau Crater",
          "Kilauea Volcano"
        ],
        "format": "Published Report",
        "publishDate": "1889",
        "building": [
          "Hawaii Volcanoes National Park (HAVO)"
        ],
        "Title": "The great volcano of Kilauea, Hawaiian Islands",
        "Link": "https://irma.nps.gov/DataStore/Reference/Profile/643342"
      },
      "geometry": {
        "type": "Point",
        "coordinates": [-155.4073, 19.235]
      }
    },
    {
      "type": "Feature",
      "properties": {
        "id": "irma-11362",
        "institution": [
          "National Park Service (NPS)"
        ],
        "collection": [
          "NPS - IRMA"
        ],
        "topic": [
          "Arkansas",
          "Checklist",
          "Plant Studies"
        ],
        "format": "Published Report",
        "publishDate": "1888",
        "building": [
          "Hot Springs National Park (HOSP)"
        ],
        "Title": "Arkansas Geological Survey for l888  Vol IV Plantlist",
        "Link": "https://irma.nps.gov/DataStore/Reference/Profile/11362"
      },
      "geometry": {
        "type": "Point",
        "coordinates": [-93.0659, 34.5083]
      }
    },
    {
      "type": "Feature",
      "properties": {
        "id": "irma-2178988",
        "institution": [
          "National Park Service (NPS)"
        ],
        "collection": [
          "NPS - IRMA"
        ],
        "topic": [
          "Historical Survey",
          "Mount Desert Island"
        ],
        "format": "Published Report",
        "publishDate": "1888",
        "building": [
          "Acadia National Park (ACAD)"
        ],
        "Title": "Bar Harbor and Mount Desert Island",
        "Link": "https://irma.nps.gov/DataStore/Reference/Profile/2178988"
      },
      "geometry": {
        "type": "Point",
        "coordinates": [-68.2397, 44.3594]
      }
    },
    {
      "type": "Feature",
      "properties": {
        "id": "irma-567757",
        "institution": [
          "National Park Service (NPS)"
        ],
        "collection": [
          "NPS - IRMA"
        ],
        "topic": [
          "Boating",
          "Planning",
          "Planting",
          "Revegetation"
        ],
        "format": "Published Report",
        "publishDate": "1888",
        "building": [
          "Boston Harbor Islands National Recreation Area (BOHA)"
        ],
        "Title": "Report of the landscape architect advisory",
        "Link": "https://irma.nps.gov/DataStore/Reference/Profile/567757"
      },
      "geometry": {
        "type": "Point",
        "coordinates": [-70.8762, 42.2622]
      }
    },
    {
      "type": "Feature",
      "properties": {
        "id": "irma-564757",
        "institution": [
          "National Park Service (NPS)"
        ],
        "collection": [
          "NPS - IRMA"
        ],
        "topic": [
          "Avian",
          "Birds",
          "Distribution",
          "Ecology",
          "Fish",
          "Insects",
          "Inventory Natural Resources",
          "Lepidoptera",
          "Mammals"
        ],
        "format": "Published Report",
        "publishDate": "1887",
        "building": [
          "Bering Land Bridge National Preserve (BELA)",
          "Cape Krusenstern National Monument (CAKR)",
          "Denali National Park and Preserve (DENA)",
          "Gates of the Arctic National Park and Preserve (GAAR)",
          "Glacier Bay National Park and Preserve (GLBA)",
          "Klondike Gold Rush National Historical Park (KLGO)",
          "Kobuk Valley National Park (KOVA)",
          "Noatak National Preserve (NOAT)",
          "Sitka National Historical Park (SITK)",
          "Wrangell-St. Elias National Park and Preserve (WRST)",
          "Yukon-Charley Rivers National Preserve (YUCH)"
        ],
        "Title": "Report Upon Natural History Collections Made in Alaska Between the Years 1877 and 1881",
        "Link": "https://irma.nps.gov/DataStore/Reference/Profile/564757"
      },
      "geometry": {
        "type": "MultiPoint",
        "coordinates": [
          [-165.1266, 66.2151],
          [-163.4533, 67.4268],
          [-150.6029, 63.3183],
          [-153.3869, 67.869],
          [-136.8654, 58.7004],
          [-135.2926, 59.6316],
          [-159.0631, 67.2802],
          [-159.3945, 68.1814],
          [-135.3156, 57.047],
          [-142.1319, 60.6918],
          [-142.5708, 65.1668]
        ]
      }
    },
    {
      "type": "Feature",
      "properties": {
        "id": "irma-104048",
        "institution": [
          "National Park Service (NPS)"
        ],
        "collection": [
          "NPS - IRMA"
        ],
        "topic": [
          "Birds",
          "Corwin (Ship)",
          "Freshwater Fish",
          "Gates Of The Arctic National Park And Preserve",
          "Kobuk River",
          "Kobuk Valley National Park",
          "Mammals",
          "Marine Mammals",
          "Natural History",
          "Noatak National Preserve",
          "Noatak River",
          "Surveys",
          "Terrestrial Mammals"
        ],
        "format": "Published Report",
        "publishDate": "1887",
        "building": [
          "Gates of the Arctic National Park and Preserve (GAAR)",
          "Kobuk Valley National Park (KOVA)",
          "Noatak National Preserve (NOAT)"
        ],
        "Title": "Report of the cruise of the Revenue Marine Steamer Corwin in the Arctic Ocean in the year 1885",
        "Link": "https://irma.nps.gov/DataStore/Reference/Profile/104048"
      },
      "geometry": {
        "type": "MultiPoint",
        "coordinates": [
          [-153.3869, 67.869],
          [-159.0631, 67.2802],
          [-159.3945, 68.1814]
        ]
      }
    },
    {
      "type": "Feature",
      "properties": {
        "id": "irma-103792",
        "institution": [
          "National Park Service (NPS)"
        ],
        "collection": [
          "NPS - IRMA"
        ],
        "topic": [
          "Alaska",
          "Animal Studies",
          "Aquatic Sciences",
          "autobiography",
          "Copper River",
          "CRBIB",
          "Description and Travel",
          "Exploration",
          "Gates Of The Arctic National Park And Preserve",
          "Koyukuk River",
          "Lt. Henry T. Allen",
          "Military history",
          "Physical Sciences",
          "Plant Studies",
          "Tanana River",
          "Wrangell-Saint Elias National Park and Preserve",
          "Wrangell-St. Elias National Park And Preserve"
        ],
        "format": "Published Report",
        "publishDate": "1887",
        "building": [
          "Denali National Park and Preserve (DENA)",
          "Gates of the Arctic National Park and Preserve (GAAR)",
          "Wrangell-St. Elias National Park and Preserve (WRST)"
        ],
        "Title": "Report of an expedition to the Copper, Tanana, and Koyukuk rivers, in the territory of Alaska, in the year 1885, for the purpose of obtaining all information which will be valuable and important, especially to the military branch of the government",
        "Link": "https://irma.nps.gov/DataStore/Reference/Profile/103792"
      },
      "geometry": {
        "type": "MultiPoint",
        "coordinates": [
          [-150.6029, 63.3183],
          [-153.3869, 67.869],
          [-142.1319, 60.6918]
        ]
      }
    },
    {
      "type": "Feature",
      "properties": {
        "id": "irma-643770",
        "institution": [
          "National Park Service (NPS)"
        ],
        "collection": [
          "NPS - IRMA"
        ],
        "topic": [
          "1886",
          "1886-03-06",
          "Earthquake Swarm",
          "Eyewitness Account",
          "Halemaumau Crater",
          "Kilauea Caldera",
          "Kilauea Volcano",
          "Lava Lake",
          "Subsidence"
        ],
        "format": "Published Report",
        "publishDate": "1886",
        "building": [
          "Hawaii Volcanoes National Park (HAVO)"
        ],
        "Title": "Kilauea; an ideal volcano trip to Kilauea during its quiescent period, March, 1886",
        "Link": "https://irma.nps.gov/DataStore/Reference/Profile/643770"
      },
      "geometry": {
        "type": "Point",
        "coordinates": [-155.4073, 19.235]
      }
    },
    {
      "type": "Feature",
      "properties": {
        "id": "irma-72434",
        "institution": [
          "National Park Service (NPS)"
        ],
        "collection": [
          "NPS - IRMA"
        ],
        "topic": [
          "Aquatic Sciences",
          "Chemistry",
          "Flow (Streamflow)",
          "Hot Springs",
          "Hydrothermal Activity",
          "Mineral Springs",
          "Springs",
          "Water Quality",
          "Water Temperature"
        ],
        "format": "Published Report",
        "publishDate": "1886",
        "building": [
          "Yellowstone National Park (YELL)"
        ],
        "Title": "Lists and analyses of the mineral springs of the U S  [a preliminary study]",
        "Link": "https://irma.nps.gov/DataStore/Reference/Profile/72434"
      },
      "geometry": {
        "type": "Point",
        "coordinates": [-110.4901, 44.5813]
      }
    },
    {
      "type": "Feature",
      "properties": {
        "id": "irma-554031",
        "institution": [
          "National Park Service (NPS)"
        ],
        "collection": [
          "NPS - IRMA"
        ],
        "topic": [
          "Lighthouses",
          "Open Space & Recreation",
          "Settlement"
        ],
        "format": "Published Report",
        "publishDate": "1885",
        "building": [
          "Boston Harbor Islands National Recreation Area (BOHA)"
        ],
        "Title": "A Descriptive and historical sketch of Boston Harbor and surroundings: giving all the islands, ledges, shoals, buoys, channels, and towns from Nahant to Minots with their location and history",
        "Link": "https://irma.nps.gov/DataStore/Reference/Profile/554031"
      },
      "geometry": {
        "type": "Point",
        "coordinates": [-70.8762, 42.2622]
      }
    },
    {
      "type": "Feature",
      "properties": {
        "id": "irma-643322",
        "institution": [
          "National Park Service (NPS)"
        ],
        "collection": [
          "NPS - IRMA"
        ],
        "topic": [
          "1885",
          "Halemaumau Crater",
          "Kilauea Volcano"
        ],
        "format": "Published Report",
        "publishDate": "1885",
        "building": [
          "Hawaii Volcanoes National Park (HAVO)"
        ],
        "Title": "A visit in verse to Halemaumau",
        "Link": "https://irma.nps.gov/DataStore/Reference/Profile/643322"
      },
      "geometry": {
        "type": "Point",
        "coordinates": [-155.4073, 19.235]
      }
    },
    {
      "type": "Feature",
      "properties": {
        "id": "irma-643269",
        "institution": [
          "National Park Service (NPS)"
        ],
        "collection": [
          "NPS - IRMA"
        ],
        "topic": [
          "Geodesy",
          "Geology",
          "Nihoa",
          "Triangulation"
        ],
        "format": "Published Report",
        "publishDate": "1885",
        "building": [
          "Hawaii Volcanoes National Park (HAVO)"
        ],
        "Title": "Geological & topographical report upon Nihoa, or Bird Island",
        "Link": "https://irma.nps.gov/DataStore/Reference/Profile/643269"
      },
      "geometry": {
        "type": "Point",
        "coordinates": [-155.4073, 19.235]
      }
    },
    {
      "type": "Feature",
      "properties": {
        "id": "irma-81059",
        "institution": [
          "National Park Service (NPS)"
        ],
        "collection": [
          "NPS - IRMA"
        ],
        "topic": [
          "Exploration",
          "History"
        ],
        "format": "Published Report",
        "publishDate": "1885",
        "building": [
          "Glacier Bay National Park and Preserve (GLBA)"
        ],
        "Title": "Muir Glacier and Idaho Inlet",
        "Link": "https://irma.nps.gov/DataStore/Reference/Profile/81059"
      },
      "geometry": {
        "type": "Point",
        "coordinates": [-136.8654, 58.7004]
      }
    },
    {
      "type": "Feature",
      "properties": {
        "id": "irma-605695",
        "institution": [
          "National Park Service (NPS)"
        ],
        "collection": [
          "NPS - IRMA"
        ],
        "topic": [
          "Athapaskan Indians",
          "Exploration"
        ],
        "format": "Published Report",
        "publishDate": "1885",
        "building": [
          "Denali National Park and Preserve (DENA)"
        ],
        "Title": "Report of a Military Reconnaissance in Alaska Made in 1883",
        "Link": "https://irma.nps.gov/DataStore/Reference/Profile/605695"
      },
      "geometry": {
        "type": "Point",
        "coordinates": [-150.6029, 63.3183]
      }
    },
    {
      "type": "Feature",
      "properties": {
        "id": "irma-177529",
        "institution": [
          "National Park Service (NPS)"
        ],
        "collection": [
          "NPS - IRMA"
        ],
        "topic": [
          "Birds",
          "blasting",
          "Creeks",
          "Garland County",
          "Geology",
          "History",
          "Hydrology(General)",
          "Inventory",
          "Medical",
          "Springs",
          "Thermal Springs",
          "Trees",
          "Vegetation",
          "Water Flow",
          "Water Quality"
        ],
        "format": "Published Report",
        "publishDate": "1884",
        "building": [
          "Hot Springs National Park (HOSP)"
        ],
        "Title": "Testimony Taken Before the Committee on Expenditures in the Interior Department",
        "Link": "https://irma.nps.gov/DataStore/Reference/Profile/177529"
      },
      "geometry": {
        "type": "Point",
        "coordinates": [-93.0659, 34.5083]
      }
    },
    {
      "type": "Feature",
      "properties": {
        "id": "irma-103788",
        "institution": [
          "National Park Service (NPS)"
        ],
        "collection": [
          "NPS - IRMA"
        ],
        "topic": [
          "Fort Colville",
          "History",
          "Kettle Falls",
          "Settlers"
        ],
        "format": "Published Report",
        "publishDate": "1883",
        "building": [
          "Lake Roosevelt National Recreation Area (LARO)"
        ],
        "Title": "Report of an Expedition from Fort Colville to Puget Sound, W T (Bib)",
        "Link": "https://irma.nps.gov/DataStore/Reference/Profile/103788"
      },
      "geometry": {
        "type": "Point",
        "coordinates": [-118.4347, 47.8407]
      }
    },
    {
      "type": "Feature",
      "properties": {
        "id": "irma-31426",
        "institution": [
          "National Park Service (NPS)"
        ],
        "collection": [
          "NPS - IRMA"
        ],
        "topic": [
          "Behavior",
          "Birds",
          "Ecology",
          "Lighthouses",
          "Management",
          "Shorebirds"
        ],
        "format": "Published Report",
        "publishDate": "1882",
        "building": [
          "Cape Cod National Seashore (CACO)",
          "Fire Island National Seashore (FIIS)",
          "Gateway National Recreation Area (GATE)"
        ],
        "Title": "Destruction of birds by lighthouses",
        "Link": "https://irma.nps.gov/DataStore/Reference/Profile/31426"
      },
      "geometry": {
        "type": "MultiPoint",
        "coordinates": [
          [-70.087, 42.0506],
          [-72.9943, 40.6918],
          [-73.8609, 40.6187]
        ]
      }
    },
    {
      "type": "Feature",
      "properties": {
        "id": "irma-61488",
        "institution": [
          "National Park Service (NPS)"
        ],
        "collection": [
          "NPS - IRMA"
        ],
        "topic": [
          "History",
          "Missions",
          "Native Americans"
        ],
        "format": "Published Report",
        "publishDate": "1882",
        "building": [
          "Whitman Mission National Historic Site (WHMI)"
        ],
        "Title": "History of Indian missions on the Pacific Coast, Oregon, Washington, and Idaho",
        "Link": "https://irma.nps.gov/DataStore/Reference/Profile/61488"
      },
      "geometry": {
        "type": "Point",
        "coordinates": [-118.4655, 46.0426]
      }
    },
    {
      "type": "Feature",
      "properties": {
        "id": "irma-61053",
        "institution": [
          "National Park Service (NPS)"
        ],
        "collection": [
          "NPS - IRMA"
        ],
        "topic": [
          "Exploration",
          "History",
          "Settlement"
        ],
        "format": "Published Report",
        "publishDate": "1882",
        "building": [
          "Whitman Mission National Historic Site (WHMI)"
        ],
        "Title": "Historic Sketches of Walla Walla, Whitman, Columbia, and Garfield Counties, Washington Territory, and Umatilla County, Oregon",
        "Link": "https://irma.nps.gov/DataStore/Reference/Profile/61053"
      },
      "geometry": {
        "type": "Point",
        "coordinates": [-118.4655, 46.0426]
      }
    },
    {
      "type": "Feature",
      "properties": {
        "id": "irma-104787",
        "institution": [
          "National Park Service (NPS)"
        ],
        "collection": [
          "NPS - IRMA"
        ],
        "topic": [
          "Chemistry",
          "Geology",
          "History",
          "Hot Springs AR"
        ],
        "format": "Published Report",
        "publishDate": "1882",
        "building": [
          "Hot Springs National Park (HOSP)"
        ],
        "Title": "Report on the Hot Springs of Arkansas",
        "Link": "https://irma.nps.gov/DataStore/Reference/Profile/104787"
      },
      "geometry": {
        "type": "Point",
        "coordinates": [-93.0659, 34.5083]
      }
    },
    {
      "type": "Feature",
      "properties": {
        "id": "irma-123728",
        "institution": [
          "National Park Service (NPS)"
        ],
        "collection": [
          "NPS - IRMA"
        ],
        "topic": [
          "Chinese",
          "Exploration",
          "Fort Colville",
          "Fort Spokane",
          "History",
          "Native Americans",
          "Native Species",
          "Plants",
          "Spokane House"
        ],
        "format": "Published Report",
        "publishDate": "1882",
        "building": [
          "Lake Roosevelt National Recreation Area (LARO)"
        ],
        "Title": "The Symons Report on the Upper Columbia River & the Great Plain of the Columbia",
        "Link": "https://irma.nps.gov/DataStore/Reference/Profile/123728"
      },
      "geometry": {
        "type": "Point",
        "coordinates": [-118.4347, 47.8407]
      }
    },
    {
      "type": "Feature",
      "properties": {
        "id": "irma-568986",
        "institution": [
          "National Park Service (NPS)"
        ],
        "collection": [
          "NPS - IRMA"
        ],
        "topic": [
          "harbor channels"
        ],
        "format": "Published Report",
        "publishDate": "1881",
        "building": [
          "Boston Harbor Islands National Recreation Area (BOHA)"
        ],
        "Title": "Boston Harbor: facts and opinions relative to its extent, facilities and necessities, present and future",
        "Link": "https://irma.nps.gov/DataStore/Reference/Profile/568986"
      },
      "geometry": {
        "type": "Point",
        "coordinates": [-70.8762, 42.2622]
      }
    },
    {
      "type": "Feature",
      "properties": {
        "id": "irma-102838",
        "institution": [
          "National Park Service (NPS)"
        ],
        "collection": [
          "NPS - IRMA"
        ],
        "topic": [
          "Diaries-Journals",
          "Exploration",
          "Fort Colville",
          "History",
          "Kettle Falls",
          "Map"
        ],
        "format": "Published Report",
        "publishDate": "1881",
        "building": [
          "Lake Roosevelt National Recreation Area (LARO)"
        ],
        "Title": "The Region of the Upper Columbia River and How I Saw It",
        "Link": "https://irma.nps.gov/DataStore/Reference/Profile/102838"
      },
      "geometry": {
        "type": "Point",
        "coordinates": [-118.4347, 47.8407]
      }
    },
    {
      "type": "Feature",
      "properties": {
        "id": "irma-16980",
        "institution": [
          "National Park Service (NPS)"
        ],
        "collection": [
          "NPS - IRMA"
        ],
        "topic": [
          "Birds",
          "distribution sighting ecology species list Long Island"
        ],
        "format": "Published Report",
        "publishDate": "1880",
        "building": [
          "Fire Island National Seashore (FIIS)"
        ],
        "Title": "Bird notes from Long Island, New York  Speech presented before the Linnean Society Meeting 1880  Copy available at US Department of Interior, National Park Service, Fire Island National Seashore, Patchogue, NY",
        "Link": "https://irma.nps.gov/DataStore/Reference/Profile/16980"
      },
      "geometry": {
        "type": "Point",
        "coordinates": [-72.9943, 40.6918]
      }
    },
    {
      "type": "Feature",
      "properties": {
        "id": "irma-2178776",
        "institution": [
          "National Park Service (NPS)"
        ],
        "collection": [
          "NPS - IRMA"
        ],
        "topic": [
          "Mount Desert Island",
          "Plants"
        ],
        "format": "Published Report",
        "publishDate": "1879",
        "building": [
          "Acadia National Park (ACAD)"
        ],
        "Title": "Golden rod an idyl of Mount Desert",
        "Link": "https://irma.nps.gov/DataStore/Reference/Profile/2178776"
      },
      "geometry": {
        "type": "Point",
        "coordinates": [-68.2397, 44.3594]
      }
    },
    {
      "type": "Feature",
      "properties": {
        "id": "irma-83990",
        "institution": [
          "National Park Service (NPS)"
        ],
        "collection": [
          "NPS - IRMA"
        ],
        "topic": [
          "Diaries-Journals",
          "Henry Alexander",
          "History",
          "Settlers",
          "Thompson David"
        ],
        "format": "Published Report",
        "publishDate": "1879",
        "building": [
          "Lake Roosevelt National Recreation Area (LARO)"
        ],
        "Title": "New Light on the Early History of the Greater Northwest:  The Manuscript Journals of Alexander Henry & of David Thompson 1799-1814",
        "Link": "https://irma.nps.gov/DataStore/Reference/Profile/83990"
      },
      "geometry": {
        "type": "Point",
        "coordinates": [-118.4347, 47.8407]
      }
    },
    {
      "type": "Feature",
      "properties": {
        "id": "irma-48830",
        "institution": [
          "National Park Service (NPS)"
        ],
        "collection": [
          "NPS - IRMA"
        ],
        "topic": [
          "Checklist",
          "Plant Studies",
          "Plants"
        ],
        "format": "Published Report",
        "publishDate": "1879",
        "building": [
          "Buck Island Reef National Monument (BUIS)",
          "Virgin Islands National Park (VIIS)"
        ],
        "Title": "The flora of St Croix and the Virgin Islands",
        "Link": "https://irma.nps.gov/DataStore/Reference/Profile/48830"
      },
      "geometry": {
        "type": "MultiPoint",
        "coordinates": [
          [-64.622, 17.8094],
          [-64.7399, 18.3439]
        ]
      }
    },
    {
      "type": "Feature",
      "properties": {
        "id": "irma-123865",
        "institution": [
          "National Park Service (NPS)"
        ],
        "collection": [
          "NPS - IRMA"
        ],
        "topic": [
          "Physical Sciences"
        ],
        "format": "Published Report",
        "publishDate": "1878",
        "building": [
          "Hagerman Fossil Beds National Monument (HAFO)"
        ],
        "Title": "Systematic Geology",
        "Link": "https://irma.nps.gov/DataStore/Reference/Profile/123865"
      },
      "geometry": {
        "type": "Point",
        "coordinates": [-114.9397, 42.7643]
      }
    },
    {
      "type": "Feature",
      "properties": {
        "id": "irma-9034",
        "institution": [
          "National Park Service (NPS)"
        ],
        "collection": [
          "NPS - IRMA"
        ],
        "topic": [
          "Management"
        ],
        "format": "Published Report",
        "publishDate": "1877",
        "building": [
          "Hot Springs National Park (HOSP)"
        ],
        "Title": "Annual and Other Reports Relating to the Hot Springs Reservation Ark, Vol 1-3",
        "Link": "https://irma.nps.gov/DataStore/Reference/Profile/9034"
      },
      "geometry": {
        "type": "Point",
        "coordinates": [-93.0659, 34.5083]
      }
    },
    {
      "type": "Feature",
      "properties": {
        "id": "irma-2178987",
        "institution": [
          "National Park Service (NPS)"
        ],
        "collection": [
          "NPS - IRMA"
        ],
        "topic": [
          "Historical Survey",
          "Mount Desert Island"
        ],
        "format": "Published Report",
        "publishDate": "1877",
        "building": [
          "Acadia National Park (ACAD)"
        ],
        "Title": "Mount Desert on the coast of Maine",
        "Link": "https://irma.nps.gov/DataStore/Reference/Profile/2178987"
      },
      "geometry": {
        "type": "Point",
        "coordinates": [-68.2397, 44.3594]
      }
    },
    {
      "type": "Feature",
      "properties": {
        "id": "irma-643453",
        "institution": [
          "National Park Service (NPS)"
        ],
        "collection": [
          "NPS - IRMA"
        ],
        "topic": [
          "Hawaiian Archipelago",
          "Mechanism",
          "Partial Melt",
          "Tectonics"
        ],
        "format": "Published Report",
        "publishDate": "1877",
        "building": [
          "Hawaii Volcanoes National Park (HAVO)"
        ],
        "Title": "The Hawaiian Islands on the Reseau Triangulaire",
        "Link": "https://irma.nps.gov/DataStore/Reference/Profile/643453"
      },
      "geometry": {
        "type": "Point",
        "coordinates": [-155.4073, 19.235]
      }
    },
    {
      "type": "Feature",
      "properties": {
        "id": "irma-127711",
        "institution": [
          "National Park Service (NPS)"
        ],
        "collection": [
          "NPS - IRMA"
        ],
        "topic": [
          "Ethnology",
          "Native Americans"
        ],
        "format": "Published Report",
        "publishDate": "1877",
        "building": [
          "Whitman Mission National Historic Site (WHMI)"
        ],
        "Title": "Tribes of Western Washington and Northwestern Oregon",
        "Link": "https://irma.nps.gov/DataStore/Reference/Profile/127711"
      },
      "geometry": {
        "type": "Point",
        "coordinates": [-118.4655, 46.0426]
      }
    },
    {
      "type": "Feature",
      "properties": {
        "id": "irma-59842",
        "institution": [
          "National Park Service (NPS)"
        ],
        "collection": [
          "NPS - IRMA"
        ],
        "topic": [
          "Animal Studies",
          "Birds (Aves)",
          "Hawai`i",
          "Nene (Branta sandvicensis)"
        ],
        "format": "Published Report",
        "publishDate": "1876",
        "building": [
          "Haleakala National Park (HALE)",
          "Hawaii Volcanoes National Park (HAVO)"
        ],
        "Title": "Hawai`ian birds collected and mounted by JD Mills, of Hilo, Hawai`i for the American Centennial",
        "Link": "https://irma.nps.gov/DataStore/Reference/Profile/59842"
      },
      "geometry": {
        "type": "MultiPoint",
        "coordinates": [
          [-156.1471, 20.7045],
          [-155.4073, 19.235]
        ]
      }
    },
    {
      "type": "Feature",
      "properties": {
        "id": "irma-103796",
        "institution": [
          "National Park Service (NPS)"
        ],
        "collection": [
          "NPS - IRMA"
        ],
        "topic": [
          "Fort Colville",
          "Historic Documents",
          "History"
        ],
        "format": "Published Report",
        "publishDate": "1876",
        "building": [
          "Lake Roosevelt National Recreation Area (LARO)"
        ],
        "Title": "Report of an Inspection of Fort Colville (Bib)",
        "Link": "https://irma.nps.gov/DataStore/Reference/Profile/103796"
      },
      "geometry": {
        "type": "Point",
        "coordinates": [-118.4347, 47.8407]
      }
    },
    {
      "type": "Feature",
      "properties": {
        "id": "irma-104483",
        "institution": [
          "National Park Service (NPS)"
        ],
        "collection": [
          "NPS - IRMA"
        ],
        "topic": [
          "Physical Sciences",
          "Wrangell-Saint Elias National Park and Preserve",
          "Wrangell-St. Elias National Park And Preserve"
        ],
        "format": "Published Report",
        "publishDate": "1875",
        "building": [
          "Wrangell-St. Elias National Park and Preserve (WRST)"
        ],
        "Title": "Report on Mt St Elias",
        "Link": "https://irma.nps.gov/DataStore/Reference/Profile/104483"
      },
      "geometry": {
        "type": "Point",
        "coordinates": [-142.1319, 60.6918]
      }
    },
    {
      "type": "Feature",
      "properties": {
        "id": "irma-127386",
        "institution": [
          "National Park Service (NPS)"
        ],
        "collection": [
          "NPS - IRMA"
        ],
        "topic": [
          "Geology"
        ],
        "format": "Published Report",
        "publishDate": "1874",
        "building": [
          "Hot Springs National Park (HOSP)"
        ],
        "Title": "A Treatise on the Hot Springs of Arkansas",
        "Link": "https://irma.nps.gov/DataStore/Reference/Profile/127386"
      },
      "geometry": {
        "type": "Point",
        "coordinates": [-93.0659, 34.5083]
      }
    },
    {
      "type": "Feature",
      "properties": {
        "id": "irma-103894",
        "institution": [
          "National Park Service (NPS)"
        ],
        "collection": [
          "NPS - IRMA"
        ],
        "topic": [
          "History",
          "Military",
          "Modoc War",
          "Native Americans"
        ],
        "format": "Published Report",
        "publishDate": "1874",
        "building": [
          "Nez Perce National Historical Park (NEPE)"
        ],
        "Title": "Report of Governor Grover to General Schofield on the Modoc War: and reports of Maj Gen John F Miller and Gen John E Ross, to the governor, also letter of the governor to the Secretary of the Interior on the Wallowa Valley Indian question",
        "Link": "https://irma.nps.gov/DataStore/Reference/Profile/103894"
      },
      "geometry": {
        "type": "Point",
        "coordinates": [-116.2758, 45.7961]
      }
    },
    {
      "type": "Feature",
      "properties": {
        "id": "irma-77102",
        "institution": [
          "National Park Service (NPS)"
        ],
        "collection": [
          "NPS - IRMA"
        ],
        "topic": [
          "History",
          "Settlers",
          "Spalding Mission (Lapwai Mission)"
        ],
        "format": "Published Report",
        "publishDate": "1872",
        "building": [
          "Nez Perce National Historical Park (NEPE)"
        ],
        "Title": "Memorial of W G Langford before Congress  Claim for the Lapwai Mission in Idaho Territory",
        "Link": "https://irma.nps.gov/DataStore/Reference/Profile/77102"
      },
      "geometry": {
        "type": "Point",
        "coordinates": [-116.2758, 45.7961]
      }
    },
    {
      "type": "Feature",
      "properties": {
        "id": "irma-76473",
        "institution": [
          "National Park Service (NPS)"
        ],
        "collection": [
          "NPS - IRMA"
        ],
        "topic": [
          "Ethnology",
          "Language & Linguistics",
          "The Nez Perce"
        ],
        "format": "Published Report",
        "publishDate": "1871",
        "building": [
          "Nez Perce National Historical Park (NEPE)"
        ],
        "Title": "Matthewnim taaiskt  The Gospel According to Matthew",
        "Link": "https://irma.nps.gov/DataStore/Reference/Profile/76473"
      },
      "geometry": {
        "type": "Point",
        "coordinates": [-116.2758, 45.7961]
      }
    },
    {
      "type": "Feature",
      "properties": {
        "id": "irma-89660",
        "institution": [
          "National Park Service (NPS)"
        ],
        "collection": [
          "NPS - IRMA"
        ],
        "topic": [
          "Historical Narrative",
          "History",
          "Missions"
        ],
        "format": "Published Report",
        "publishDate": "1871",
        "building": [
          "Nez Perce National Historical Park (NEPE)"
        ],
        "Title": "Papers, 1871-1917",
        "Link": "https://irma.nps.gov/DataStore/Reference/Profile/89660"
      },
      "geometry": {
        "type": "Point",
        "coordinates": [-116.2758, 45.7961]
      }
    },
    {
      "type": "Feature",
      "properties": {
        "id": "irma-102063",
        "institution": [
          "National Park Service (NPS)"
        ],
        "collection": [
          "NPS - IRMA"
        ],
        "topic": [
          "History",
          "Military",
          "Politics",
          "tribal government"
        ],
        "format": "Published Report",
        "publishDate": "1871",
        "building": [
          "Nez Perce National Historical Park (NEPE)"
        ],
        "Title": "Records, 1871-1883",
        "Link": "https://irma.nps.gov/DataStore/Reference/Profile/102063"
      },
      "geometry": {
        "type": "Point",
        "coordinates": [-116.2758, 45.7961]
      }
    },
    {
      "type": "Feature",
      "properties": {
        "id": "irma-127221",
        "institution": [
          "National Park Service (NPS)"
        ],
        "collection": [
          "NPS - IRMA"
        ],
        "topic": [
          "History",
          "Yale expeditions"
        ],
        "format": "Published Report",
        "publishDate": "1871",
        "building": [
          "John Day Fossil Beds National Monument (JODA)"
        ],
        "Title": "Transcription: field memos",
        "Link": "https://irma.nps.gov/DataStore/Reference/Profile/127221"
      },
      "geometry": {
        "type": "Point",
        "coordinates": [-119.6492, 44.5381]
      }
    },
    {
      "type": "Feature",
      "properties": {
        "id": "irma-555310",
        "institution": [
          "National Park Service (NPS)"
        ],
        "collection": [
          "NPS - IRMA"
        ],
        "topic": [
          "Keywords Empty"
        ],
        "format": "Published Report",
        "publishDate": "1868",
        "building": [
          "Boston Harbor Islands National Recreation Area (BOHA)"
        ],
        "Title": "Discussion of tides in Boston Harbor",
        "Link": "https://irma.nps.gov/DataStore/Reference/Profile/555310"
      },
      "geometry": {
        "type": "Point",
        "coordinates": [-70.8762, 42.2622]
      }
    },
    {
      "type": "Feature",
      "properties": {
        "id": "irma-86023",
        "institution": [
          "National Park Service (NPS)"
        ],
        "collection": [
          "NPS - IRMA"
        ],
        "topic": [
          "Animal Studies",
          "Hawai`i",
          "Volcanic Eruptions",
          "Volcanoes"
        ],
        "format": "Published Report",
        "publishDate": "1868",
        "building": [
          "Haleakala National Park (HALE)",
          "Hawaii Volcanoes National Park (HAVO)"
        ],
        "Title": "Notes on the volcanoes of the Hawai`ian islands  With a history of their various eruptions",
        "Link": "https://irma.nps.gov/DataStore/Reference/Profile/86023"
      },
      "geometry": {
        "type": "MultiPoint",
        "coordinates": [
          [-156.1471, 20.7045],
          [-155.4073, 19.235]
        ]
      }
    },
    {
      "type": "Feature",
      "properties": {
        "id": "irma-647326",
        "institution": [
          "National Park Service (NPS)"
        ],
        "collection": [
          "NPS - IRMA"
        ],
        "topic": [
          "1868",
          "1868-03-28",
          "Earthquake Swarm",
          "Eyewitness Account",
          "Hawaii (Big Island)",
          "Hilea Fault Zone",
          "Landslide",
          "Mauna Loa Volcano",
          "Mokuaweoweo Caldera",
          "Southwest Rift Zone",
          "Tsunami"
        ],
        "format": "Published Report",
        "publishDate": "1868",
        "building": [
          "Hawaii Volcanoes National Park (HAVO)"
        ],
        "Title": "[On the earthquake and eruption of 1868]",
        "Link": "https://irma.nps.gov/DataStore/Reference/Profile/647326"
      },
      "geometry": {
        "type": "Point",
        "coordinates": [-155.4073, 19.235]
      }
    },
    {
      "type": "Feature",
      "properties": {
        "id": "irma-4758",
        "institution": [
          "National Park Service (NPS)"
        ],
        "collection": [
          "NPS - IRMA"
        ],
        "topic": [
          "Fort Colville",
          "Historic Documents",
          "History",
          "Native Americans"
        ],
        "format": "Published Report",
        "publishDate": "1866",
        "building": [
          "Lake Roosevelt National Recreation Area (LARO)"
        ],
        "Title": "Accounts of Goods, etc Issued to Chiefs & Headmen in Ft Colville District in the 1st, 2nd & 3rd Quarters of 1866  (Bib)",
        "Link": "https://irma.nps.gov/DataStore/Reference/Profile/4758"
      },
      "geometry": {
        "type": "Point",
        "coordinates": [-118.4347, 47.8407]
      }
    },
    {
      "type": "Feature",
      "properties": {
        "id": "irma-89139",
        "institution": [
          "National Park Service (NPS)"
        ],
        "collection": [
          "NPS - IRMA"
        ],
        "topic": [
          "Animal Studies",
          "Animals",
          "Atmospheric Sciences",
          "Plant Studies",
          "Plants",
          "Weather"
        ],
        "format": "Published Report",
        "publishDate": "1865",
        "building": [
          "Padre Island National Seashore (PAIS)"
        ],
        "Title": "Padre Island Trip, July 9, 1865, a Journal",
        "Link": "https://irma.nps.gov/DataStore/Reference/Profile/89139"
      },
      "geometry": {
        "type": "Point",
        "coordinates": [-97.3407, 26.7037]
      }
    },
    {
      "type": "Feature",
      "properties": {
        "id": "irma-553930",
        "institution": [
          "National Park Service (NPS)"
        ],
        "collection": [
          "NPS - IRMA"
        ],
        "topic": [
          "Keywords Empty"
        ],
        "format": "Published Report",
        "publishDate": "1861",
        "building": [
          "Boston Harbor Islands National Recreation Area (BOHA)"
        ],
        "Title": "Special report of the United States Commissioners on Boston Harbor, on the relation of Mystic Pond and River to Boston Harbor, 1861",
        "Link": "https://irma.nps.gov/DataStore/Reference/Profile/553930"
      },
      "geometry": {
        "type": "Point",
        "coordinates": [-70.8762, 42.2622]
      }
    },
    {
      "type": "Feature",
      "properties": {
        "id": "irma-62123",
        "institution": [
          "National Park Service (NPS)"
        ],
        "collection": [
          "NPS - IRMA"
        ],
        "topic": [
          "Geology",
          "Hot Springs AR",
          "Travertine",
          "Tufa"
        ],
        "format": "Published Report",
        "publishDate": "1860",
        "building": [
          "Hot Springs National Park (HOSP)"
        ],
        "Title": "Hot Springs of Arkansas, with their Travertine Formation",
        "Link": "https://irma.nps.gov/DataStore/Reference/Profile/62123"
      },
      "geometry": {
        "type": "Point",
        "coordinates": [-93.0659, 34.5083]
      }
    },
    {
      "type": "Feature",
      "properties": {
        "id": "irma-105155",
        "institution": [
          "National Park Service (NPS)"
        ],
        "collection": [
          "NPS - IRMA"
        ],
        "topic": [
          "Exploration",
          "History",
          "Railroads"
        ],
        "format": "Published Report",
        "publishDate": "1860",
        "building": [
          "Lake Roosevelt National Recreation Area (LARO)"
        ],
        "Title": "Reports of Explorations & Surveys to Ascertain the Most Practicable & Economical Route for a Railroad from the Mississippi River to the Pacific Ocean: Made Under the Direction of the Secretary of War in 1853-56    (Bib)",
        "Link": "https://irma.nps.gov/DataStore/Reference/Profile/105155"
      },
      "geometry": {
        "type": "Point",
        "coordinates": [-118.4347, 47.8407]
      }
    },
    {
      "type": "Feature",
      "properties": {
        "id": "irma-110822",
        "institution": [
          "National Park Service (NPS)"
        ],
        "collection": [
          "NPS - IRMA"
        ],
        "topic": [
          "Aquatic Science",
          "Creeks",
          "Geology",
          "Hydrology(General)",
          "Inventory",
          "Springs",
          "Tufa",
          "Water Quality",
          "Water Temperature"
        ],
        "format": "Published Report",
        "publishDate": "1860",
        "building": [
          "Hot Springs National Park (HOSP)"
        ],
        "Title": "Second Report of a Geological Reconnaissance of the Middle and Southern Counties of Arkansas Made During the Years 1859 and 1860",
        "Link": "https://irma.nps.gov/DataStore/Reference/Profile/110822"
      },
      "geometry": {
        "type": "Point",
        "coordinates": [-93.0659, 34.5083]
      }
    },
    {
      "type": "Feature",
      "properties": {
        "id": "irma-117167",
        "institution": [
          "National Park Service (NPS)"
        ],
        "collection": [
          "NPS - IRMA"
        ],
        "topic": [
          "Aquatic Sciences",
          "Water Temperature"
        ],
        "format": "Published Report",
        "publishDate": "1860",
        "building": [
          "Hot Springs National Park (HOSP)"
        ],
        "Title": "Springs Temperature Survey",
        "Link": "https://irma.nps.gov/DataStore/Reference/Profile/117167"
      },
      "geometry": {
        "type": "Point",
        "coordinates": [-93.0659, 34.5083]
      }
    },
    {
      "type": "Feature",
      "properties": {
        "id": "irma-41537",
        "institution": [
          "National Park Service (NPS)"
        ],
        "collection": [
          "NPS - IRMA"
        ],
        "topic": [
          "Fort Colville",
          "History"
        ],
        "format": "Published Report",
        "publishDate": "1859",
        "building": [
          "Lake Roosevelt National Recreation Area (LARO)"
        ],
        "Title": "Establishment of Fort Colville (Bib)",
        "Link": "https://irma.nps.gov/DataStore/Reference/Profile/41537"
      },
      "geometry": {
        "type": "Point",
        "coordinates": [-118.4347, 47.8407]
      }
    },
    {
      "type": "Feature",
      "properties": {
        "id": "irma-134397",
        "institution": [
          "National Park Service (NPS)"
        ],
        "collection": [
          "NPS - IRMA"
        ],
        "topic": [
          "Ethnology",
          "Native Americans",
          "Salmon"
        ],
        "format": "Published Report",
        "publishDate": "1859",
        "building": [
          "Lake Roosevelt National Recreation Area (LARO)"
        ],
        "Title": "Wanderings of an Artist Among the Indians of North America",
        "Link": "https://irma.nps.gov/DataStore/Reference/Profile/134397"
      },
      "geometry": {
        "type": "Point",
        "coordinates": [-118.4347, 47.8407]
      }
    },
    {
      "type": "Feature",
      "properties": {
        "id": "irma-27960",
        "institution": [
          "National Park Service (NPS)"
        ],
        "collection": [
          "NPS - IRMA"
        ],
        "topic": [
          "Cultural Historical",
          "FIIS Lighthouse correspondence restoration historic sites architecture"
        ],
        "format": "Published Report",
        "publishDate": "1858",
        "building": [
          "Fire Island National Seashore (FIIS)"
        ],
        "Title": "Correspondence on rebuilding the Fire Island Light (1854-1858) Unpublished, available at US Department of Interior, National Park Service, Fire Island National Seashore, Patchogue, NY 25 pp",
        "Link": "https://irma.nps.gov/DataStore/Reference/Profile/27960"
      },
      "geometry": {
        "type": "Point",
        "coordinates": [-72.9943, 40.6918]
      }
    },
    {
      "type": "Feature",
      "properties": {
        "id": "irma-124921",
        "institution": [
          "National Park Service (NPS)"
        ],
        "collection": [
          "NPS - IRMA"
        ],
        "topic": [
          "History",
          "Homestead National Monument Of America Beatrice Nebraska",
          "Mapping"
        ],
        "format": "Published Report",
        "publishDate": "1857",
        "building": [
          "Homestead National Monument of America (HOME)"
        ],
        "Title": "The Territory of Nebraska: Embracing the Public Survey Up To The Summer of 1857",
        "Link": "https://irma.nps.gov/DataStore/Reference/Profile/124921"
      },
      "geometry": {
        "type": "Point",
        "coordinates": [-96.8324, 40.2887]
      }
    },
    {
      "type": "Feature",
      "properties": {
        "id": "irma-104058",
        "institution": [
          "National Park Service (NPS)"
        ],
        "collection": [
          "NPS - IRMA"
        ],
        "topic": [
          "Exploration",
          "Fort Colville",
          "History",
          "Railroads",
          "The Grand Coulee"
        ],
        "format": "Published Report",
        "publishDate": "1855",
        "building": [
          "Lake Roosevelt National Recreation Area (LARO)"
        ],
        "Title": "Report of the Explorations for a Route for the Pacific Railroad Near the Forty-Seventh & Forty-Ninth Parallels of North Latitude from St Paul to Puget Sound  (Bib)",
        "Link": "https://irma.nps.gov/DataStore/Reference/Profile/104058"
      },
      "geometry": {
        "type": "Point",
        "coordinates": [-118.4347, 47.8407]
      }
    },
    {
      "type": "Feature",
      "properties": {
        "id": "irma-51272",
        "institution": [
          "National Park Service (NPS)"
        ],
        "collection": [
          "NPS - IRMA"
        ],
        "topic": [
          "Fur Trade",
          "Historical Narrative",
          "History"
        ],
        "format": "Published Report",
        "publishDate": "1855",
        "building": [
          "Lake Roosevelt National Recreation Area (LARO)"
        ],
        "Title": "The Fur Hunters of the Far West:  A Narrative of Adventures in Oregon & Rocky Mountains  (Bib)",
        "Link": "https://irma.nps.gov/DataStore/Reference/Profile/51272"
      },
      "geometry": {
        "type": "Point",
        "coordinates": [-118.4347, 47.8407]
      }
    },
    {
      "type": "Feature",
      "properties": {
        "id": "irma-99426",
        "institution": [
          "National Park Service (NPS)"
        ],
        "collection": [
          "NPS - IRMA"
        ],
        "topic": [
          "Historical Narrative",
          "History",
          "Missions",
          "murder",
          "Spalding Henry Harmon",
          "Whitman Marcus"
        ],
        "format": "Published Report",
        "publishDate": "1853",
        "building": [
          "Whitman Mission National Historic Site (WHMI)"
        ],
        "Title": "Protestantism in Oregon: Account of the murder of Dr Whitman and the ungrateful calumnies of H H Spalding, Protestant Missionary",
        "Link": "https://irma.nps.gov/DataStore/Reference/Profile/99426"
      },
      "geometry": {
        "type": "Point",
        "coordinates": [-118.4655, 46.0426]
      }
    },
    {
      "type": "Feature",
      "properties": {
        "id": "irma-553441",
        "institution": [
          "National Park Service (NPS)"
        ],
        "collection": [
          "NPS - IRMA"
        ],
        "topic": [
          "Lighthouses",
          "Maritime Commerce",
          "navigational aids"
        ],
        "format": "Published Report",
        "publishDate": "1853",
        "building": [
          "Boston Harbor Islands National Recreation Area (BOHA)"
        ],
        "Title": "Report of the Joint Standing Committee on Boston Harbor, for the year 1852",
        "Link": "https://irma.nps.gov/DataStore/Reference/Profile/553441"
      },
      "geometry": {
        "type": "Point",
        "coordinates": [-70.8762, 42.2622]
      }
    },
    {
      "type": "Feature",
      "properties": {
        "id": "irma-46983",
        "institution": [
          "National Park Service (NPS)"
        ],
        "collection": [
          "NPS - IRMA"
        ],
        "topic": [
          "correspondence history historic res historical acct cultural res",
          "Cultural Historical"
        ],
        "format": "Published Report",
        "publishDate": "1850",
        "building": [
          "Fire Island National Seashore (FIIS)"
        ],
        "Title": "The Fire Islands Letters from the Backwoods and the Adirondacs [sic]  JS Taylor, NY",
        "Link": "https://irma.nps.gov/DataStore/Reference/Profile/46983"
      },
      "geometry": {
        "type": "Point",
        "coordinates": [-72.9943, 40.6918]
      }
    },
    {
      "type": "Feature",
      "properties": {
        "id": "irma-5379",
        "institution": [
          "National Park Service (NPS)"
        ],
        "collection": [
          "NPS - IRMA"
        ],
        "topic": [
          "History",
          "Settlers"
        ],
        "format": "Published Report",
        "publishDate": "1849",
        "building": [
          "Whitman Mission National Historic Site (WHMI)"
        ],
        "Title": "Adventures of the First Settlers on the Oregon or Columbia River",
        "Link": "https://irma.nps.gov/DataStore/Reference/Profile/5379"
      },
      "geometry": {
        "type": "Point",
        "coordinates": [-118.4655, 46.0426]
      }
    },
    {
      "type": "Feature",
      "properties": {
        "id": "irma-5380",
        "institution": [
          "National Park Service (NPS)"
        ],
        "collection": [
          "NPS - IRMA"
        ],
        "topic": [
          "History",
          "Settlers"
        ],
        "format": "Published Report",
        "publishDate": "1849",
        "building": [
          "Lake Roosevelt National Recreation Area (LARO)"
        ],
        "Title": "Adventures of the First Settlers on the Oregon or Columbia River (Bib)",
        "Link": "https://irma.nps.gov/DataStore/Reference/Profile/5380"
      },
      "geometry": {
        "type": "Point",
        "coordinates": [-118.4347, 47.8407]
      }
    },
    {
      "type": "Feature",
      "properties": {
        "id": "irma-647506",
        "institution": [
          "National Park Service (NPS)"
        ],
        "collection": [
          "NPS - IRMA"
        ],
        "topic": [
          "1837",
          "1847",
          "Eyewitness Account",
          "Halemaumau Crater",
          "Kilauea Volcano"
        ],
        "format": "Published Report",
        "publishDate": "1847",
        "building": [
          "Hawaii Volcanoes National Park (HAVO)"
        ],
        "Title": "[Kilauea in 1837 and 1847]",
        "Link": "https://irma.nps.gov/DataStore/Reference/Profile/647506"
      },
      "geometry": {
        "type": "Point",
        "coordinates": [-155.4073, 19.235]
      }
    },
    {
      "type": "Feature",
      "properties": {
        "id": "irma-62357",
        "institution": [
          "National Park Service (NPS)"
        ],
        "collection": [
          "NPS - IRMA"
        ],
        "topic": [
          "Fort Colville",
          "History",
          "Hudson's Bay Company",
          "Map"
        ],
        "format": "Published Report",
        "publishDate": "1846",
        "building": [
          "Lake Roosevelt National Recreation Area (LARO)"
        ],
        "Title": "Hudsons Bay Companys Land Claim at Colville, WT TYPE: map",
        "Link": "https://irma.nps.gov/DataStore/Reference/Profile/62357"
      },
      "geometry": {
        "type": "Point",
        "coordinates": [-118.4347, 47.8407]
      }
    },
    {
      "type": "Feature",
      "properties": {
        "id": "irma-76472",
        "institution": [
          "National Park Service (NPS)"
        ],
        "collection": [
          "NPS - IRMA"
        ],
        "topic": [
          "Ethnology",
          "Language & Linguistics",
          "The Nez Perce"
        ],
        "format": "Published Report",
        "publishDate": "1845",
        "building": [
          "Nez Perce National Historical Park (NEPE)"
        ],
        "Title": "Matthewnim taaiskt [the Gospel according to Matthew]",
        "Link": "https://irma.nps.gov/DataStore/Reference/Profile/76472"
      },
      "geometry": {
        "type": "Point",
        "coordinates": [-116.2758, 45.7961]
      }
    },
    {
      "type": "Feature",
      "properties": {
        "id": "irma-81618",
        "institution": [
          "National Park Service (NPS)"
        ],
        "collection": [
          "NPS - IRMA"
        ],
        "topic": [
          "Animal Studies",
          "Birds (Aves)",
          "Hawai`i",
          "Nene (Branta sandvicensis)"
        ],
        "format": "Published Report",
        "publishDate": "1845",
        "building": [
          "Haleakala National Park (HALE)",
          "Hawaii Volcanoes National Park (HAVO)"
        ],
        "Title": "Narrative of the US Exploring Expedition during the years 1838, 1839, 1840, 1841, 1842, by the Commander of the Expedition",
        "Link": "https://irma.nps.gov/DataStore/Reference/Profile/81618"
      },
      "geometry": {
        "type": "MultiPoint",
        "coordinates": [
          [-156.1471, 20.7045],
          [-155.4073, 19.235]
        ]
      }
    },
    {
      "type": "Feature",
      "properties": {
        "id": "irma-554575",
        "institution": [
          "National Park Service (NPS)"
        ],
        "collection": [
          "NPS - IRMA"
        ],
        "topic": [
          "Lighthouses",
          "Maritime Commerce",
          "seawalls",
          "shore protection"
        ],
        "format": "Published Report",
        "publishDate": "1844",
        "building": [
          "Boston Harbor Islands National Recreation Area (BOHA)"
        ],
        "Title": "A special report on the sea wall, built in the year 1843, for the preservation of Ram Head at the northwest end of Lovells Island, in the harbor of Boston, Massachusetts",
        "Link": "https://irma.nps.gov/DataStore/Reference/Profile/554575"
      },
      "geometry": {
        "type": "Point",
        "coordinates": [-70.8762, 42.2622]
      }
    },
    {
      "type": "Feature",
      "properties": {
        "id": "irma-138605",
        "institution": [
          "National Park Service (NPS)"
        ],
        "collection": [
          "NPS - IRMA"
        ],
        "topic": [
          "Ethnology",
          "Language & Linguistics",
          "Military",
          "Nez Perce Reservation",
          "Treaties"
        ],
        "format": "Published Report",
        "publishDate": "1842",
        "building": [
          "Nez Perce National Historical Park (NEPE)"
        ],
        "Title": "Wilupupki 1842, Lapwai hipaina Takta Hwait Tamalwiawat himakespkinith, Suiapu-Miohat-upkinih",
        "Link": "https://irma.nps.gov/DataStore/Reference/Profile/138605"
      },
      "geometry": {
        "type": "Point",
        "coordinates": [-116.2758, 45.7961]
      }
    },
    {
      "type": "Feature",
      "properties": {
        "id": "irma-647166",
        "institution": [
          "National Park Service (NPS)"
        ],
        "collection": [
          "NPS - IRMA"
        ],
        "topic": [
          "1840",
          "East Rift Zone",
          "Eyewitness Account",
          "Halemaumau Crater",
          "Kilauea Volcano",
          "Wilkes (U.S. Exploring Expedition of 1840-1841)"
        ],
        "format": "Published Report",
        "publishDate": "1841",
        "building": [
          "Hawaii Volcanoes National Park (HAVO)"
        ],
        "Title": "Journal of William D. Brackenridge, Wilkes Expedition, Sept. 24, 1840 to Feb. 29, 1841",
        "Link": "https://irma.nps.gov/DataStore/Reference/Profile/647166"
      },
      "geometry": {
        "type": "Point",
        "coordinates": [-155.4073, 19.235]
      }
    },
    {
      "type": "Feature",
      "properties": {
        "id": "irma-389266",
        "institution": [
          "National Park Service (NPS)"
        ],
        "collection": [
          "NPS - IRMA"
        ],
        "topic": [
          "1838",
          "botony journal",
          "Nicollett Expedition",
          "Plant Communities",
          "Plant Species",
          "Plant Studies"
        ],
        "format": "Published Report",
        "publishDate": "1838",
        "building": [
          "Pipestone National Monument (PIPE)"
        ],
        "Title": "Transcription of Botony Journal--Geyers Botony Journal",
        "Link": "https://irma.nps.gov/DataStore/Reference/Profile/389266"
      },
      "geometry": {
        "type": "Point",
        "coordinates": [-96.3248, 44.014]
      }
    },
    {
      "type": "Feature",
      "properties": {
        "id": "irma-89673",
        "institution": [
          "National Park Service (NPS)"
        ],
        "collection": [
          "NPS - IRMA"
        ],
        "topic": [
          "Biography",
          "History",
          "Missions",
          "Spalding Eliza",
          "Spalding Henry Harmon"
        ],
        "format": "Published Report",
        "publishDate": "1836",
        "building": [
          "Nez Perce National Historical Park (NEPE)"
        ],
        "Title": "Papers of Henry and Eliza Spalding, 1836-[ca1968]",
        "Link": "https://irma.nps.gov/DataStore/Reference/Profile/89673"
      },
      "geometry": {
        "type": "Point",
        "coordinates": [-116.2758, 45.7961]
      }
    },
    {
      "type": "Feature",
      "properties": {
        "id": "irma-32231",
        "institution": [
          "National Park Service (NPS)"
        ],
        "collection": [
          "NPS - IRMA"
        ],
        "topic": [
          "Diaries-Journals",
          "History",
          "Whitman Narcissa"
        ],
        "format": "Published Report",
        "publishDate": "1836",
        "building": [
          "Whitman Mission National Historic Site (WHMI)"
        ],
        "Title": "The Diary of Mrs Narcissa Whitman, or the Journey from Rendezvous to Fort Vancouver & on Her Sojourn at Fort Vancouver, 1836",
        "Link": "https://irma.nps.gov/DataStore/Reference/Profile/32231"
      },
      "geometry": {
        "type": "Point",
        "coordinates": [-118.4655, 46.0426]
      }
    },
    {
      "type": "Feature",
      "properties": {
        "id": "irma-44631",
        "institution": [
          "National Park Service (NPS)"
        ],
        "collection": [
          "NPS - IRMA"
        ],
        "topic": [
          "Greene county",
          "Historic Vegetation",
          "Management",
          "Wilson's Creek National Battlefield Republic Missouri"
        ],
        "format": "Published Report",
        "publishDate": "1835",
        "building": [
          "Wilson's Creek National Battlefield (WICR)"
        ],
        "Title": "Field Notes for Greene and Christian Counties, Missouri",
        "Link": "https://irma.nps.gov/DataStore/Reference/Profile/44631"
      },
      "geometry": {
        "type": "Point",
        "coordinates": [-93.4088, 37.0998]
      }
    },
    {
      "type": "Feature",
      "properties": {
        "id": "irma-71512",
        "institution": [
          "National Park Service (NPS)"
        ],
        "collection": [
          "NPS - IRMA"
        ],
        "topic": [
          "Historic Documents",
          "History",
          "Letters",
          "Spalding Henry Harmon"
        ],
        "format": "Published Report",
        "publishDate": "1833",
        "building": [
          "Whitman Mission National Historic Site (WHMI)"
        ],
        "Title": "Letters and Papers of Reverend Henry Harmon Spalding, 1833-1874",
        "Link": "https://irma.nps.gov/DataStore/Reference/Profile/71512"
      },
      "geometry": {
        "type": "Point",
        "coordinates": [-118.4655, 46.0426]
      }
    },
    {
      "type": "Feature",
      "properties": {
        "id": "irma-554229",
        "institution": [
          "National Park Service (NPS)"
        ],
        "collection": [
          "NPS - IRMA"
        ],
        "topic": [
          "Coastal Massachusetts",
          "Fish",
          "Fishery",
          "Recreation"
        ],
        "format": "Published Report",
        "publishDate": "1833",
        "building": [
          "Boston Harbor Islands National Recreation Area (BOHA)"
        ],
        "Title": "Natural History of the Fishes of Massachusetts: Embracing A Practical Essay On Angling",
        "Link": "https://irma.nps.gov/DataStore/Reference/Profile/554229"
      },
      "geometry": {
        "type": "Point",
        "coordinates": [-70.8762, 42.2622]
      }
    },
    {
      "type": "Feature",
      "properties": {
        "id": "irma-94389",
        "institution": [
          "National Park Service (NPS)"
        ],
        "collection": [
          "NPS - IRMA"
        ],
        "topic": [
          "Animal Studies",
          "Hawai`i",
          "Nene (Branta sandvicensis)"
        ],
        "format": "Published Report",
        "publishDate": "1833",
        "building": [
          "Haleakala National Park (HALE)",
          "Hawaii Volcanoes National Park (HAVO)"
        ],
        "Title": "Polynesian researches during a residence of nearly eight years in the Sandwich Islands",
        "Link": "https://irma.nps.gov/DataStore/Reference/Profile/94389"
      },
      "geometry": {
        "type": "MultiPoint",
        "coordinates": [
          [-156.1471, 20.7045],
          [-155.4073, 19.235]
        ]
      }
    },
    {
      "type": "Feature",
      "properties": {
        "id": "irma-73885",
        "institution": [
          "National Park Service (NPS)"
        ],
        "collection": [
          "NPS - IRMA"
        ],
        "topic": [
          "Geology",
          "History",
          "Land Ownership",
          "Legislation",
          "Management",
          "Maps",
          "Park Boundaries",
          "Public Land",
          "Springs",
          "Thermal Springs",
          "Water Rights"
        ],
        "format": "Published Report",
        "publishDate": "1832",
        "building": [
          "Hot Springs National Park (HOSP)"
        ],
        "Title": "H S National Park, 1832-Present-Major Provisions of Federal Statues",
        "Link": "https://irma.nps.gov/DataStore/Reference/Profile/73885"
      },
      "geometry": {
        "type": "Point",
        "coordinates": [-93.0659, 34.5083]
      }
    },
    {
      "type": "Feature",
      "properties": {
        "id": "irma-19889",
        "institution": [
          "National Park Service (NPS)"
        ],
        "collection": [
          "NPS - IRMA"
        ],
        "topic": [
          "Diaries-Journals",
          "Fort Colville",
          "Heron C. T.",
          "History"
        ],
        "format": "Published Report",
        "publishDate": "1831",
        "building": [
          "Lake Roosevelt National Recreation Area (LARO)"
        ],
        "Title": "C T Herons Journal of Occurrences at Fort Colville (Bib)",
        "Link": "https://irma.nps.gov/DataStore/Reference/Profile/19889"
      },
      "geometry": {
        "type": "Point",
        "coordinates": [-118.4347, 47.8407]
      }
    },
    {
      "type": "Feature",
      "properties": {
        "id": "irma-65114",
        "institution": [
          "National Park Service (NPS)"
        ],
        "collection": [
          "NPS - IRMA"
        ],
        "topic": [
          "Fort Colville",
          "History",
          "Hudson's Bay Company"
        ],
        "format": "Published Report",
        "publishDate": "1830",
        "building": [
          "Lake Roosevelt National Recreation Area (LARO)"
        ],
        "Title": "Information Relative to Colville District (Bib)",
        "Link": "https://irma.nps.gov/DataStore/Reference/Profile/65114"
      },
      "geometry": {
        "type": "Point",
        "coordinates": [-118.4347, 47.8407]
      }
    },
    {
      "type": "Feature",
      "properties": {
        "id": "irma-100216",
        "institution": [
          "National Park Service (NPS)"
        ],
        "collection": [
          "NPS - IRMA"
        ],
        "topic": [
          "History",
          "Slickpoo Mission (St. Joseph's Mission)"
        ],
        "format": "Published Report",
        "publishDate": "1830",
        "building": [
          "Nez Perce National Historical Park (NEPE)"
        ],
        "Title": "Questions in regard to the proposed Nez Perce mission: manuscript [183-?]",
        "Link": "https://irma.nps.gov/DataStore/Reference/Profile/100216"
      },
      "geometry": {
        "type": "Point",
        "coordinates": [-116.2758, 45.7961]
      }
    },
    {
      "type": "Feature",
      "properties": {
        "id": "irma-115451",
        "institution": [
          "National Park Service (NPS)"
        ],
        "collection": [
          "NPS - IRMA"
        ],
        "topic": [
          "Fort Colville",
          "History"
        ],
        "format": "Published Report",
        "publishDate": "1830",
        "building": [
          "Lake Roosevelt National Recreation Area (LARO)"
        ],
        "Title": "Some Information Relative to Colville District, Fort Colville Report 1830  (Bib)",
        "Link": "https://irma.nps.gov/DataStore/Reference/Profile/115451"
      },
      "geometry": {
        "type": "Point",
        "coordinates": [-118.4347, 47.8407]
      }
    },
    {
      "type": "Feature",
      "properties": {
        "id": "irma-647249",
        "institution": [
          "National Park Service (NPS)"
        ],
        "collection": [
          "NPS - IRMA"
        ],
        "topic": [
          "1829",
          "1829-11-22",
          "Earthquake",
          "Kilauea Volcano",
          "South Hawaii",
          "Summit Caldera"
        ],
        "format": "Published Report",
        "publishDate": "1829",
        "building": [
          "Hawaii Volcanoes National Park (HAVO)"
        ],
        "Title": "[Entry from] Original journal, 11/30/1829-12/31/1831, Hawaii and Maui",
        "Link": "https://irma.nps.gov/DataStore/Reference/Profile/647249"
      },
      "geometry": {
        "type": "Point",
        "coordinates": [-155.4073, 19.235]
      }
    },
    {
      "type": "Feature",
      "properties": {
        "id": "irma-103823",
        "institution": [
          "National Park Service (NPS)"
        ],
        "collection": [
          "NPS - IRMA"
        ],
        "topic": [
          "Colville District",
          "History",
          "Hudson's Bay Company"
        ],
        "format": "Published Report",
        "publishDate": "1827",
        "building": [
          "Lake Roosevelt National Recreation Area (LARO)"
        ],
        "Title": "Report of Colville District (Bib)",
        "Link": "https://irma.nps.gov/DataStore/Reference/Profile/103823"
      },
      "geometry": {
        "type": "Point",
        "coordinates": [-118.4347, 47.8407]
      }
    },
    {
      "type": "Feature",
      "properties": {
        "id": "irma-76432",
        "institution": [
          "National Park Service (NPS)"
        ],
        "collection": [
          "NPS - IRMA"
        ],
        "topic": [
          "Cultural Historical",
          "historic sites FIIS Lighthouse legislation navigation historic res"
        ],
        "format": "Published Report",
        "publishDate": "1825",
        "building": [
          "Fire Island National Seashore (FIIS)"
        ],
        "Title": "Materials relating to establishment of the first Fire Island Lighthouse  American Eagle, May 21, 1825  Huntington, Long Island, NY  Available at US Department of Interior, National Park Service, Fire Island National Seashore, Patchogue, NY",
        "Link": "https://irma.nps.gov/DataStore/Reference/Profile/76432"
      },
      "geometry": {
        "type": "Point",
        "coordinates": [-72.9943, 40.6918]
      }
    },
    {
      "type": "Feature",
      "properties": {
        "id": "irma-16122",
        "institution": [
          "National Park Service (NPS)"
        ],
        "collection": [
          "NPS - IRMA"
        ],
        "topic": [
          "CRBIB",
          "Cultural Historical",
          "Floyd William biography genealogy history historical acct"
        ],
        "format": "Published Report",
        "publishDate": "1823",
        "building": [
          "Fire Island National Seashore (FIIS)"
        ],
        "Title": "Biography of the signers of the Declaration of Independence, Volume III, pp 130-150",
        "Link": "https://irma.nps.gov/DataStore/Reference/Profile/16122"
      },
      "geometry": {
        "type": "Point",
        "coordinates": [-72.9943, 40.6918]
      }
    },
    {
      "type": "Feature",
      "properties": {
        "id": "irma-388567",
        "institution": [
          "National Park Service (NPS)"
        ],
        "collection": [
          "NPS - IRMA"
        ],
        "topic": [
          "Creeks",
          "Garland County",
          "History",
          "Hydrology(Surface)",
          "Inventory",
          "Maps",
          "Ouachita",
          "Thermal Springs"
        ],
        "format": "Published Report",
        "publishDate": "1819",
        "building": [
          "Hot Springs National Park (HOSP)"
        ],
        "Title": "A Journal of Travels into the Arkansas Territory During the Year 1819",
        "Link": "https://irma.nps.gov/DataStore/Reference/Profile/388567"
      },
      "geometry": {
        "type": "Point",
        "coordinates": [-93.0659, 34.5083]
      }
    },
    {
      "type": "Feature",
      "properties": {
        "id": "irma-133630",
        "institution": [
          "National Park Service (NPS)"
        ],
        "collection": [
          "NPS - IRMA"
        ],
        "topic": [
          "Algae",
          "Creek",
          "Geology",
          "History",
          "novaculite",
          "Ouachita",
          "Quartz",
          "Thermal Springs",
          "Water Quality"
        ],
        "format": "Published Report",
        "publishDate": "1819",
        "building": [
          "Hot Springs National Park (HOSP)"
        ],
        "Title": "A View of the Lead Mines of Missouri; including some observations on the mineralogy, geology, geography, antiquities, soil, climate, population, and productions of Missouri and Arkansaw, and other sections of the western country",
        "Link": "https://irma.nps.gov/DataStore/Reference/Profile/133630"
      },
      "geometry": {
        "type": "Point",
        "coordinates": [-93.0659, 34.5083]
      }
    },
    {
      "type": "Feature",
      "properties": {
        "id": "irma-68087",
        "institution": [
          "National Park Service (NPS)"
        ],
        "collection": [
          "NPS - IRMA"
        ],
        "topic": [
          "Corps of Discovery",
          "diaries",
          "Exploration",
          "History",
          "journals"
        ],
        "format": "Published Report",
        "publishDate": "1807",
        "building": [
          "Lewis and Clark National Historical Park (LEWI)",
          "Nez Perce National Historical Park (NEPE)"
        ],
        "Title": "Journals of the Voyages and Travels of the Corps of Discovery 1804, 1805, and 1806",
        "Link": "https://irma.nps.gov/DataStore/Reference/Profile/68087"
      },
      "geometry": {
        "type": "MultiPoint",
        "coordinates": [
          [-124.0658, 46.2874],
          [-116.2758, 45.7961]
        ]
      }
    },
    {
      "type": "Feature",
      "properties": {
        "id": "irma-56096",
        "institution": [
          "National Park Service (NPS)"
        ],
        "collection": [
          "NPS - IRMA"
        ],
        "topic": [
          "Coastal",
          "Exploration",
          "History"
        ],
        "format": "Published Report",
        "publishDate": "1799",
        "building": [
          "Glacier Bay National Park and Preserve (GLBA)"
        ],
        "Title": "Glacier Bay area",
        "Link": "https://irma.nps.gov/DataStore/Reference/Profile/56096"
      },
      "geometry": {
        "type": "Point",
        "coordinates": [-136.8654, 58.7004]
      }
    },
    {
      "type": "Feature",
      "properties": {
        "id": "irma-56082",
        "institution": [
          "National Park Service (NPS)"
        ],
        "collection": [
          "NPS - IRMA"
        ],
        "topic": [
          "Coastal",
          "Exploration",
          "History"
        ],
        "format": "Published Report",
        "publishDate": "1798",
        "building": [
          "Glacier Bay National Park and Preserve (GLBA)"
        ],
        "Title": "Glacier Bay",
        "Link": "https://irma.nps.gov/DataStore/Reference/Profile/56082"
      },
      "geometry": {
        "type": "Point",
        "coordinates": [-136.8654, 58.7004]
      }
    }
  ]
}
