{
  "type": "FeatureCollection",
  "features": [
    {
      "type": "Feature",
      "properties": {
        "id": "irma-2252382",
        "institution": [
          "National Park Service (NPS)"
        ],
        "collection": [
          "NPS - IRMA"
        ],
        "topic": [
          "arctic",
          "beach",
          "coastal",
          "erosion",
          "lagoon",
          "landscape dynamics",
          "permafrost",
          "sea ice"
        ],
        "format": "Dissertation",
        "publishDate": "2017",
        "building": [
          "Bering Land Bridge National Preserve (BELA)",
          "Cape Krusenstern National Monument (CAKR)"
        ],
        "Title": "Arctic Landscape Dynamics: Modern Processes and Pleistocene Legacies",
        "Link": "https://irma.nps.gov/DataStore/Reference/Profile/2252382"
      },
      "geometry": {
        "type": "MultiPoint",
        "coordinates": [
          [-165.1266, 66.2151],
          [-163.4533, 67.4268]
        ]
      }
    },
    {
      "type": "Feature",
      "properties": {
        "id": "irma-2259725",
        "institution": [
          "National Park Service (NPS)"
        ],
        "collection": [
          "NPS - IRMA"
        ],
        "topic": [
          "Agricultural emissions",
          "Biological sciences",
          "Earth sciences",
          "Mountain meteorology",
          "Nitrogen",
          "Rocky Mountain National Park",
          "Social-ecology",
          "Wet deposition"
        ],
        "format": "Dissertation",
        "publishDate": "2017",
        "building": [
          "Rocky Mountain National Park (ROMO)"
        ],
        "Title": "A SOCIAL-ECOLOGICAL APPROACH TO MANAGING AGRICULTURAL AMMONIA \nEMISSIONS AND NITROGEN DEPOSITION IN ROCKY MOUNTAIN NATIONAL PARK",
        "Link": "https://irma.nps.gov/DataStore/Reference/Profile/2259725"
      },
      "geometry": {
        "type": "Point",
        "coordinates": [-105.7037, 40.3571]
      }
    },
    {
      "type": "Feature",
      "properties": {
        "id": "irma-2278499",
        "institution": [
          "National Park Service (NPS)"
        ],
        "collection": [
          "NPS - IRMA"
        ],
        "topic": [
          "acoustic",
          "phenology",
          "x#annualReports",
          "x#NETN",
          "x#phenology"
        ],
        "topic_facet": [
          {
            "key": "1047",
            "label": "Ecological Framework: Biological Integrity | Focal Species or Communities | Amphibians and Reptiles",
            "description": {}
          },
          {
            "key": "1048",
            "label": "Ecological Framework: Biological Integrity | Focal Species or Communities | Birds",
            "description": {}
          },
          {
            "key": "1061",
            "label": "Ecological Framework: Landscapes | Soundscape | Soundscape",
            "description": {}
          }
        ],
        "format": "Dissertation",
        "publishDate": "2015",
        "building": [
          "Marsh-Billings-Rockefeller National Historical Park (MABI)",
          "Northeast Temperate Network (NETN)",
          "Saratoga National Historical Park (SARA)"
        ],
        "Title": "monitoR: Automation Tools For Landscape-scale Acoustic Monitoring",
        "Link": "https://irma.nps.gov/DataStore/Reference/Profile/2278499"
      },
      "geometry": {
        "type": "MultiPoint",
        "coordinates": [
          [-72.535, 43.6334],
          [-73.629, 42.9791]
        ]
      }
    },
    {
      "type": "Feature",
      "properties": {
        "id": "irma-2292983",
        "institution": [
          "National Park Service (NPS)"
        ],
        "collection": [
          "NPS - IRMA"
        ],
        "topic": [
          "grazing",
          "historic landscape"
        ],
        "format": "Dissertation",
        "publishDate": "2008",
        "building": [
          "Bandelier National Monument (BAND)",
          "Colorado National Monument (COLM)",
          "Mesa Verde National Park (MEVE)"
        ],
        "Title": "CHARACTERIZE SOUTHWESTERN U.S.  PIÑON-JUNIPER WOODLANDS: SEEING THE ‘OLD’ TREES FOR THE ‘YOUNG’ FOREST",
        "Link": "https://irma.nps.gov/DataStore/Reference/Profile/2292983"
      },
      "geometry": {
        "type": "MultiPoint",
        "coordinates": [
          [-106.3573, 35.8188],
          [-108.6893, 38.9935],
          [-108.4472, 37.2271]
        ]
      }
    },
    {
      "type": "Feature",
      "properties": {
        "id": "irma-2301550",
        "institution": [
          "National Park Service (NPS)"
        ],
        "collection": [
          "NPS - IRMA"
        ],
        "topic": [
          "Amphibians",
          "Caudata",
          "Desmognathus",
          "dusky salamanders",
          "Ecological Niche Modeling",
          "Ecological Speciation",
          "GRSM-01232",
          "Phylogenetics",
          "Phylogeography",
          "Population Genetics",
          "Urodeles"
        ],
        "format": "Dissertation",
        "publishDate": "2023",
        "building": [
          "Great Smoky Mountains National Park (GRSM)"
        ],
        "Title": "Placing the Evolutionary History of Desmognathus Salamanders in Context: a Phylogeographic Approach",
        "Link": "https://irma.nps.gov/DataStore/Reference/Profile/2301550"
      },
      "geometry": {
        "type": "Point",
        "coordinates": [-83.5282, 35.5716]
      }
    },
    {
      "type": "Feature",
      "properties": {
        "id": "irma-2302179",
        "institution": [
          "National Park Service (NPS)"
        ],
        "collection": [
          "NPS - IRMA"
        ],
        "topic": [
          "Cervidae",
          "Cervus canadensis",
          "elk",
          "GRSM-02068",
          "Mammalia",
          "population estimate",
          "reintroduction",
          "wildlife management"
        ],
        "format": "Dissertation",
        "publishDate": "2023",
        "building": [
          "Great Smoky Mountains National Park (GRSM)"
        ],
        "Title": "Population Abundance and Growth of Elk (Cervus canadensis) in Western North Carolina",
        "Link": "https://irma.nps.gov/DataStore/Reference/Profile/2302179"
      },
      "geometry": {
        "type": "Point",
        "coordinates": [-83.5282, 35.5716]
      }
    },
    {
      "type": "Feature",
      "properties": {
        "id": "irma-2301467",
        "institution": [
          "National Park Service (NPS)"
        ],
        "collection": [
          "NPS - IRMA"
        ],
        "topic": [
          "ACAD",
          "Acadia National Park",
          "APHN",
          "Appalachian Highlands Network",
          "Ecological Niche Model",
          "evolution",
          "Great Smoky Mountains National Park",
          "GRSM",
          "GRSM-02028",
          "Loblolly Pine",
          "Maximum Entropy",
          "Pines",
          "Pinus pungens",
          "Pinus rigida",
          "Pinus taeda",
          "Pitch Pine",
          "SER",
          "Shenandoah National Park",
          "Southeast Region",
          "species divergence",
          "Table Mountain Pine"
        ],
        "format": "Dissertation",
        "publishDate": "2022",
        "building": [
          "Acadia National Park (ACAD)",
          "Great Smoky Mountains National Park (GRSM)",
          "Shenandoah National Park (SHEN)"
        ],
        "Title": "Quantifying Contributions of Climate, Geography, and Gene Flow to Divergence: a Case Study for Three North American Pines",
        "Link": "https://irma.nps.gov/DataStore/Reference/Profile/2301467"
      },
      "geometry": {
        "type": "MultiPoint",
        "coordinates": [
          [-68.2397, 44.3594],
          [-83.5282, 35.5716],
          [-78.5008, 38.3518]
        ]
      }
    },
    {
      "type": "Feature",
      "properties": {
        "id": "irma-2301861",
        "institution": [
          "National Park Service (NPS)"
        ],
        "collection": [
          "NPS - IRMA"
        ],
        "topic": [
          "disturbance",
          "Great Smoky Mountains National Park",
          "GRSM-00891",
          "soil moisture",
          "vascular plants",
          "vegetation communities"
        ],
        "format": "Dissertation",
        "publishDate": "2018",
        "building": [
          "Great Smoky Mountains National Park (GRSM)"
        ],
        "Title": "Disturbance, Fine-Scale Environment, and Forest Change in Great Smoky Mountains National Park",
        "Link": "https://irma.nps.gov/DataStore/Reference/Profile/2301861"
      },
      "geometry": {
        "type": "Point",
        "coordinates": [-83.5282, 35.5716]
      }
    },
    {
      "type": "Feature",
      "properties": {
        "id": "irma-2302199",
        "institution": [
          "National Park Service (NPS)"
        ],
        "collection": [
          "NPS - IRMA"
        ],
        "topic": [
          "Gaultheria procumbens",
          "GRSM-02404",
          "Liliaceae",
          "phylogenetics",
          "Prosartes",
          "Streptopoideae",
          "Streptopus lanceolatus",
          "vascular plants"
        ],
        "format": "Dissertation",
        "publishDate": "2020",
        "building": [
          "Great Smoky Mountains National Park (GRSM)"
        ],
        "Title": "Phylogenomics of Liliaceae Subfamily Streptopoideae and a Phylogeographic Study of Rosy Twisted-stalk (Streptopus lanceolatus) Across North America",
        "Link": "https://irma.nps.gov/DataStore/Reference/Profile/2302199"
      },
      "geometry": {
        "type": "Point",
        "coordinates": [-83.5282, 35.5716]
      }
    },
    {
      "type": "Feature",
      "properties": {
        "id": "irma-2193345",
        "institution": [
          "National Park Service (NPS)"
        ],
        "collection": [
          "NPS - IRMA"
        ],
        "topic": [
          "Aquatic Insect",
          "Benthic",
          "Climate",
          "Climate Change",
          "climate footprint",
          "conservation planning",
          "Macroinvertebrate",
          "MaxEnt",
          "maximum entropy modeling"
        ],
        "topic_facet": [
          {
            "key": "1004",
            "label": "Ecological Framework: Air and Climate | Weather and Climate | Weather and Climate",
            "description": {}
          },
          {
            "key": "1044",
            "label": "Ecological Framework: Biological Integrity | Focal Species or Communities | Freshwater Invertebrates",
            "description": {}
          }
        ],
        "format": "Dissertation",
        "publishDate": "2012",
        "building": [
          "Abraham Lincoln Birthplace National Historical Park (ABLI)",
          "Big South Fork National River and Recreation Area (BISO)",
          "Blue Ridge Parkway (BLRI)",
          "Chickamauga and Chattanooga National Military Park (CHCH)",
          "Cowpens National Battlefield (COWP)",
          "Cumberland Gap National Historical Park (CUGA)",
          "Fort Donelson National Battlefield (FODO)",
          "Great Smoky Mountains National Park (GRSM)",
          "Guilford Courthouse National Military Park (GUCO)",
          "Kings Mountain National Military Park (KIMO)",
          "Little River Canyon National Preserve (LIRI)",
          "Mammoth Cave National Park (MACA)",
          "Ninety Six National Historic Site (NISI)",
          "Obed Wild and Scenic River (OBRI)",
          "Russell Cave National Monument (RUCA)",
          "Shiloh National Military Park (SHIL)",
          "Stones River National Battlefield (STRI)"
        ],
        "Title": "Patterns of Ecological Performance and Aquatic Insect Diversity in High Quality Protected Area Networks",
        "Link": "https://irma.nps.gov/DataStore/Reference/Profile/2193345"
      },
      "geometry": {
        "type": "MultiPoint",
        "coordinates": [
          [-85.6443, 37.6116],
          [-84.6743, 36.3837],
          [-81.0706, 36.4365],
          [-85.2553, 34.9192],
          [-81.8083, 35.1306],
          [-83.6064, 36.6313],
          [-87.8561, 36.4913],
          [-83.5282, 35.5716],
          [-79.8409, 36.1334],
          [-81.3897, 35.1414],
          [-85.6289, 34.3865],
          [-86.1454, 37.1316],
          [-82.0151, 34.1437],
          [-84.8, 36.0887],
          [-85.8142, 34.9776],
          [-88.3395, 35.1431],
          [-86.4333, 35.8731]
        ]
      }
    },
    {
      "type": "Feature",
      "properties": {
        "id": "irma-2307300",
        "institution": [
          "National Park Service (NPS)"
        ],
        "collection": [
          "NPS - IRMA"
        ],
        "topic": [
          "biophysical ecology",
          "climate change",
          "ecophysiology",
          "GIS",
          "macroclimate",
          "microclimate",
          "nonlinearity",
          "Plethodon jordani",
          "resolution",
          "salamanders",
          "species distribution model"
        ],
        "format": "Dissertation",
        "publishDate": "2024",
        "building": [
          "Great Smoky Mountains National Park (GRSM)"
        ],
        "Title": "Microclimate and its Role in Biogeography from Local to Global Scales",
        "Link": "https://irma.nps.gov/DataStore/Reference/Profile/2307300"
      },
      "geometry": {
        "type": "Point",
        "coordinates": [-83.5282, 35.5716]
      }
    },
    {
      "type": "Feature",
      "properties": {
        "id": "irma-2304510",
        "institution": [
          "National Park Service (NPS)"
        ],
        "collection": [
          "NPS - IRMA"
        ],
        "topic": [
          "amphibians",
          "bateria",
          "Eurycea wilderae",
          "GRSM-02069",
          "microbiomes",
          "pathogens",
          "salamanders",
          "symbionts",
          "Urodeles"
        ],
        "format": "Dissertation",
        "publishDate": "2024",
        "building": [
          "Great Smoky Mountains National Park (GRSM)"
        ],
        "Title": "Of Hosts and Habitats: The Ecological and Evolutionary Patterns of the Amphibian Skin Microbiome",
        "Link": "https://irma.nps.gov/DataStore/Reference/Profile/2304510"
      },
      "geometry": {
        "type": "Point",
        "coordinates": [-83.5282, 35.5716]
      }
    },
    {
      "type": "Feature",
      "properties": {
        "id": "irma-2307326",
        "institution": [
          "National Park Service (NPS)"
        ],
        "collection": [
          "NPS - IRMA"
        ],
        "topic": [
          "China",
          "culturally conditioned behaviors",
          "environmentally responsible behavior",
          "Mount Rainier National Park",
          "social science",
          "visitor behavior"
        ],
        "format": "Dissertation",
        "publishDate": "2024",
        "building": [
          "Mount Rainier National Park (MORA)"
        ],
        "Title": "Understanding Environmentally Responsible Behavior of National Park Visitors:  A Cross-Cultural Perspective",
        "Link": "https://irma.nps.gov/DataStore/Reference/Profile/2307326"
      },
      "geometry": {
        "type": "Point",
        "coordinates": [-121.6826, 46.8656]
      }
    },
    {
      "type": "Feature",
      "properties": {
        "id": "irma-2274057",
        "institution": [
          "National Park Service (NPS)"
        ],
        "collection": [
          "NPS - IRMA"
        ],
        "topic": [
          ""
        ],
        "format": "Dissertation",
        "publishDate": "2019",
        "building": [
          "Rocky Mountain National Park (ROMO)"
        ],
        "Title": "ALGAL BLOOMS IN THE ALPINE: INVESTIGATING THE COUPLED EFFECTS OF WARMING AND NUTRIENT DEPOSITION ON MOUNTAIN LAKES",
        "Link": "https://irma.nps.gov/DataStore/Reference/Profile/2274057"
      },
      "geometry": {
        "type": "Point",
        "coordinates": [-105.7037, 40.3571]
      }
    },
    {
      "type": "Feature",
      "properties": {
        "id": "irma-2267752",
        "institution": [
          "National Park Service (NPS)"
        ],
        "collection": [
          "NPS - IRMA"
        ],
        "topic": [
          "Carbon (C)",
          "Fall (season)",
          "Ice",
          "Lakes and ponds",
          "Precipitation",
          "Spring (season)",
          "Storms",
          "Stormwater",
          "Summer (season)",
          "Water",
          "Water quality",
          "Water resource management",
          "Water resources",
          "Watersheds"
        ],
        "format": "Dissertation",
        "publishDate": "2018",
        "building": [
          "Acadia National Park (ACAD)"
        ],
        "Title": "Ecological and economic implications of increased storm frequency and severity for boreal lakes",
        "Link": "https://irma.nps.gov/DataStore/Reference/Profile/2267752"
      },
      "geometry": {
        "type": "Point",
        "coordinates": [-68.2397, 44.3594]
      }
    },
    {
      "type": "Feature",
      "properties": {
        "id": "irma-2223419",
        "institution": [
          "National Park Service (NPS)"
        ],
        "collection": [
          "NPS - IRMA"
        ],
        "topic": [
          "All Taxa Biodiversity Inventory",
          "ATBI",
          "Cades Cove",
          "Diptera",
          "DNA barcoding",
          "Flies",
          "Insects",
          "malaise trap",
          "parasitoid",
          "Phasiinae",
          "Purchase Knob",
          "Tachinidaem GRSM-01155"
        ],
        "topic_facet": [
          {
            "key": "1045",
            "label": "Ecological Framework: Biological Integrity | Focal Species or Communities | Terrestrial Invertebrates",
            "description": {}
          }
        ],
        "format": "Dissertation",
        "publishDate": "2015",
        "building": [
          "Great Smoky Mountains National Park (GRSM)"
        ],
        "Title": "Evolution and Phylogeny of the Parasitoid Subfamily Phasiinae (Diptera: Tachinidae)",
        "Link": "https://irma.nps.gov/DataStore/Reference/Profile/2223419"
      },
      "geometry": {
        "type": "Point",
        "coordinates": [-83.5282, 35.5716]
      }
    },
    {
      "type": "Feature",
      "properties": {
        "id": "irma-2264766",
        "institution": [
          "National Park Service (NPS)"
        ],
        "collection": [
          "NPS - IRMA"
        ],
        "topic": [
          "citizen science",
          "national parks",
          "place attachment",
          "stewardship"
        ],
        "format": "Dissertation",
        "publishDate": "2019",
        "building": [
          "Acadia National Park (ACAD)",
          "Great Smoky Mountains National Park (GRSM)",
          "Yellowstone National Park (YELL)"
        ],
        "Title": "National Park Citizen Science Participation: Exploring Place Attachment and Stewardship",
        "Link": "https://irma.nps.gov/DataStore/Reference/Profile/2264766"
      },
      "geometry": {
        "type": "MultiPoint",
        "coordinates": [
          [-68.2397, 44.3594],
          [-83.5282, 35.5716],
          [-110.4901, 44.5813]
        ]
      }
    },
    {
      "type": "Feature",
      "properties": {
        "id": "irma-2299302",
        "institution": [
          "National Park Service (NPS)"
        ],
        "collection": [
          "NPS - IRMA"
        ],
        "topic": [
          "Auto3dgm",
          "Brook Trout",
          "Color and Pattern",
          "Computed Tomography",
          "GRSM-00860",
          "Morphometrics",
          "Phenotypic Variation",
          "Salvelinus fontinalis",
          "taxonomy"
        ],
        "format": "Dissertation",
        "publishDate": "2023",
        "building": [
          "Great Smoky Mountains National Park (GRSM)"
        ],
        "Title": "A Morphological Assessment of Salvelinus sp. (Subgenus Baione)",
        "Link": "https://irma.nps.gov/DataStore/Reference/Profile/2299302"
      },
      "geometry": {
        "type": "Point",
        "coordinates": [-83.5282, 35.5716]
      }
    },
    {
      "type": "Feature",
      "properties": {
        "id": "irma-2300370",
        "institution": [
          "National Park Service (NPS)"
        ],
        "collection": [
          "NPS - IRMA"
        ],
        "topic": [
          "Appalachian Trail",
          "Brazil",
          "Continental Divide Trail",
          "GRSM-02147",
          "hiking",
          "neighboring communities",
          "Pacific Crest Trail",
          "recreation",
          "social science"
        ],
        "format": "Dissertation",
        "publishDate": "2023",
        "building": [
          "Crater Lake National Park (CRLA)",
          "Glacier National Park (GLAC)",
          "Great Smoky Mountains National Park (GRSM)"
        ],
        "Title": "A Path to Nature Conservation: The Role of Mega Trails in Connecting Hikers, Communities, and Landscapes",
        "Link": "https://irma.nps.gov/DataStore/Reference/Profile/2300370"
      },
      "geometry": {
        "type": "MultiPoint",
        "coordinates": [
          [-122.1353, 42.9443],
          [-113.8587, 48.7468],
          [-83.5282, 35.5716]
        ]
      }
    },
    {
      "type": "Feature",
      "properties": {
        "id": "irma-2267765",
        "institution": [
          "National Park Service (NPS)"
        ],
        "collection": [
          "NPS - IRMA"
        ],
        "topic": [
          "Air temperature",
          "Carbon (C)",
          "Carbon cycle",
          "Clarity (water)",
          "Core sampling",
          "Depth",
          "Diatoms",
          "Lakes and ponds",
          "Light",
          "Precipitation",
          "Seasonality",
          "Sediment",
          "Sediment cores",
          "Soil",
          "Solar radiation",
          "Spring (season)",
          "Temperature",
          "Water",
          "Water resources",
          "Water temperature"
        ],
        "format": "Dissertation",
        "publishDate": "2018",
        "building": [
          "Acadia National Park (ACAD)"
        ],
        "Title": "Assessing the mechanisms and implications of altered carbon cycling in Arctic and boreal lakes",
        "Link": "https://irma.nps.gov/DataStore/Reference/Profile/2267765"
      },
      "geometry": {
        "type": "Point",
        "coordinates": [-68.2397, 44.3594]
      }
    },
    {
      "type": "Feature",
      "properties": {
        "id": "irma-2256610",
        "institution": [
          "National Park Service (NPS)"
        ],
        "collection": [
          "NPS - IRMA"
        ],
        "topic": [
          "Climate adaptation",
          "resilience"
        ],
        "format": "Dissertation",
        "publishDate": "2018",
        "building": [
          "Colonial National Historical Park (COLO)",
          "Gulf Islands National Seashore (GUIS)",
          "San Francisco Maritime National Historical Park (SAFR)"
        ],
        "Title": "Climate Change and Coastal Cultural Heritage:\nInsights from Three National Parks",
        "Link": "https://irma.nps.gov/DataStore/Reference/Profile/2256610"
      },
      "geometry": {
        "type": "MultiPoint",
        "coordinates": [
          [-76.6342, 37.2881],
          [-86.91, 30.3731],
          [-122.4236, 37.8086]
        ]
      }
    },
    {
      "type": "Feature",
      "properties": {
        "id": "irma-2299667",
        "institution": [
          "National Park Service (NPS)"
        ],
        "collection": [
          "NPS - IRMA"
        ],
        "topic": [
          "Chimney Tops 2 Fire",
          "DNA sequences",
          "fire ecology",
          "soil microbes",
          "soils"
        ],
        "format": "Dissertation",
        "publishDate": "2023",
        "building": [
          "Great Smoky Mountains National Park (GRSM)"
        ],
        "Title": "Computational Analysis of Microbial Sequence Data Using Statistics and Machine Learning",
        "Link": "https://irma.nps.gov/DataStore/Reference/Profile/2299667"
      },
      "geometry": {
        "type": "Point",
        "coordinates": [-83.5282, 35.5716]
      }
    },
    {
      "type": "Feature",
      "properties": {
        "id": "irma-2298494",
        "institution": [
          "National Park Service (NPS)"
        ],
        "collection": [
          "NPS - IRMA"
        ],
        "topic": [
          "communication",
          "forest ecology",
          "GRSM-01166",
          "jurisdictional boundary",
          "land management",
          "PACE",
          "protected area-centered ecosystem",
          "public-private interface",
          "social science"
        ],
        "format": "Dissertation",
        "publishDate": "2023",
        "building": [
          "Great Smoky Mountains National Park (GRSM)"
        ],
        "Title": "Cross-Boundary Stewardship in Protected Area Centered Ecosystems: Perceptions of Success and Characteristics of Cooperative Engagement",
        "Link": "https://irma.nps.gov/DataStore/Reference/Profile/2298494"
      },
      "geometry": {
        "type": "Point",
        "coordinates": [-83.5282, 35.5716]
      }
    },
    {
      "type": "Feature",
      "properties": {
        "id": "irma-2299449",
        "institution": [
          "National Park Service (NPS)"
        ],
        "collection": [
          "NPS - IRMA"
        ],
        "topic": [
          "climate change",
          "curriculum alignment",
          "educational resources",
          "K-12 education",
          "science teachers"
        ],
        "format": "Dissertation",
        "publishDate": "2023",
        "building": [
          "Glacier National Park (GLAC)",
          "Great Smoky Mountains National Park (GRSM)",
          "Haleakala National Park (HALE)",
          "Indiana Dunes National Lakeshore (INDU)",
          "Kenai Fjords National Park (KEFJ)",
          "Shenandoah National Park (SHEN)"
        ],
        "Title": "K-12 Science Teachers' Use of Climate Change Educational Resources from National Parks in the United States.",
        "Link": "https://irma.nps.gov/DataStore/Reference/Profile/2299449"
      },
      "geometry": {
        "type": "MultiPoint",
        "coordinates": [
          [-113.8587, 48.7468],
          [-83.5282, 35.5716],
          [-156.1471, 20.7045],
          [-87.0431, 41.6561],
          [-150.2466, 59.504],
          [-78.5008, 38.3518]
        ]
      }
    },
    {
      "type": "Feature",
      "properties": {
        "id": "irma-2302968",
        "institution": [
          "National Park Service (NPS)"
        ],
        "collection": [
          "NPS - IRMA"
        ],
        "topic": [
          "Cataloochee Creek",
          "climate change",
          "climate predictions",
          "Floods",
          "GRSM-00493",
          "Headwater basins",
          "Orographic rainfall",
          "QPE corrections",
          "weather forecasts"
        ],
        "format": "Dissertation",
        "publishDate": "2023",
        "building": [
          "Great Smoky Mountains National Park (GRSM)"
        ],
        "Title": "Toward Optimal Rainfall – Hydrologic Correction of Precipitation to Close the Water Budget in Headwater Basins",
        "Link": "https://irma.nps.gov/DataStore/Reference/Profile/2302968"
      },
      "geometry": {
        "type": "Point",
        "coordinates": [-83.5282, 35.5716]
      }
    },
    {
      "type": "Feature",
      "properties": {
        "id": "irma-2299669",
        "institution": [
          "National Park Service (NPS)"
        ],
        "collection": [
          "NPS - IRMA"
        ],
        "topic": [
          "GRSM-02188",
          "job satisfaction",
          "minorities",
          "NPS employees",
          "social science"
        ],
        "format": "Dissertation",
        "publishDate": "2023",
        "building": [
          "Great Smoky Mountains National Park (GRSM)"
        ],
        "Title": "Understanding Job Satisfaction in the National Park Service, the Needs of Black Employees, and the Decision-Making of Managers.",
        "Link": "https://irma.nps.gov/DataStore/Reference/Profile/2299669"
      },
      "geometry": {
        "type": "Point",
        "coordinates": [-83.5282, 35.5716]
      }
    },
    {
      "type": "Feature",
      "properties": {
        "id": "irma-2264993",
        "institution": [
          "National Park Service (NPS)"
        ],
        "collection": [
          "NPS - IRMA"
        ],
        "topic": [
          "Climate",
          "Glacier mass balance",
          "Glaciers",
          "Greenland Ice Sheet",
          "Ice dynamics",
          "Radiostratigraphy"
        ],
        "topic_facet": [
          {
            "key": "1006",
            "label": "Ecological Framework: Geology and Soils | Geomorphology | Glacial Features and Processes",
            "description": {}
          }
        ],
        "format": "Dissertation",
        "publishDate": "2018",
        "building": [
          "Glacier National Park (GLAC)"
        ],
        "Title": "Understanding changes to glacier and ice sheet geometry: the roles of climate and ice dynamics",
        "Link": "https://irma.nps.gov/DataStore/Reference/Profile/2264993"
      },
      "geometry": {
        "type": "Point",
        "coordinates": [-113.8587, 48.7468]
      }
    },
    {
      "type": "Feature",
      "properties": {
        "id": "irma-2253537",
        "institution": [
          "National Park Service (NPS)"
        ],
        "collection": [
          "NPS - IRMA"
        ],
        "topic": [
          "Ochotona princeps",
          "pika",
          "Rocky Mountain National Park"
        ],
        "format": "Dissertation",
        "publishDate": "2013",
        "building": [
          "Rocky Mountain National Park (ROMO)"
        ],
        "Title": "Climatic and Habitat Drivers of American Pika (Ochotona princeps) Occupancy and Population Density Dynamics in the Southern Rocky Mountain Region",
        "Link": "https://irma.nps.gov/DataStore/Reference/Profile/2253537"
      },
      "geometry": {
        "type": "Point",
        "coordinates": [-105.7037, 40.3571]
      }
    },
    {
      "type": "Feature",
      "properties": {
        "id": "irma-2294676",
        "institution": [
          "National Park Service (NPS)"
        ],
        "collection": [
          "NPS - IRMA"
        ],
        "topic": [
          ""
        ],
        "format": "Dissertation",
        "publishDate": "2022",
        "building": [
          "Katahdin Woods and Waters National Monument (KAWW)"
        ],
        "Title": "Influences of Past and Future Forest Management on the Spatiotemporal Dynamics of Habitat Supply for Canada Lynx and American Martens in Northern Maine",
        "Link": "https://irma.nps.gov/DataStore/Reference/Profile/2294676"
      },
      "geometry": {
        "type": "Point",
        "coordinates": [-68.7475, 45.879]
      }
    },
    {
      "type": "Feature",
      "properties": {
        "id": "irma-2293839",
        "institution": [
          "National Park Service (NPS)"
        ],
        "collection": [
          "NPS - IRMA"
        ],
        "topic": [
          "Chimney Tops 2 Fire",
          "goldenrod",
          "GRSM-02024",
          "oak",
          "Quercus",
          "soil microbial community",
          "Solidago",
          "vascular plants"
        ],
        "format": "Dissertation",
        "publishDate": "2022",
        "building": [
          "Great Smoky Mountains National Park (GRSM)"
        ],
        "Title": "Making Sense of Soil Microbiome Complexity for Plant and Ecosystem Function in a Changing World",
        "Link": "https://irma.nps.gov/DataStore/Reference/Profile/2293839"
      },
      "geometry": {
        "type": "Point",
        "coordinates": [-83.5282, 35.5716]
      }
    },
    {
      "type": "Feature",
      "properties": {
        "id": "irma-2293840",
        "institution": [
          "National Park Service (NPS)"
        ],
        "collection": [
          "NPS - IRMA"
        ],
        "topic": [
          "anthropogenic disturbances",
          "Chimney Tops 2 Fire",
          "GRSM-02024",
          "public perceptions",
          "social science",
          "urbanization",
          "wildland-urban interfaces"
        ],
        "format": "Dissertation",
        "publishDate": "2022",
        "building": [
          "Great Smoky Mountains National Park (GRSM)"
        ],
        "Title": "Plant Community Responses to Interactive Anthropogenic Disturbances along a Natural-Wildland-Urban Gradient and\nUndergraduate Students’ Attitudes toward Disturbances",
        "Link": "https://irma.nps.gov/DataStore/Reference/Profile/2293840"
      },
      "geometry": {
        "type": "Point",
        "coordinates": [-83.5282, 35.5716]
      }
    },
    {
      "type": "Feature",
      "properties": {
        "id": "irma-2250032",
        "institution": [
          "National Park Service (NPS)"
        ],
        "collection": [
          "NPS - IRMA"
        ],
        "topic": [
          "Lagopus leucura",
          "population viability",
          "Reproductive ecology",
          "white-tailed ptarmigan"
        ],
        "topic_facet": [
          {
            "key": "1048",
            "label": "Ecological Framework: Biological Integrity | Focal Species or Communities | Birds",
            "description": {}
          }
        ],
        "format": "Dissertation",
        "publishDate": "2017",
        "building": [
          "Rocky Mountain National Park (ROMO)"
        ],
        "Title": "REPRODUCTIVE ECOLOGY AND POPULATION VIABILITY OF ALPINE-ENDEMIC PTARMIGAN POPULATIONS IN COLORADO",
        "Link": "https://irma.nps.gov/DataStore/Reference/Profile/2250032"
      },
      "geometry": {
        "type": "Point",
        "coordinates": [-105.7037, 40.3571]
      }
    },
    {
      "type": "Feature",
      "properties": {
        "id": "irma-2294293",
        "institution": [
          "National Park Service (NPS)"
        ],
        "collection": [
          "NPS - IRMA"
        ],
        "topic": [
          "climate change",
          "Coleoptera",
          "competition",
          "GRSM-02004",
          "Insecta",
          "introduced species",
          "native dung beetle communities",
          "Onthophagus hecate",
          "Onthophagus taurus",
          "phenotypic plasticity",
          "Scarabaeidae"
        ],
        "format": "Dissertation",
        "publishDate": "2022",
        "building": [
          "Great Smoky Mountains National Park (GRSM)"
        ],
        "Title": "The Influence of Traits on Species Responses to Climate Change: Does Warming Negatively Impact Native Species More than Invasive Species?",
        "Link": "https://irma.nps.gov/DataStore/Reference/Profile/2294293"
      },
      "geometry": {
        "type": "Point",
        "coordinates": [-83.5282, 35.5716]
      }
    },
    {
      "type": "Feature",
      "properties": {
        "id": "irma-2294675",
        "institution": [
          "National Park Service (NPS)"
        ],
        "collection": [
          "NPS - IRMA"
        ],
        "topic": [
          "bats",
          "Chiroptera",
          "GRSM-01179",
          "Mammals",
          "spatial partitioning",
          "temporal partitioning"
        ],
        "format": "Dissertation",
        "publishDate": "2022",
        "building": [
          "Great Smoky Mountains National Park (GRSM)"
        ],
        "Title": "The Trophic Ecology of Insectivorous Bats in the Eastern United States and their Ecological Impact to Forests",
        "Link": "https://irma.nps.gov/DataStore/Reference/Profile/2294675"
      },
      "geometry": {
        "type": "Point",
        "coordinates": [-83.5282, 35.5716]
      }
    },
    {
      "type": "Feature",
      "properties": {
        "id": "irma-2301725",
        "institution": [
          "National Park Service (NPS)"
        ],
        "collection": [
          "NPS - IRMA"
        ],
        "topic": [
          "Christianity",
          "faith",
          "group behavior",
          "GRSM-02121",
          "recreation",
          "religion",
          "religious-based retreat",
          "social science",
          "solitude",
          "triangle effect"
        ],
        "format": "Dissertation",
        "publishDate": "2021",
        "building": [
          "Great Smoky Mountains National Park (GRSM)",
          "Indiana Dunes National Lakeshore (INDU)"
        ],
        "Title": "Christianity and National Parks: Seeing God in Nature-Based Experiences",
        "Link": "https://irma.nps.gov/DataStore/Reference/Profile/2301725"
      },
      "geometry": {
        "type": "MultiPoint",
        "coordinates": [
          [-83.5282, 35.5716],
          [-87.0431, 41.6561]
        ]
      }
    },
    {
      "type": "Feature",
      "properties": {
        "id": "irma-2290131",
        "institution": [
          "National Park Service (NPS)"
        ],
        "collection": [
          "NPS - IRMA"
        ],
        "topic": [
          "geology",
          "Smoky Mountain Group",
          "southern Blue Ridge",
          "tectonics"
        ],
        "format": "Dissertation",
        "publishDate": "2021",
        "building": [
          "Blue Ridge Parkway (BLRI)",
          "Great Smoky Mountains National Park (GRSM)"
        ],
        "Title": "Geology of the Epperson Synclinorium, Georgia and Tennessee, Correlating Middle Paleozoic Successor Basin Sequences and Implications for the Depositional and Tectonometamorphic Evolution of the Southern Appalachian Western Blue Ridge",
        "Link": "https://irma.nps.gov/DataStore/Reference/Profile/2290131"
      },
      "geometry": {
        "type": "MultiPoint",
        "coordinates": [
          [-81.0706, 36.4365],
          [-83.5282, 35.5716]
        ]
      }
    },
    {
      "type": "Feature",
      "properties": {
        "id": "irma-2247643",
        "institution": [
          "National Park Service (NPS)"
        ],
        "collection": [
          "NPS - IRMA"
        ],
        "topic": [
          "All Taxa Biodiversity Inventory",
          "APHN",
          "Appalachian Highlands Network",
          "ATBI",
          "biodiversity",
          "Great Smoky Mountains National Park",
          "GRSM",
          "GRSM-00374",
          "Parasitengona",
          "SER",
          "Southeast Region",
          "taxonomy",
          "Torrenticola",
          "Torrenticolidae"
        ],
        "format": "Dissertation",
        "publishDate": "2016",
        "building": [
          "Great Smoky Mountains National Park (GRSM)",
          "Natchez Trace Parkway (NATR)"
        ],
        "Title": "Integrative Taxonomy of North American Torrent Mites (Parasitengona: Torrenticolidae: Torrenticola)",
        "Link": "https://irma.nps.gov/DataStore/Reference/Profile/2247643"
      },
      "geometry": {
        "type": "MultiPoint",
        "coordinates": [
          [-83.5282, 35.5716],
          [-89.6542, 32.87]
        ]
      }
    },
    {
      "type": "Feature",
      "properties": {
        "id": "irma-2290034",
        "institution": [
          "National Park Service (NPS)"
        ],
        "collection": [
          "NPS - IRMA"
        ],
        "topic": [
          "American beech",
          "beech bark disease",
          "Corinectria",
          "Fagus americanus",
          "fungi",
          "GRSM-02059",
          "mating type",
          "Neonectria",
          "target canker"
        ],
        "format": "Dissertation",
        "publishDate": "2020",
        "building": [
          "Great Smoky Mountains National Park (GRSM)"
        ],
        "Title": "Occurrence, Mating Strategy, and Pathogenicity of Members of Nectriaceae in Central Appalachia",
        "Link": "https://irma.nps.gov/DataStore/Reference/Profile/2290034"
      },
      "geometry": {
        "type": "Point",
        "coordinates": [-83.5282, 35.5716]
      }
    },
    {
      "type": "Feature",
      "properties": {
        "id": "irma-2302296",
        "institution": [
          "National Park Service (NPS)"
        ],
        "collection": [
          "NPS - IRMA"
        ],
        "topic": [
          "conservation policy",
          "cultural ecosystem services",
          "GIScience",
          "GRSM-02096",
          "national park management",
          "recreation",
          "social media",
          "social science",
          "text analysis",
          "tourism geography",
          "visitation"
        ],
        "format": "Dissertation",
        "publishDate": "2021",
        "building": [
          "Great Smoky Mountains National Park (GRSM)"
        ],
        "Title": "Place-based Conservation for Protected Area Management:  Geotagged User-Generated Content Analysis",
        "Link": "https://irma.nps.gov/DataStore/Reference/Profile/2302296"
      },
      "geometry": {
        "type": "Point",
        "coordinates": [-83.5282, 35.5716]
      }
    },
    {
      "type": "Feature",
      "properties": {
        "id": "irma-2295173",
        "institution": [
          "National Park Service (NPS)"
        ],
        "collection": [
          "NPS - IRMA"
        ],
        "topic": [
          "Abies fraseri",
          "Adelges piceae",
          "Balsam Woolly Adelgid",
          "BWA",
          "Eastern Hemlock",
          "Fraser fir",
          "genetics",
          "GRSM-00400",
          "HWA",
          "Tsuga canadensis"
        ],
        "format": "Dissertation",
        "publishDate": "2021",
        "building": [
          "Blue Ridge Parkway (BLRI)",
          "Great Smoky Mountains National Park (GRSM)"
        ],
        "Title": "The Ecology and Genetics of Eastern Hemlock and Fraser Fir Threatened by Invasive Adelgids.",
        "Link": "https://irma.nps.gov/DataStore/Reference/Profile/2295173"
      },
      "geometry": {
        "type": "MultiPoint",
        "coordinates": [
          [-81.0706, 36.4365],
          [-83.5282, 35.5716]
        ]
      }
    },
    {
      "type": "Feature",
      "properties": {
        "id": "irma-2205556",
        "institution": [
          "National Park Service (NPS)"
        ],
        "collection": [
          "NPS - IRMA"
        ],
        "topic": [
          "Algae",
          "algal community composition",
          "All Taxa Biodiversity Inventory",
          "APHN",
          "Appalachian Highlands Network",
          "ATBI",
          "Biodiversity",
          "Bryophytes",
          "Desiccation",
          "Diatoms",
          "Great Smoky Mountains National Park",
          "GRSM",
          "Microhabitat",
          "SER",
          "Southeast Region",
          "wet walls"
        ],
        "topic_facet": [
          {
            "key": "1025",
            "label": "Ecological Framework: Water | Water Quality | Aquatic Macroinvertebrates and Algae",
            "description": {}
          }
        ],
        "format": "Dissertation",
        "publishDate": "2012",
        "building": [
          "Great Smoky Mountains National Park (GRSM)"
        ],
        "Title": "The Ecology of Aerial Algae",
        "Link": "https://irma.nps.gov/DataStore/Reference/Profile/2205556"
      },
      "geometry": {
        "type": "Point",
        "coordinates": [-83.5282, 35.5716]
      }
    },
    {
      "type": "Feature",
      "properties": {
        "id": "irma-2265147",
        "institution": [
          "National Park Service (NPS)"
        ],
        "collection": [
          "NPS - IRMA"
        ],
        "topic": [
          "snowpack"
        ],
        "format": "Dissertation",
        "publishDate": "2016",
        "building": [
          "Rocky Mountain National Park (ROMO)"
        ],
        "Title": "Trends in Snow Water Equivalent in Rocky Mountain National Park and the Northern Front Range of Colorado, USA",
        "Link": "https://irma.nps.gov/DataStore/Reference/Profile/2265147"
      },
      "geometry": {
        "type": "Point",
        "coordinates": [-105.7037, 40.3571]
      }
    },
    {
      "type": "Feature",
      "properties": {
        "id": "irma-2189160",
        "institution": [
          "National Park Service (NPS)"
        ],
        "collection": [
          "NPS - IRMA"
        ],
        "topic": [
          "Carbon",
          "dissolved",
          "Hg",
          "Mercury",
          "methylmercury",
          "organic",
          "Paine Run",
          "pH",
          "Piney River",
          "Shenandoah",
          "Soil",
          "Staunton River",
          "streamwater",
          "swas",
          "Watershed"
        ],
        "format": "Dissertation",
        "publishDate": "2011",
        "building": [
          "Shenandoah National Park (SHEN)"
        ],
        "Title": "Controls on streamwater dissolved and particulate mercury within three mid-Appalachian forested headwater catchments",
        "Link": "https://irma.nps.gov/DataStore/Reference/Profile/2189160"
      },
      "geometry": {
        "type": "Point",
        "coordinates": [-78.5008, 38.3518]
      }
    },
    {
      "type": "Feature",
      "properties": {
        "id": "irma-2268463",
        "institution": [
          "National Park Service (NPS)"
        ],
        "collection": [
          "NPS - IRMA"
        ],
        "topic": [
          "American black bear",
          "APHN",
          "Appalachian Highlands Network",
          "BLRI",
          "Blue Ridge Parkway",
          "ecology",
          "human wildlife interactions",
          "Mammalia",
          "SER",
          "Southeast Region",
          "urban",
          "Ursus americanus",
          "wildlife management"
        ],
        "format": "Dissertation",
        "publishDate": "2020",
        "building": [
          "Blue Ridge Parkway (BLRI)"
        ],
        "Title": "Ecology of American Black Bears in an Urban Environment",
        "Link": "https://irma.nps.gov/DataStore/Reference/Profile/2268463"
      },
      "geometry": {
        "type": "Point",
        "coordinates": [-81.0706, 36.4365]
      }
    },
    {
      "type": "Feature",
      "properties": {
        "id": "irma-2275542",
        "institution": [
          "National Park Service (NPS)"
        ],
        "collection": [
          "NPS - IRMA"
        ],
        "topic": [
          "APHN",
          "Appalachian Highlands Network",
          "germination",
          "Great Smoky Mountains National Park",
          "GRSM-01238",
          "Phacelia fimbriata",
          "phenology",
          "RSM",
          "SER",
          "Southeast Region",
          "vascular plants"
        ],
        "format": "Dissertation",
        "publishDate": "2020",
        "building": [
          "Great Smoky Mountains National Park (GRSM)"
        ],
        "Title": "Ecological and Evolutionary Consequences of Habitat Tracking through Germination Phenology",
        "Link": "https://irma.nps.gov/DataStore/Reference/Profile/2275542"
      },
      "geometry": {
        "type": "Point",
        "coordinates": [-83.5282, 35.5716]
      }
    },
    {
      "type": "Feature",
      "properties": {
        "id": "irma-2287641",
        "institution": [
          "National Park Service (NPS)"
        ],
        "collection": [
          "NPS - IRMA"
        ],
        "topic": [
          "beta diversity",
          "environmental gradients",
          "forests",
          "generalized dissimilarity modeling",
          "Great Smoky Mountains National Park",
          "ground-layer",
          "GRSM",
          "GRSM-01280",
          "herbaceous layer",
          "homogenization",
          "land use",
          "logging",
          "mountain laurel",
          "rhododendron",
          "southern Appalachians",
          "succession"
        ],
        "format": "Dissertation",
        "publishDate": "2020",
        "building": [
          "Great Smoky Mountains National Park (GRSM)"
        ],
        "Title": "Long-term Landscape-scale Impact  of Early 20th Century Logging on Plant Communities in the Southern Appalachians",
        "Link": "https://irma.nps.gov/DataStore/Reference/Profile/2287641"
      },
      "geometry": {
        "type": "Point",
        "coordinates": [-83.5282, 35.5716]
      }
    },
    {
      "type": "Feature",
      "properties": {
        "id": "irma-2295395",
        "institution": [
          "National Park Service (NPS)"
        ],
        "collection": [
          "NPS - IRMA"
        ],
        "topic": [
          "chemical ecology",
          "Diplopoda",
          "GRSM-02369",
          "integrative taxonomy",
          "millipedes",
          "Nannaria scutellaria",
          "new species",
          "phylogeny",
          "Polydesmida",
          "Polydesmidae",
          "systematics",
          "Xystodesmidae"
        ],
        "format": "Dissertation",
        "publishDate": "2020",
        "building": [
          "Great Smoky Mountains National Park (GRSM)",
          "Shenandoah National Park (SHEN)"
        ],
        "Title": "Natural history, taxonomy, and phylogenetics of Appalachian flat-backed millipedes (Diplopoda: Polydesmida)",
        "Link": "https://irma.nps.gov/DataStore/Reference/Profile/2295395"
      },
      "geometry": {
        "type": "MultiPoint",
        "coordinates": [
          [-83.5282, 35.5716],
          [-78.5008, 38.3518]
        ]
      }
    },
    {
      "type": "Feature",
      "properties": {
        "id": "irma-2207473",
        "institution": [
          "National Park Service (NPS)"
        ],
        "collection": [
          "NPS - IRMA"
        ],
        "topic": [
          "asexual",
          "Conservation",
          "Disturbance",
          "microsatellite",
          "multilocus genotypes",
          "Riparian",
          "Rosaceae",
          "Spiraea virginiana",
          "Threatened Species"
        ],
        "topic_facet": [
          {
            "key": "1052",
            "label": "Ecological Framework: Biological Integrity | At-risk Biota | T&E Species and Communities",
            "description": {}
          }
        ],
        "format": "Dissertation",
        "publishDate": "2011",
        "building": [
          "Great Smoky Mountains National Park (GRSM)"
        ],
        "Title": "Population Genetics and Breeding Ecology of the Rare Clonal Shrub, Spiraea virginiana (Rosaceae)",
        "Link": "https://irma.nps.gov/DataStore/Reference/Profile/2207473"
      },
      "geometry": {
        "type": "Point",
        "coordinates": [-83.5282, 35.5716]
      }
    },
    {
      "type": "Feature",
      "properties": {
        "id": "irma-2294043",
        "institution": [
          "National Park Service (NPS)"
        ],
        "collection": [
          "NPS - IRMA"
        ],
        "topic": [
          "geology",
          "geomicrobiology",
          "sedimentology",
          "stratigraphy"
        ],
        "format": "Dissertation",
        "publishDate": "2020",
        "building": [
          "Glacier National Park (GLAC)"
        ],
        "Title": "Sedimentary, microbial and deformation features in the lower Belt Supergroup (ca. 1.45 Ga), western North America: pseudofossils, facies, tides and syndepositional tectonic activity in a Mesoproterozoic intracratonic basin",
        "Link": "https://irma.nps.gov/DataStore/Reference/Profile/2294043"
      },
      "geometry": {
        "type": "Point",
        "coordinates": [-113.8587, 48.7468]
      }
    },
    {
      "type": "Feature",
      "properties": {
        "id": "irma-2284573",
        "institution": [
          "National Park Service (NPS)"
        ],
        "collection": [
          "NPS - IRMA"
        ],
        "topic": [
          "amphibians",
          "Batrachochytrium dendrobatidis",
          "Batrichochytrium salamandrivorans",
          "Caudata",
          "chytrid fungi",
          "disease",
          "GRSM-01263",
          "pathogens",
          "Plethodontidae",
          "salamanders"
        ],
        "format": "Dissertation",
        "publishDate": "2020",
        "building": [
          "Great Smoky Mountains National Park (GRSM)"
        ],
        "Title": "The Salamander Bacterial Microbiome: Composition, Ecology, and Anti-Chytrid Utility",
        "Link": "https://irma.nps.gov/DataStore/Reference/Profile/2284573"
      },
      "geometry": {
        "type": "Point",
        "coordinates": [-83.5282, 35.5716]
      }
    },
    {
      "type": "Feature",
      "properties": {
        "id": "irma-2284965",
        "institution": [
          "National Park Service (NPS)"
        ],
        "collection": [
          "NPS - IRMA"
        ],
        "topic": [
          "Army Corps of Engineers",
          "Glacier National Park",
          "Glacier View Dam",
          "Montana",
          "Wild Rivers",
          "Wilderness"
        ],
        "format": "Dissertation",
        "publishDate": "2020",
        "building": [
          "Glacier National Park (GLAC)"
        ],
        "Title": "Worth a Dam: Glacier View and the Preservation of Wild America",
        "Link": "https://irma.nps.gov/DataStore/Reference/Profile/2284965"
      },
      "geometry": {
        "type": "Point",
        "coordinates": [-113.8587, 48.7468]
      }
    },
    {
      "type": "Feature",
      "properties": {
        "id": "irma-2266604",
        "institution": [
          "National Park Service (NPS)"
        ],
        "collection": [
          "NPS - IRMA"
        ],
        "topic": [
          "Adaptation",
          "Aluminum (Al)",
          "Aquatic",
          "Biodiversity",
          "Boundaries",
          "Canopy",
          "Carbon (C)",
          "Chemistry",
          "Chlorophyll",
          "Conductivity",
          "Disturbance",
          "Ecosystems",
          "Forest",
          "Forest communities",
          "Forest structure",
          "Forestry",
          "Global climate change",
          "Habitat fragmentation",
          "Habitat loss",
          "Habitat suitability",
          "Habitats",
          "Human impact",
          "Hydrology",
          "Invasive plants",
          "Invasive species",
          "Inventory and Monitoring",
          "Iron (Fe)",
          "Land use",
          "Manganese (Mn)",
          "Migration",
          "Monitoring",
          "Mortality",
          "Nitrogen (N)",
          "Pests",
          "pH",
          "Phosphorus (P)",
          "Plant communities",
          "Plots",
          "Population",
          "Population decline",
          "Population dynamics",
          "Population trends",
          "Range",
          "Regeneration",
          "Saplings",
          "Seed dispersal",
          "Seedlings",
          "Sensitivity",
          "Silicon (Si)",
          "Snags",
          "Soil",
          "Species richness",
          "Sulfur (S)",
          "Trees",
          "Vegetation",
          "Vegetation types",
          "Water",
          "Water quality",
          "Wetlands"
        ],
        "format": "Dissertation",
        "publishDate": "2018",
        "building": [
          "Acadia National Park (ACAD)"
        ],
        "Title": "Big data for small parks: Examining regional vegetation patterns to assess the current condition and vulnerability of  eastern National Parks to climate change",
        "Link": "https://irma.nps.gov/DataStore/Reference/Profile/2266604"
      },
      "geometry": {
        "type": "Point",
        "coordinates": [-68.2397, 44.3594]
      }
    },
    {
      "type": "Feature",
      "properties": {
        "id": "irma-2219003",
        "institution": [
          "National Park Service (NPS)"
        ],
        "collection": [
          "NPS - IRMA"
        ],
        "topic": [
          "Biomonitoring",
          "caddisflies",
          "Cadmium",
          "Calcium",
          "Cataloochee",
          "Ephemerellidae",
          "Ephemeroptera",
          "GRSM-00892",
          "Hydropsychidade",
          "Insects",
          "Mayflies",
          "transport systems",
          "Trichoptera",
          "Water Quality",
          "Zinc"
        ],
        "format": "Dissertation",
        "publishDate": "2014",
        "building": [
          "Great Smoky Mountains National Park (GRSM)"
        ],
        "Title": "Comparative Trace Metal Physiology in Aquatic Insects",
        "Link": "https://irma.nps.gov/DataStore/Reference/Profile/2219003"
      },
      "geometry": {
        "type": "Point",
        "coordinates": [-83.5282, 35.5716]
      }
    },
    {
      "type": "Feature",
      "properties": {
        "id": "irma-2217042",
        "institution": [
          "National Park Service (NPS)"
        ],
        "collection": [
          "NPS - IRMA"
        ],
        "topic": [
          "behaviors",
          "Interpretation",
          "junior ranger",
          "Social Science",
          "Stewardship",
          "youth"
        ],
        "topic_facet": [
          {
            "key": "1056",
            "label": "Ecological Framework: Human Use | Visitor and Recreation Use | Visitor Use",
            "description": {}
          }
        ],
        "format": "Dissertation",
        "publishDate": "2014",
        "building": [
          "Great Smoky Mountains National Park (GRSM)"
        ],
        "Title": "Investigating the Influence of Interpretation on Children's National Park Stewardship Behaviors Using the Elaboration Likelihood Model.",
        "Link": "https://irma.nps.gov/DataStore/Reference/Profile/2217042"
      },
      "geometry": {
        "type": "Point",
        "coordinates": [-83.5282, 35.5716]
      }
    },
    {
      "type": "Feature",
      "properties": {
        "id": "irma-2193974",
        "institution": [
          "National Park Service (NPS)"
        ],
        "collection": [
          "NPS - IRMA"
        ],
        "topic": [
          "Alaska",
          "Alaska National Interest Lands Act",
          "Alaska Native Claims Settlement Act",
          "ANCSA",
          "Anilca",
          "Antiquities Act",
          "Conservation",
          "early park management",
          "History",
          "Jimmy Carter",
          "National Park Service",
          "Park",
          "preserve"
        ],
        "format": "Dissertation",
        "publishDate": "2010",
        "building": [
          "Alaska Region (AKR)",
          "Aniakchak National Monument and Preserve (ANIA)",
          "Bering Land Bridge National Preserve (BELA)",
          "Cape Krusenstern National Monument (CAKR)",
          "Denali National Park and Preserve (DENA)",
          "Gates of the Arctic National Park and Preserve (GAAR)",
          "Katmai National Park and Preserve (KATM)",
          "Kenai Fjords National Park (KEFJ)",
          "Kobuk Valley National Park (KOVA)",
          "Lake Clark National Park and Preserve (LACL)",
          "Noatak National Preserve (NOAT)",
          "Wrangell-St. Elias National Park and Preserve (WRST)",
          "Yukon-Charley Rivers National Preserve (YUCH)"
        ],
        "Title": "Locked up! A history of resistance to the creation of National Parks in Alaska",
        "Link": "https://irma.nps.gov/DataStore/Reference/Profile/2193974"
      },
      "geometry": {
        "type": "MultiPoint",
        "coordinates": [
          [-158.0973, 56.9011],
          [-165.1266, 66.2151],
          [-163.4533, 67.4268],
          [-150.6029, 63.3183],
          [-153.3869, 67.869],
          [-154.8894, 58.5661],
          [-150.2466, 59.504],
          [-159.0631, 67.2802],
          [-153.2619, 60.5804],
          [-159.3945, 68.1814],
          [-142.1319, 60.6918],
          [-142.5708, 65.1668]
        ]
      }
    },
    {
      "type": "Feature",
      "properties": {
        "id": "irma-2290037",
        "institution": [
          "National Park Service (NPS)"
        ],
        "collection": [
          "NPS - IRMA"
        ],
        "topic": [
          "biodiversity inventory",
          "blow flies",
          "carnivore carcasses",
          "GRSM-02039",
          "Insecta",
          "mammals",
          "stable isotope analysis"
        ],
        "format": "Dissertation",
        "publishDate": "2019",
        "building": [
          "Great Smoky Mountains National Park (GRSM)",
          "Yellowstone National Park (YELL)"
        ],
        "Title": "Mediators of Fine-Scale Population Genetic Structure in Black Blow Fly, Phormia regina (Meigen) (Diptera: Calliphoridae)",
        "Link": "https://irma.nps.gov/DataStore/Reference/Profile/2290037"
      },
      "geometry": {
        "type": "MultiPoint",
        "coordinates": [
          [-83.5282, 35.5716],
          [-110.4901, 44.5813]
        ]
      }
    },
    {
      "type": "Feature",
      "properties": {
        "id": "irma-2295460",
        "institution": [
          "National Park Service (NPS)"
        ],
        "collection": [
          "NPS - IRMA"
        ],
        "topic": [
          "allopolyploidy",
          "autopolyploidy",
          "GRSM-02023",
          "Isoetes appalachiana",
          "Isoetes valida",
          "polyploidy",
          "speciation",
          "vascular plants"
        ],
        "format": "Dissertation",
        "publishDate": "2019",
        "building": [
          "Great Smoky Mountains National Park (GRSM)",
          "Shenandoah National Park (SHEN)"
        ],
        "Title": "Molecular Systematics of Isoetes (Isoetaceae) in Eastern North America",
        "Link": "https://irma.nps.gov/DataStore/Reference/Profile/2295460"
      },
      "geometry": {
        "type": "MultiPoint",
        "coordinates": [
          [-83.5282, 35.5716],
          [-78.5008, 38.3518]
        ]
      }
    },
    {
      "type": "Feature",
      "properties": {
        "id": "irma-2285286",
        "institution": [
          "National Park Service (NPS)"
        ],
        "collection": [
          "NPS - IRMA"
        ],
        "topic": [
          "Caudata",
          "cryptic species",
          "Eurycea bislineata complex",
          "GRSM-01198",
          "hybridization",
          "phylogeography",
          "Plethodontidae",
          "polymorphism",
          "river drainage",
          "taxonomy",
          "two-lined salamander"
        ],
        "format": "Dissertation",
        "publishDate": "2019",
        "building": [
          "Great Smoky Mountains National Park (GRSM)",
          "Obed Wild and Scenic River (OBRI)"
        ],
        "Title": "Organization of Genetic and Reproductive Behavioral Diversity in the Two-lined Salamander (Eurycea bislineata) Species Complex",
        "Link": "https://irma.nps.gov/DataStore/Reference/Profile/2285286"
      },
      "geometry": {
        "type": "MultiPoint",
        "coordinates": [
          [-83.5282, 35.5716],
          [-84.8, 36.0887]
        ]
      }
    },
    {
      "type": "Feature",
      "properties": {
        "id": "irma-2289890",
        "institution": [
          "National Park Service (NPS)"
        ],
        "collection": [
          "NPS - IRMA"
        ],
        "topic": [
          "BITH",
          "CONG",
          "Corynorhinus rafinesquii",
          "MACA",
          "Myotis austroriparius",
          "population genetics",
          "Rafinesque’s Big-Eared Bat",
          "rare species",
          "Southeastern Myotis"
        ],
        "format": "Dissertation",
        "publishDate": "2019",
        "building": [
          "Big Thicket National Preserve (BITH)",
          "Congaree National Park (CONG)",
          "Mammoth Cave National Park (MACA)"
        ],
        "Title": "Range-wide Population Genetic Structure of Rafinesque's Big-eared Bat (Corynorhinus rafinesquii) and Southeastern Myotis (Myotis austroriparius)",
        "Link": "https://irma.nps.gov/DataStore/Reference/Profile/2289890"
      },
      "geometry": {
        "type": "MultiPoint",
        "coordinates": [
          [-94.3181, 30.1643],
          [-80.7722, 33.7935],
          [-86.1454, 37.1316]
        ]
      }
    },
    {
      "type": "Feature",
      "properties": {
        "id": "irma-2206905",
        "institution": [
          "National Park Service (NPS)"
        ],
        "collection": [
          "NPS - IRMA"
        ],
        "topic": [
          "ATBI",
          "bird surveys",
          "errors",
          "Methodology",
          "Modeling",
          "Monitoring",
          "Shriner"
        ],
        "topic_facet": [
          {
            "key": "1048",
            "label": "Ecological Framework: Biological Integrity | Focal Species or Communities | Birds",
            "description": {}
          }
        ],
        "format": "Dissertation",
        "publishDate": "2014",
        "building": [
          "Great Smoky Mountains National Park (GRSM)"
        ],
        "Title": "Spatial Modeling of Detection and Abundance from Count Surveys of Animal Populations",
        "Link": "https://irma.nps.gov/DataStore/Reference/Profile/2206905"
      },
      "geometry": {
        "type": "Point",
        "coordinates": [-83.5282, 35.5716]
      }
    },
    {
      "type": "Feature",
      "properties": {
        "id": "irma-2274056",
        "institution": [
          "National Park Service (NPS)"
        ],
        "collection": [
          "NPS - IRMA"
        ],
        "topic": [
          ""
        ],
        "format": "Dissertation",
        "publishDate": "2019",
        "building": [
          "Rocky Mountain National Park (ROMO)"
        ],
        "Title": "THE EFFECTS OF BEAVER ENGINEERING ON DOWNSTREAM FLUXES IN COLORADO MOUNTAIN STREAMS",
        "Link": "https://irma.nps.gov/DataStore/Reference/Profile/2274056"
      },
      "geometry": {
        "type": "Point",
        "coordinates": [-105.7037, 40.3571]
      }
    },
    {
      "type": "Feature",
      "properties": {
        "id": "irma-2243673",
        "institution": [
          "National Park Service (NPS)"
        ],
        "collection": [
          "NPS - IRMA"
        ],
        "topic": [
          "Amphibian",
          "APHN",
          "Appalachian Highlands Network",
          "climate change",
          "endemic",
          "genetic structure",
          "Great Smoky Mountains National Park",
          "GRSM",
          "GRSM-00872",
          "Plethodon jordani",
          "Plethodontidae",
          "salamander",
          "SER",
          "Southeast Region"
        ],
        "format": "Dissertation",
        "publishDate": "2014",
        "building": [
          "Great Smoky Mountains National Park (GRSM)"
        ],
        "Title": "The Past as a Window to the Future: Phylogeography, Historical Demography, and Conservation Genetics of Plethodon jordani, a Terrestrial Salamander Endemic to the Great Smoky Mountains",
        "Link": "https://irma.nps.gov/DataStore/Reference/Profile/2243673"
      },
      "geometry": {
        "type": "Point",
        "coordinates": [-83.5282, 35.5716]
      }
    },
    {
      "type": "Feature",
      "properties": {
        "id": "irma-2177007",
        "institution": [
          "National Park Service (NPS)"
        ],
        "collection": [
          "NPS - IRMA"
        ],
        "topic": [
          "History",
          "The Makah",
          "treaty rights",
          "Whaling"
        ],
        "format": "Dissertation",
        "publishDate": "2009",
        "building": [
          "Olympic National Park (OLYM)"
        ],
        "Title": "\"The Sea Is My Country\": The Maritime World of the Makah, an Indigenous Borderlands People",
        "Link": "https://irma.nps.gov/DataStore/Reference/Profile/2177007"
      },
      "geometry": {
        "type": "Point",
        "coordinates": [-123.6996, 47.7886]
      }
    },
    {
      "type": "Feature",
      "properties": {
        "id": "irma-2211840",
        "institution": [
          "National Park Service (NPS)"
        ],
        "collection": [
          "NPS - IRMA"
        ],
        "topic": [
          "Adelges tsugae",
          "Biological Control",
          "Hemlock",
          "Hemlock Wooly Adelgid",
          "Laricobius nigrinus",
          "Sasajiscymnus tsugae"
        ],
        "topic_facet": [
          {
            "key": "1028",
            "label": "Ecological Framework: Biological Integrity | Infestations and Disease | Insect Pests",
            "description": {}
          }
        ],
        "format": "Dissertation",
        "publishDate": "2013",
        "building": [
          "Great Smoky Mountains National Park (GRSM)"
        ],
        "Title": "Assessment of Factors Affecting Establishment of Biological Control Agents of Hemlock Woolly Adelgid on Eastern Hemlock in the Great Smoky Mountains National Park",
        "Link": "https://irma.nps.gov/DataStore/Reference/Profile/2211840"
      },
      "geometry": {
        "type": "Point",
        "coordinates": [-83.5282, 35.5716]
      }
    },
    {
      "type": "Feature",
      "properties": {
        "id": "irma-2206891",
        "institution": [
          "National Park Service (NPS)"
        ],
        "collection": [
          "NPS - IRMA"
        ],
        "topic": [
          "Abundance",
          "ATBI",
          "Birds",
          "Detectability",
          "multiple-species models",
          "Observer bias",
          "Ovenbird",
          "Point Counts",
          "Shriner",
          "singing rate"
        ],
        "topic_facet": [
          {
            "key": "1048",
            "label": "Ecological Framework: Biological Integrity | Focal Species or Communities | Birds",
            "description": {}
          }
        ],
        "format": "Dissertation",
        "publishDate": "2004",
        "building": [
          "Great Smoky Mountains National Park (GRSM)"
        ],
        "Title": "Avian Point Count Surveys: Estimating Components of the Detection Process",
        "Link": "https://irma.nps.gov/DataStore/Reference/Profile/2206891"
      },
      "geometry": {
        "type": "Point",
        "coordinates": [-83.5282, 35.5716]
      }
    },
    {
      "type": "Feature",
      "properties": {
        "id": "irma-2295375",
        "institution": [
          "National Park Service (NPS)"
        ],
        "collection": [
          "NPS - IRMA"
        ],
        "topic": [
          "acid deposition",
          "bedrock",
          "biogeochemistry",
          "groundwater chemistry",
          "GRSM-01248",
          "sulfur cycle"
        ],
        "format": "Dissertation",
        "publishDate": "2018",
        "building": [
          "Great Smoky Mountains National Park (GRSM)"
        ],
        "Title": "Biogeochemistry of Sulfur in Small Forested Catchments of the Great Smoky Mountains National Park",
        "Link": "https://irma.nps.gov/DataStore/Reference/Profile/2295375"
      },
      "geometry": {
        "type": "Point",
        "coordinates": [-83.5282, 35.5716]
      }
    },
    {
      "type": "Feature",
      "properties": {
        "id": "irma-2256778",
        "institution": [
          "National Park Service (NPS)"
        ],
        "collection": [
          "NPS - IRMA"
        ],
        "topic": [
          "Acer rubrum",
          "APHN",
          "Appalachian Highlands Network",
          "black cherry",
          "Ecophysiology",
          "Fine root respiration",
          "Fractal dimension",
          "Great Smoky Mountains National Park",
          "GRSM",
          "Maintenance coefficient",
          "northern red oak",
          "Prunus serotina",
          "Quercus rubra",
          "red maple",
          "Sap flow",
          "Scaling",
          "SER",
          "Southeast Region",
          "trees",
          "vascular plants"
        ],
        "format": "Dissertation",
        "publishDate": "2018",
        "building": [
          "Great Smoky Mountains National Park (GRSM)"
        ],
        "Title": "Characterizing the Respiration of Stems and Roots of Three Hardwood Tree Species in the Great Smoky Mountains",
        "Link": "https://irma.nps.gov/DataStore/Reference/Profile/2256778"
      },
      "geometry": {
        "type": "Point",
        "coordinates": [-83.5282, 35.5716]
      }
    },
    {
      "type": "Feature",
      "properties": {
        "id": "irma-2302862",
        "institution": [
          "National Park Service (NPS)"
        ],
        "collection": [
          "NPS - IRMA"
        ],
        "topic": [
          "climate change",
          "cultural heritage",
          "history",
          "sea level rise"
        ],
        "format": "Dissertation",
        "publishDate": "2018",
        "building": [
          "Colonial National Historical Park (COLO)",
          "Gulf Islands National Seashore (GUIS)",
          "San Francisco Maritime National Historical Park (SAFR)"
        ],
        "Title": "Climate Change and Coastal Cultural Heritage: Insights from \nThree National Parks",
        "Link": "https://irma.nps.gov/DataStore/Reference/Profile/2302862"
      },
      "geometry": {
        "type": "MultiPoint",
        "coordinates": [
          [-76.6342, 37.2881],
          [-86.91, 30.3731],
          [-122.4236, 37.8086]
        ]
      }
    },
    {
      "type": "Feature",
      "properties": {
        "id": "irma-2204664",
        "institution": [
          "National Park Service (NPS)"
        ],
        "collection": [
          "NPS - IRMA"
        ],
        "topic": [
          "Dam Removal",
          "Elwha River Watershed",
          "Fisheries",
          "History",
          "Natural Resources",
          "social systems",
          "The Klallam"
        ],
        "format": "Dissertation",
        "publishDate": "2013",
        "building": [
          "Olympic National Park (OLYM)"
        ],
        "Title": "Elwha: Value of a River. Managing Risk in the Pacific Northwest",
        "Link": "https://irma.nps.gov/DataStore/Reference/Profile/2204664"
      },
      "geometry": {
        "type": "Point",
        "coordinates": [-123.6996, 47.7886]
      }
    },
    {
      "type": "Feature",
      "properties": {
        "id": "irma-2301328",
        "institution": [
          "National Park Service (NPS)"
        ],
        "collection": [
          "NPS - IRMA"
        ],
        "topic": [
          "bats",
          "Chiroptera",
          "Eptesicus fuscus",
          "false-positive",
          "forest fragmentation",
          "GRSM-01179",
          "heavy metals",
          "Lasiurus borealis",
          "low-density population",
          "Mammalia",
          "Myotis septentrionalis",
          "northern long-eared bat",
          "occupancy model"
        ],
        "format": "Dissertation",
        "publishDate": "2018",
        "building": [
          "Great Smoky Mountains National Park (GRSM)"
        ],
        "Title": "Methods for Assessing the Distribution, Activity Rates, and Health of Bat Populations",
        "Link": "https://irma.nps.gov/DataStore/Reference/Profile/2301328"
      },
      "geometry": {
        "type": "Point",
        "coordinates": [-83.5282, 35.5716]
      }
    },
    {
      "type": "Feature",
      "properties": {
        "id": "irma-2289909",
        "institution": [
          "National Park Service (NPS)"
        ],
        "collection": [
          "NPS - IRMA"
        ],
        "topic": [
          "amphibians",
          "Caudata",
          "Cryptobranchus alleganiensis",
          "distribution modeling",
          "eastern hellbender",
          "GRSM-01293",
          "population genetics",
          "salamander"
        ],
        "format": "Dissertation",
        "publishDate": "2018",
        "building": [
          "Great Smoky Mountains National Park (GRSM)"
        ],
        "Title": "Spatial Genetic and Distribution Modeling for the Conservation of Hellbender Salamanders",
        "Link": "https://irma.nps.gov/DataStore/Reference/Profile/2289909"
      },
      "geometry": {
        "type": "Point",
        "coordinates": [-83.5282, 35.5716]
      }
    },
    {
      "type": "Feature",
      "properties": {
        "id": "irma-2266860",
        "institution": [
          "National Park Service (NPS)"
        ],
        "collection": [
          "NPS - IRMA"
        ],
        "topic": [
          "Channelization",
          "Discharge",
          "Erosion",
          "Fluvial",
          "Human impact",
          "Hydrology",
          "Rivers and streams",
          "Sediment",
          "Sediment transport",
          "Watersheds"
        ],
        "format": "Dissertation",
        "publishDate": "2018",
        "building": [
          "Acadia National Park (ACAD)"
        ],
        "Title": "Stream dynamics in the headwaters of post-glacial watershed systems",
        "Link": "https://irma.nps.gov/DataStore/Reference/Profile/2266860"
      },
      "geometry": {
        "type": "Point",
        "coordinates": [-68.2397, 44.3594]
      }
    },
    {
      "type": "Feature",
      "properties": {
        "id": "irma-2302377",
        "institution": [
          "National Park Service (NPS)"
        ],
        "collection": [
          "NPS - IRMA"
        ],
        "topic": [
          "All Taxa Biodiversity Inventory",
          "APHN",
          "Appalachian Highlands Network",
          "ATBI",
          "biodiversity",
          "Fish",
          "Great Smoky Mountains National Park",
          "GRSM",
          "GRSM-01153",
          "Parasite",
          "Plagioporus",
          "SER",
          "Southeast Region",
          "Trematoda"
        ],
        "format": "Dissertation",
        "publishDate": "2017",
        "building": [
          "Great Smoky Mountains National Park (GRSM)"
        ],
        "Title": "Taxonomy and Systematics of Plagioporus (Trematoda), with Descriptions of 10 New Species from Freshwater Fishes of the Nearctic",
        "Link": "https://irma.nps.gov/DataStore/Reference/Profile/2302377"
      },
      "geometry": {
        "type": "Point",
        "coordinates": [-83.5282, 35.5716]
      }
    },
    {
      "type": "Feature",
      "properties": {
        "id": "irma-2266080",
        "institution": [
          "National Park Service (NPS)"
        ],
        "collection": [
          "NPS - IRMA"
        ],
        "topic": [
          "Banding",
          "Breeding",
          "Capture",
          "Coastal regions",
          "Fall (season)",
          "Habitat fragmentation",
          "Habitats",
          "Hydrogen (H)",
          "Isotopes",
          "Migration",
          "Migratory birds",
          "Phenology",
          "Radio telemetry",
          "Tagging",
          "Telemetry",
          "Wind",
          "Wind power"
        ],
        "format": "Dissertation",
        "publishDate": "2018",
        "building": [
          "Acadia National Park (ACAD)"
        ],
        "Title": "Tracking migratory bird movements in the Gulf of Maine with automated radio telemetry and stable hydrogen isotope marker",
        "Link": "https://irma.nps.gov/DataStore/Reference/Profile/2266080"
      },
      "geometry": {
        "type": "Point",
        "coordinates": [-68.2397, 44.3594]
      }
    },
    {
      "type": "Feature",
      "properties": {
        "id": "irma-2266763",
        "institution": [
          "National Park Service (NPS)"
        ],
        "collection": [
          "NPS - IRMA"
        ],
        "topic": [
          "Antebellum",
          "Biology",
          "Cave Research Foundation",
          "Cave Wars",
          "CCC",
          "Chester Upland",
          "Civilian Conservation Corps",
          "Colleen O’Connor Olson",
          "Conservation",
          "CRF",
          "Echo River",
          "Flint-Mammoth Cave System",
          "Geology",
          "Green River",
          "Kentucky",
          "Limestone",
          "Mammoth Cave",
          "Mammoth Cave Mummy",
          "Michigan River",
          "Mississippi Era",
          "National Park Service",
          "NPS",
          "Pennyroyal Plateau",
          "Preservation",
          "River Styx",
          "Roger Bruckner",
          "Saltpeter Mining",
          "Sandstone",
          "Shale",
          "Simmons",
          "Sinkhole",
          "Sinkhole Plain",
          "Underground",
          "Valentine Simons",
          "Wilderness",
          "Woodland People"
        ],
        "format": "Dissertation",
        "publishDate": "2017",
        "building": [
          "Mammoth Cave National Park (MACA)"
        ],
        "Title": "“Deep” south: Mammoth Cave, Kentucky, and environmental knowledge, 1800-1974",
        "Link": "https://irma.nps.gov/DataStore/Reference/Profile/2266763"
      },
      "geometry": {
        "type": "Point",
        "coordinates": [-86.1454, 37.1316]
      }
    },
    {
      "type": "Feature",
      "properties": {
        "id": "irma-2264996",
        "institution": [
          "National Park Service (NPS)"
        ],
        "collection": [
          "NPS - IRMA"
        ],
        "topic": [
          "Biogeography",
          "Biological sciences",
          "Dendroecology",
          "fire ecology",
          "Fire regimes",
          "forestry",
          "Landscape ecology",
          "Photogrammetry",
          "Remote sensing",
          "Social sciences"
        ],
        "topic_facet": [
          {
            "key": "1058",
            "label": "Ecological Framework: Landscapes | Fire and Fuel Dynamics | Fire and Fuel Dynamics",
            "description": {}
          }
        ],
        "format": "Dissertation",
        "publishDate": "2017",
        "building": [
          "Glacier National Park (GLAC)"
        ],
        "Title": "A cross-scale assessment of historical fire severity patterns, landscape dynamics, and methodological challenges in mixed-severity fire regimes of the northern U.S. Rockies",
        "Link": "https://irma.nps.gov/DataStore/Reference/Profile/2264996"
      },
      "geometry": {
        "type": "Point",
        "coordinates": [-113.8587, 48.7468]
      }
    },
    {
      "type": "Feature",
      "properties": {
        "id": "irma-2243962",
        "institution": [
          "National Park Service (NPS)"
        ],
        "collection": [
          "NPS - IRMA"
        ],
        "topic": [
          "infrared image",
          "Norris Geyser Basin",
          "radiant flux",
          "radiant power",
          "radiant temperature",
          "remote sensing",
          "temperature",
          "thermal activity"
        ],
        "topic_facet": [
          {
            "key": "1012",
            "label": "Ecological Framework: Geology and Soils | Subsurface Geologic Processes | Geothermal Features and Processes",
            "description": {}
          }
        ],
        "format": "Dissertation",
        "publishDate": "2017",
        "building": [
          "Yellowstone National Park (YELL)"
        ],
        "Title": "A study of spatial and temporal mass and heat transport of hydrothermal features in Norris Geyser Basin, Yellowstone National Park",
        "Link": "https://irma.nps.gov/DataStore/Reference/Profile/2243962"
      },
      "geometry": {
        "type": "Point",
        "coordinates": [-110.4901, 44.5813]
      }
    },
    {
      "type": "Feature",
      "properties": {
        "id": "irma-2264781",
        "institution": [
          "National Park Service (NPS)"
        ],
        "collection": [
          "NPS - IRMA"
        ],
        "topic": [
          ""
        ],
        "format": "Dissertation",
        "publishDate": "2017",
        "building": [
          "Rocky Mountain National Park (ROMO)"
        ],
        "Title": "ADVANCING THE SOCIAL SCIENCE OF LEAVE NO TRACE:\nEXAMINING ATTITUDES, EFFICACY, INTENTIONS AND BEHAVIORS",
        "Link": "https://irma.nps.gov/DataStore/Reference/Profile/2264781"
      },
      "geometry": {
        "type": "Point",
        "coordinates": [-105.7037, 40.3571]
      }
    },
    {
      "type": "Feature",
      "properties": {
        "id": "irma-2181585",
        "institution": [
          "National Park Service (NPS)"
        ],
        "collection": [
          "NPS - IRMA"
        ],
        "topic": [
          "american pika",
          "citizen science",
          "habitat characterization",
          "Mammal",
          "Ochotona princeps"
        ],
        "format": "Dissertation",
        "publishDate": "2011",
        "building": [
          "Glacier National Park (GLAC)"
        ],
        "Title": "American Pika Distribution, Behavior, and Observer Variability",
        "Link": "https://irma.nps.gov/DataStore/Reference/Profile/2181585"
      },
      "geometry": {
        "type": "Point",
        "coordinates": [-113.8587, 48.7468]
      }
    },
    {
      "type": "Feature",
      "properties": {
        "id": "irma-2266300",
        "institution": [
          "National Park Service (NPS)"
        ],
        "collection": [
          "NPS - IRMA"
        ],
        "topic": [
          "Foliage",
          "Global climate change",
          "Migratory birds",
          "Native species",
          "Phenology",
          "Plant communities",
          "Population decline",
          "Range",
          "Rare species",
          "Trails"
        ],
        "format": "Dissertation",
        "publishDate": "2017",
        "building": [
          "Acadia National Park (ACAD)"
        ],
        "Title": "Climate change, species loss, and spring phenology in and around Acadia National Park, Maine",
        "Link": "https://irma.nps.gov/DataStore/Reference/Profile/2266300"
      },
      "geometry": {
        "type": "Point",
        "coordinates": [-68.2397, 44.3594]
      }
    },
    {
      "type": "Feature",
      "properties": {
        "id": "irma-2192532",
        "institution": [
          "National Park Service (NPS)"
        ],
        "collection": [
          "NPS - IRMA"
        ],
        "topic": [
          "Acid Deposition",
          "APHN",
          "Appalachian Highlands Network",
          "Atmospheric Deposition",
          "Bioaccumulation",
          "Birds",
          "BLRI",
          "Blue Ridge Parkway",
          "Calcium",
          "Clutch Size",
          "egg volume",
          "Feathers",
          "Fontana",
          "Great Smoky Mountains National Park",
          "GRSM",
          "GRSM-00128",
          "GRSM-00793",
          "Mercury",
          "methyl-mercury",
          "SER",
          "Snails",
          "Southeast Region",
          "Spruce-Fir Forest"
        ],
        "topic_facet": [
          {
            "key": "1001",
            "label": "Ecological Framework: Air and Climate | Air Quality | Wet and Dry Deposition",
            "description": {}
          },
          {
            "key": "1045",
            "label": "Ecological Framework: Biological Integrity | Focal Species or Communities | Terrestrial Invertebrates",
            "description": {}
          },
          {
            "key": "1048",
            "label": "Ecological Framework: Biological Integrity | Focal Species or Communities | Birds",
            "description": {}
          }
        ],
        "format": "Dissertation",
        "publishDate": "2012",
        "building": [
          "Blue Ridge Parkway (BLRI)",
          "Great Smoky Mountains National Park (GRSM)"
        ],
        "Title": "Effects of Atmospheric Pollution on High-Elevation Fauna in the Southern Appalachians",
        "Link": "https://irma.nps.gov/DataStore/Reference/Profile/2192532"
      },
      "geometry": {
        "type": "MultiPoint",
        "coordinates": [
          [-81.0706, 36.4365],
          [-83.5282, 35.5716]
        ]
      }
    },
    {
      "type": "Feature",
      "properties": {
        "id": "irma-2189024",
        "institution": [
          "National Park Service (NPS)"
        ],
        "collection": [
          "NPS - IRMA"
        ],
        "topic": [
          "disturbance ecology",
          "mat-forming fungus",
          "Mycorrhizal fungus",
          "Ponderosa Pine",
          "prescribed fires"
        ],
        "format": "Dissertation",
        "publishDate": "2008",
        "building": [
          "Crater Lake National Park (CRLA)"
        ],
        "Title": "Effects of Disturbance Modes on Mycorrhizal Fungus Communities at Crater Lake National Park.",
        "Link": "https://irma.nps.gov/DataStore/Reference/Profile/2189024"
      },
      "geometry": {
        "type": "Point",
        "coordinates": [-122.1353, 42.9443]
      }
    },
    {
      "type": "Feature",
      "properties": {
        "id": "irma-2229444",
        "institution": [
          "National Park Service (NPS)"
        ],
        "collection": [
          "NPS - IRMA"
        ],
        "topic": [
          "APHN",
          "Appalachian Highlands Network",
          "community structure",
          "fire ecology",
          "Great Smoky Mountains National Park",
          "GRSM",
          "GRSM-01117",
          "Pinus",
          "SER",
          "SHEN",
          "Shenandoah National Park",
          "Southeast Region",
          "topographic control",
          "topographic moisture gradient",
          "yellow pine"
        ],
        "format": "Dissertation",
        "publishDate": "2012",
        "building": [
          "Great Smoky Mountains National Park (GRSM)",
          "Shenandoah National Park (SHEN)"
        ],
        "Title": "Fire Regimes of the Southern Appalachian Mountains: Temporal and Spatial Variability and Implications for Vegetation Dynamics",
        "Link": "https://irma.nps.gov/DataStore/Reference/Profile/2229444"
      },
      "geometry": {
        "type": "MultiPoint",
        "coordinates": [
          [-83.5282, 35.5716],
          [-78.5008, 38.3518]
        ]
      }
    },
    {
      "type": "Feature",
      "properties": {
        "id": "irma-2193307",
        "institution": [
          "National Park Service (NPS)"
        ],
        "collection": [
          "NPS - IRMA"
        ],
        "topic": [
          "Castor canadensis",
          "Climate Change",
          "Drought",
          "fluvial systems",
          "Geomorphology",
          "Greater Yellowstone Ecosystem"
        ],
        "format": "Dissertation",
        "publishDate": "2012",
        "building": [
          "Yellowstone National Park (YELL)"
        ],
        "Title": "Fluvial processes, beaver activity, and climate in the greater Yellowstone ecosystem and rock type control on hillslope morphology and soil development in the Sandia Mountains, New Mexico",
        "Link": "https://irma.nps.gov/DataStore/Reference/Profile/2193307"
      },
      "geometry": {
        "type": "Point",
        "coordinates": [-110.4901, 44.5813]
      }
    },
    {
      "type": "Feature",
      "properties": {
        "id": "irma-2256531",
        "institution": [
          "National Park Service (NPS)"
        ],
        "collection": [
          "NPS - IRMA"
        ],
        "topic": [
          "aerosols",
          "air pollution",
          "APHN",
          "Appalachian Highlands Network",
          "chemistry",
          "Great Smoky Mountains National Park",
          "GRSM",
          "GRSM-00065",
          "IMPROVE",
          "SER",
          "Southeast Region"
        ],
        "format": "Dissertation",
        "publishDate": "2017",
        "building": [
          "Acadia National Park (ACAD)",
          "Great Smoky Mountains National Park (GRSM)",
          "Mount Rainier National Park (MORA)"
        ],
        "Title": "Hydration Characteristics of Atmospheric Aerosol in U.S. National Parks",
        "Link": "https://irma.nps.gov/DataStore/Reference/Profile/2256531"
      },
      "geometry": {
        "type": "MultiPoint",
        "coordinates": [
          [-68.2397, 44.3594],
          [-83.5282, 35.5716],
          [-121.6826, 46.8656]
        ]
      }
    },
    {
      "type": "Feature",
      "properties": {
        "id": "irma-2252851",
        "institution": [
          "National Park Service (NPS)"
        ],
        "collection": [
          "NPS - IRMA"
        ],
        "topic": [
          "mammals",
          "paleontology",
          "volcano ecology"
        ],
        "topic_facet": [
          {
            "key": "1017",
            "label": "Ecological Framework: Geology and Soils | Paleontology | Paleontology",
            "description": {}
          },
          {
            "key": "1049",
            "label": "Ecological Framework: Biological Integrity | Focal Species or Communities | Mammals",
            "description": {}
          }
        ],
        "format": "Dissertation",
        "publishDate": "2017",
        "building": [
          "John Day Fossil Beds National Monument (JODA)",
          "Lassen Volcanic National Park (LAVO)",
          "Mount Rainier National Park (MORA)"
        ],
        "Title": "Mammalian Community Recovery from Volcanic Eruptions in the Cenozoic of North America",
        "Link": "https://irma.nps.gov/DataStore/Reference/Profile/2252851"
      },
      "geometry": {
        "type": "MultiPoint",
        "coordinates": [
          [-119.6492, 44.5381],
          [-121.4121, 40.4862],
          [-121.6826, 46.8656]
        ]
      }
    },
    {
      "type": "Feature",
      "properties": {
        "id": "irma-2303027",
        "institution": [
          "National Park Service (NPS)"
        ],
        "collection": [
          "NPS - IRMA"
        ],
        "topic": [
          "APHN",
          "Appalachian Highlands Network",
          "Cornus florida",
          "flowering dogwood",
          "genotyping by sequencing",
          "Great Smoky Mountains National Park",
          "GRSM",
          "GRSM-01109",
          "local adaptation",
          "SER",
          "single nucleotide polymorphisms",
          "Southeast Region"
        ],
        "format": "Dissertation",
        "publishDate": "2017",
        "building": [
          "Great Smoky Mountains National Park (GRSM)"
        ],
        "Title": "Molecular Characterization of Local Adaptation of Natural Flowering Dogwood Populations (C. florida) to Fungal Pathogens and Environmental Stress",
        "Link": "https://irma.nps.gov/DataStore/Reference/Profile/2303027"
      },
      "geometry": {
        "type": "Point",
        "coordinates": [-83.5282, 35.5716]
      }
    },
    {
      "type": "Feature",
      "properties": {
        "id": "irma-2208989",
        "institution": [
          "National Park Service (NPS)"
        ],
        "collection": [
          "NPS - IRMA"
        ],
        "topic": [
          "APHN",
          "Appalachian Highlands Network",
          "Cystopteridaceae",
          "Ferns",
          "Great Smoky Mountains National Park",
          "GRSM",
          "phylogenetics",
          "SER",
          "Southeast Region"
        ],
        "format": "Dissertation",
        "publishDate": "2012",
        "building": [
          "Great Smoky Mountains National Park (GRSM)",
          "Shenandoah National Park (SHEN)"
        ],
        "Title": "Phylogenetics of Cystopteridaceae: Reticulation and Divergence in a Cosmopolitan Fern Family",
        "Link": "https://irma.nps.gov/DataStore/Reference/Profile/2208989"
      },
      "geometry": {
        "type": "MultiPoint",
        "coordinates": [
          [-83.5282, 35.5716],
          [-78.5008, 38.3518]
        ]
      }
    },
    {
      "type": "Feature",
      "properties": {
        "id": "irma-2253319",
        "institution": [
          "National Park Service (NPS)"
        ],
        "collection": [
          "NPS - IRMA"
        ],
        "topic": [
          "APHN",
          "Appalachian Highlands Network",
          "bear",
          "Great Smoky Mountains National Park",
          "GRSM",
          "GRSM-02276",
          "hog",
          "SER",
          "serological strains",
          "seroprevalence",
          "Southeast Region",
          "Toxoplasma gondii",
          "transmission",
          "zoonotic disease"
        ],
        "format": "Dissertation",
        "publishDate": "2017",
        "building": [
          "Great Smoky Mountains National Park (GRSM)"
        ],
        "Title": "Transmission Pattern of Major Clonal Lineages of Toxoplasma gondii",
        "Link": "https://irma.nps.gov/DataStore/Reference/Profile/2253319"
      },
      "geometry": {
        "type": "Point",
        "coordinates": [-83.5282, 35.5716]
      }
    },
    {
      "type": "Feature",
      "properties": {
        "id": "irma-2223858",
        "institution": [
          "National Park Service (NPS)"
        ],
        "collection": [
          "NPS - IRMA"
        ],
        "topic": [
          "Algae",
          "ATBI",
          "diatom. All Taxa Biodiversity Inventory",
          "Nitrogen",
          "Phosphorus",
          "Seep",
          "wet wall"
        ],
        "format": "Dissertation",
        "publishDate": "2008",
        "building": [
          "Great Smoky Mountains National Park (GRSM)"
        ],
        "Title": "Wet Wall Algal Community Response to In-Field Nutrient Manipulation of Nitrogen and Phosphorus, and the Taxonomy, Ecology, and Distribution Patterns of the Acidophilic Diatom Genus Eunotia Ehrenberg (Bacillariophyta) of the Great Smoky Mountains National Park, U.S.A.",
        "Link": "https://irma.nps.gov/DataStore/Reference/Profile/2223858"
      },
      "geometry": {
        "type": "Point",
        "coordinates": [-83.5282, 35.5716]
      }
    },
    {
      "type": "Feature",
      "properties": {
        "id": "irma-2302859",
        "institution": [
          "National Park Service (NPS)"
        ],
        "collection": [
          "NPS - IRMA"
        ],
        "topic": [
          "APHN",
          "Appalachian Highlands Network",
          "Great Smoky Mountains National Park",
          "GRSM",
          "GRSM-01082",
          "Hemlock Woolly Adelgid",
          "Imidacloprid",
          "Resource Management",
          "SER",
          "Southeast Region",
          "Streams",
          "Water Quality"
        ],
        "format": "Dissertation",
        "publishDate": "2016",
        "building": [
          "Great Smoky Mountains National Park (GRSM)"
        ],
        "Title": "Benefits and Risks of Imidacloprid-Based Management Programs for Hemlock Woolly Adelgid",
        "Link": "https://irma.nps.gov/DataStore/Reference/Profile/2302859"
      },
      "geometry": {
        "type": "Point",
        "coordinates": [-83.5282, 35.5716]
      }
    },
    {
      "type": "Feature",
      "properties": {
        "id": "irma-2230346",
        "institution": [
          "National Park Service (NPS)"
        ],
        "collection": [
          "NPS - IRMA"
        ],
        "topic": [
          "Climate change",
          "Conservation",
          "Drought",
          "Health and environmental sciences",
          "Land use",
          "Remote sensing",
          "Social sciences"
        ],
        "format": "Dissertation",
        "publishDate": "2016",
        "building": [
          "Channel Islands National Park (CHIS)"
        ],
        "Title": "California's Dynamic Landscape: Monitoring Ecological Response to Human Impact and Drought Using Satellite Imagery",
        "Link": "https://irma.nps.gov/DataStore/Reference/Profile/2230346"
      },
      "geometry": {
        "type": "Point",
        "coordinates": [-119.7252, 34.0039]
      }
    },
    {
      "type": "Feature",
      "properties": {
        "id": "irma-2254182",
        "institution": [
          "National Park Service (NPS)"
        ],
        "collection": [
          "NPS - IRMA"
        ],
        "topic": [
          "All Taxa Biodiversity Inventory",
          "APHN",
          "Appalachian Highlands Network",
          "ATBI",
          "beetles",
          "Coleoptera",
          "Great Smoky Mountains National Park",
          "GRSM",
          "Insecta",
          "SER",
          "Southeast Region",
          "woody debris"
        ],
        "format": "Dissertation",
        "publishDate": "2011",
        "building": [
          "Great Smoky Mountains National Park (GRSM)"
        ],
        "Title": "Ecology and Systematics of Coleoptera in Woody Debris of Eastern North American Forests",
        "Link": "https://irma.nps.gov/DataStore/Reference/Profile/2254182"
      },
      "geometry": {
        "type": "Point",
        "coordinates": [-83.5282, 35.5716]
      }
    },
    {
      "type": "Feature",
      "properties": {
        "id": "irma-2230772",
        "institution": [
          "National Park Service (NPS)"
        ],
        "collection": [
          "NPS - IRMA"
        ],
        "topic": [
          "fall (season)",
          "habitats",
          "migration",
          "predation",
          "wind"
        ],
        "format": "Dissertation",
        "publishDate": "2015",
        "building": [
          "Acadia National Park (ACAD)"
        ],
        "Title": "Explaining migratory behaviors using optimal migration theory",
        "Link": "https://irma.nps.gov/DataStore/Reference/Profile/2230772"
      },
      "geometry": {
        "type": "Point",
        "coordinates": [-68.2397, 44.3594]
      }
    },
    {
      "type": "Feature",
      "properties": {
        "id": "irma-2266941",
        "institution": [
          "National Park Service (NPS)"
        ],
        "collection": [
          "NPS - IRMA"
        ],
        "topic": [
          ""
        ],
        "format": "Dissertation",
        "publishDate": "2016",
        "building": [
          "Rocky Mountain National Park (ROMO)"
        ],
        "Title": "INSTREAM WOOD LOADS AND CHANNEL COMPLEXITY IN HEADWATER SOUTHERN ROCKY MOUNTAIN STREAMS UNDER ALTERNATIVE STATES",
        "Link": "https://irma.nps.gov/DataStore/Reference/Profile/2266941"
      },
      "geometry": {
        "type": "Point",
        "coordinates": [-105.7037, 40.3571]
      }
    },
    {
      "type": "Feature",
      "properties": {
        "id": "irma-2208824",
        "institution": [
          "National Park Service (NPS)"
        ],
        "collection": [
          "NPS - IRMA"
        ],
        "topic": [
          "Betula",
          "Birch",
          "Cataloochee",
          "Density",
          "Diversity",
          "Hemlock",
          "herbaceous plant communities",
          "Species Composition",
          "Tsuga canadensis"
        ],
        "topic_facet": [
          {
            "key": "1042",
            "label": "Ecological Framework: Biological Integrity | Focal Species or Communities | Forest/Woodland Communities",
            "description": {}
          }
        ],
        "format": "Dissertation",
        "publishDate": "2011",
        "building": [
          "Great Smoky Mountains National Park (GRSM)"
        ],
        "Title": "Impacts of the loss of hemlock canopy on southern Appalachian herbaceous communities.",
        "Link": "https://irma.nps.gov/DataStore/Reference/Profile/2208824"
      },
      "geometry": {
        "type": "Point",
        "coordinates": [-83.5282, 35.5716]
      }
    },
    {
      "type": "Feature",
      "properties": {
        "id": "irma-2193213",
        "institution": [
          "National Park Service (NPS)"
        ],
        "collection": [
          "NPS - IRMA"
        ],
        "topic": [
          "Bijah Spring",
          "Ecology and evolution",
          "Geothermal Resources",
          "Mercury",
          "Succession Spring",
          "Yellowstone National Park"
        ],
        "format": "Dissertation",
        "publishDate": "2011",
        "building": [
          "Yellowstone National Park (YELL)"
        ],
        "Title": "Microbially mediated mercury detoxification in geothermal environments : interactions of aquificae with mercury, and evidence for phylogenetic niche conservatism in Yellowstone National Park hot springs",
        "Link": "https://irma.nps.gov/DataStore/Reference/Profile/2193213"
      },
      "geometry": {
        "type": "Point",
        "coordinates": [-110.4901, 44.5813]
      }
    },
    {
      "type": "Feature",
      "properties": {
        "id": "irma-2239555",
        "institution": [
          "National Park Service (NPS)"
        ],
        "collection": [
          "NPS - IRMA"
        ],
        "topic": [
          "acid deposition",
          "APHN",
          "Appalachian Highlands Network",
          "critical loads",
          "Great Smoky Mountains National Park",
          "GRSM",
          "modeling",
          "nitrates",
          "organic acids",
          "SER",
          "soils",
          "Southeast Region",
          "streams",
          "sulfates"
        ],
        "format": "Dissertation",
        "publishDate": "2016",
        "building": [
          "Great Smoky Mountains National Park (GRSM)"
        ],
        "Title": "Modeling the Effects of Acid Deposition and Natural Organic Acids on Surface Waters",
        "Link": "https://irma.nps.gov/DataStore/Reference/Profile/2239555"
      },
      "geometry": {
        "type": "Point",
        "coordinates": [-83.5282, 35.5716]
      }
    },
    {
      "type": "Feature",
      "properties": {
        "id": "irma-2253530",
        "institution": [
          "National Park Service (NPS)"
        ],
        "collection": [
          "NPS - IRMA"
        ],
        "topic": [
          "APHN",
          "Appalachian Highlands Network",
          "feral hogs",
          "Great Smoky Mountains National Park",
          "GRSM",
          "mammalia",
          "modeling",
          "Pseudorabies",
          "SER",
          "Southeast Region",
          "suidae",
          "Sus scrofa",
          "wildlife management"
        ],
        "format": "Dissertation",
        "publishDate": "2016",
        "building": [
          "Great Smoky Mountains National Park (GRSM)"
        ],
        "Title": "Modeling Feral Hogs in Great Smoky Mountains National Park",
        "Link": "https://irma.nps.gov/DataStore/Reference/Profile/2253530"
      },
      "geometry": {
        "type": "Point",
        "coordinates": [-83.5282, 35.5716]
      }
    },
    {
      "type": "Feature",
      "properties": {
        "id": "irma-2247922",
        "institution": [
          "National Park Service (NPS)"
        ],
        "collection": [
          "NPS - IRMA"
        ],
        "topic": [
          "American Samoa",
          "Barshis",
          "Dissertation",
          "gene flow",
          "lobata",
          "Ofu",
          "Porites"
        ],
        "format": "Dissertation",
        "publishDate": "2009",
        "building": [
          "National Park of American Samoa (NPSA)"
        ],
        "Title": "PLASTIC VERSUS FIXED INFLUENCES ON CORAL RESPONSE TO FLUCTUATING ENVIRONMENTAL CONDITIONS: SOURCES OF CORAL RESILIENCE AND STRESS TOLERANCE IN A CHANGING CLIMATE",
        "Link": "https://irma.nps.gov/DataStore/Reference/Profile/2247922"
      },
      "geometry": {
        "type": "Point",
        "coordinates": [-170.689, -14.259]
      }
    },
    {
      "type": "Feature",
      "properties": {
        "id": "irma-2242305",
        "institution": [
          "National Park Service (NPS)"
        ],
        "collection": [
          "NPS - IRMA"
        ],
        "topic": [
          "APHN",
          "Appalachian Highlands Network",
          "average fitness differences",
          "coexistence",
          "frequency dependence",
          "Great Smoky Mountains National Park",
          "GRSM",
          "invasion",
          "microbe",
          "pathogen",
          "per capita population growth rate",
          "plant",
          "SER",
          "soil",
          "Southeast Region",
          "stabilizing niche differences"
        ],
        "format": "Dissertation",
        "publishDate": "2016",
        "building": [
          "Great Smoky Mountains National Park (GRSM)"
        ],
        "Title": "Plant Species Coexistence: the Roles of Soil Biota and Invasion History",
        "Link": "https://irma.nps.gov/DataStore/Reference/Profile/2242305"
      },
      "geometry": {
        "type": "Point",
        "coordinates": [-83.5282, 35.5716]
      }
    },
    {
      "type": "Feature",
      "properties": {
        "id": "irma-2291601",
        "institution": [
          "National Park Service (NPS)"
        ],
        "collection": [
          "NPS - IRMA"
        ],
        "topic": [
          "Agrilus planipennis",
          "Buprestidae",
          "emerald ash borer",
          "Fraxinus pennsylvanica",
          "genetic population structure",
          "green ash",
          "GRSM-02325",
          "Oleaceae",
          "vascular plants"
        ],
        "format": "Dissertation",
        "publishDate": "2016",
        "building": [
          "Great Smoky Mountains National Park (GRSM)"
        ],
        "Title": "Population Dynamics of Fraxinus pennsylvanica",
        "Link": "https://irma.nps.gov/DataStore/Reference/Profile/2291601"
      },
      "geometry": {
        "type": "Point",
        "coordinates": [-83.5282, 35.5716]
      }
    },
    {
      "type": "Feature",
      "properties": {
        "id": "irma-2205290",
        "institution": [
          "National Park Service (NPS)"
        ],
        "collection": [
          "NPS - IRMA"
        ],
        "topic": [
          "Cataloochee",
          "Cosby",
          "Hemlock",
          "Hemlock Wooly Adelgid",
          "Large Woody Debris",
          "Macroinvertebrates",
          "post-mortality canopy recruitment",
          "Riparian",
          "stream chemistry",
          "stream temperatures"
        ],
        "topic_facet": [
          {
            "key": "1028",
            "label": "Ecological Framework: Biological Integrity | Infestations and Disease | Insect Pests",
            "description": {}
          },
          {
            "key": "1035",
            "label": "Ecological Framework: Biological Integrity | Focal Species or Communities | Riparian Communities",
            "description": {}
          },
          {
            "key": "1042",
            "label": "Ecological Framework: Biological Integrity | Focal Species or Communities | Forest/Woodland Communities",
            "description": {}
          }
        ],
        "format": "Dissertation",
        "publishDate": "2011",
        "building": [
          "Great Smoky Mountains National Park (GRSM)"
        ],
        "Title": "Riparian Ecosystem Response to Hemlock Woolly Adelgid (Adelges tsugae) Induced Eastern Hemlock (Tsuga canadensis) Mortality in the Great Smoky Mountains National Park, USA",
        "Link": "https://irma.nps.gov/DataStore/Reference/Profile/2205290"
      },
      "geometry": {
        "type": "Point",
        "coordinates": [-83.5282, 35.5716]
      }
    },
    {
      "type": "Feature",
      "properties": {
        "id": "irma-2233866",
        "institution": [
          "National Park Service (NPS)"
        ],
        "collection": [
          "NPS - IRMA"
        ],
        "topic": [
          "Achnatherum robustum",
          "APHN",
          "Appalachian Highlands Network",
          "endophyte",
          "Epichloë",
          "fitness",
          "fungus",
          "grasses",
          "Great Smoky Mountains National Park",
          "GRSM",
          "GRSM-01116",
          "Poa alsodes",
          "SER",
          "Southeast Region"
        ],
        "format": "Dissertation",
        "publishDate": "2016",
        "building": [
          "Great Smoky Mountains National Park (GRSM)"
        ],
        "Title": "The Effects of Endophytic Epichloë Species on Host Plant Fitness of Two Native Grasses, Poa alsodes and Achnatherum robustum",
        "Link": "https://irma.nps.gov/DataStore/Reference/Profile/2233866"
      },
      "geometry": {
        "type": "Point",
        "coordinates": [-83.5282, 35.5716]
      }
    },
    {
      "type": "Feature",
      "properties": {
        "id": "irma-2236929",
        "institution": [
          "National Park Service (NPS)"
        ],
        "collection": [
          "NPS - IRMA"
        ],
        "topic": [
          "Bark beetles",
          "climate change",
          "fire ecology",
          "forest ecology",
          "resilience",
          "tree regeneration"
        ],
        "format": "Dissertation",
        "publishDate": "2015",
        "building": [
          "Glacier National Park (GLAC)",
          "Greater Yellowstone Network (GRYN)",
          "Yellowstone National Park (YELL)"
        ],
        "Title": "Causes and consequences of spatial patterns of fire severity in Northern Rocky Mountain forests: the role of disturbance interactions and changing climate",
        "Link": "https://irma.nps.gov/DataStore/Reference/Profile/2236929"
      },
      "geometry": {
        "type": "MultiPoint",
        "coordinates": [
          [-113.8587, 48.7468],
          [-110.4901, 44.5813]
        ]
      }
    },
    {
      "type": "Feature",
      "properties": {
        "id": "irma-2275538",
        "institution": [
          "National Park Service (NPS)"
        ],
        "collection": [
          "NPS - IRMA"
        ],
        "topic": [
          "APHN",
          "Appalachian Highlands Network",
          "Campanula americana",
          "Great Smoky Mountains National Park",
          "GRSM-01042",
          "RSM",
          "SER",
          "Southeast Region",
          "vascular plants"
        ],
        "format": "Dissertation",
        "publishDate": "2015",
        "building": [
          "Great Smoky Mountains National Park (GRSM)"
        ],
        "Title": "Cytonuclear Incompatibility Contributes to Incipient Speciation",
        "Link": "https://irma.nps.gov/DataStore/Reference/Profile/2275538"
      },
      "geometry": {
        "type": "Point",
        "coordinates": [-83.5282, 35.5716]
      }
    },
    {
      "type": "Feature",
      "properties": {
        "id": "irma-2223859",
        "institution": [
          "National Park Service (NPS)"
        ],
        "collection": [
          "NPS - IRMA"
        ],
        "topic": [
          "Dendrochronology",
          "GRSM-02292",
          "Indiana bat",
          "Management",
          "Migration",
          "Roost",
          "White-Nose Syndrome"
        ],
        "format": "Dissertation",
        "publishDate": "2015",
        "building": [
          "Great Smoky Mountains National Park (GRSM)"
        ],
        "Title": "Factors Influencing the Relative Abundance, Migration Phenology, and Roosting Ecology of Bats in the Midwest, with a Focus on the Indiana Bat",
        "Link": "https://irma.nps.gov/DataStore/Reference/Profile/2223859"
      },
      "geometry": {
        "type": "Point",
        "coordinates": [-83.5282, 35.5716]
      }
    },
    {
      "type": "Feature",
      "properties": {
        "id": "irma-2248378",
        "institution": [
          "National Park Service (NPS)"
        ],
        "collection": [
          "NPS - IRMA"
        ],
        "topic": [
          "All Taxa Biodiversity Inventory",
          "APHN",
          "Appalachian Highlands Network",
          "ATBI",
          "Buprestidae",
          "Coleoptera",
          "distribution",
          "Great Smoky Mountains National Park",
          "GRSM",
          "Insecta",
          "Lepidoptera",
          "SER",
          "Sesiidae",
          "Southeast Region"
        ],
        "format": "Dissertation",
        "publishDate": "2010",
        "building": [
          "Great Smoky Mountains National Park (GRSM)"
        ],
        "Title": "Identification and Phylogenetic Characterization of Select Species of Buprestidae (Coleoptera) and Sesiidae (Leptidoptera) Wood Boring Insect Families Occuring Across the Southeastern United States",
        "Link": "https://irma.nps.gov/DataStore/Reference/Profile/2248378"
      },
      "geometry": {
        "type": "Point",
        "coordinates": [-83.5282, 35.5716]
      }
    },
    {
      "type": "Feature",
      "properties": {
        "id": "irma-2181258",
        "institution": [
          "National Park Service (NPS)"
        ],
        "collection": [
          "NPS - IRMA"
        ],
        "topic": [
          ""
        ],
        "format": "Dissertation",
        "publishDate": "2010",
        "building": [
          "Great Smoky Mountains National Park (GRSM)"
        ],
        "Title": "LONG-TERM ACID DEPOSITION EFFECTS ON SOIL AND WATER CHEMISTRY IN THE NOLAND DIVIDE WATERSHED, GREAT SMOKY MOUNTAINS NATIONAL PARK, USA",
        "Link": "https://irma.nps.gov/DataStore/Reference/Profile/2181258"
      },
      "geometry": {
        "type": "Point",
        "coordinates": [-83.5282, 35.5716]
      }
    },
    {
      "type": "Feature",
      "properties": {
        "id": "irma-2124331",
        "institution": [
          "National Park Service (NPS)"
        ],
        "collection": [
          "NPS - IRMA"
        ],
        "topic": [
          "Forest Structure",
          "Glaucomys sabrinus",
          "Northern flying squirrel",
          "northern spottted owl",
          "predator-prey ecology",
          "radio telementry",
          "Strix occidentalis caurina"
        ],
        "format": "Dissertation",
        "publishDate": "2010",
        "building": [
          "Olympic National Park (OLYM)"
        ],
        "Title": "Limiting factors for northern flying squirrels (Glaucomys sabrinus) in the Pacific Northwest: a spatio-temporal analysis",
        "Link": "https://irma.nps.gov/DataStore/Reference/Profile/2124331"
      },
      "geometry": {
        "type": "Point",
        "coordinates": [-123.6996, 47.7886]
      }
    },
    {
      "type": "Feature",
      "properties": {
        "id": "irma-2242252",
        "institution": [
          "National Park Service (NPS)"
        ],
        "collection": [
          "NPS - IRMA"
        ],
        "topic": [
          "ants",
          "APHN",
          "Appalachian Highlands Network",
          "distribution",
          "Formicidae",
          "Great Smoky Mountains National Park",
          "GRSM",
          "GRSM-01071",
          "Hymenoptera",
          "Insects",
          "physiology",
          "SER",
          "Southeast Region",
          "temperature"
        ],
        "format": "Dissertation",
        "publishDate": "2015",
        "building": [
          "Great Smoky Mountains National Park (GRSM)"
        ],
        "Title": "Linking Physiology and Biogeography: Disentangling the Constraints on the Distributions of Ant Species",
        "Link": "https://irma.nps.gov/DataStore/Reference/Profile/2242252"
      },
      "geometry": {
        "type": "Point",
        "coordinates": [-83.5282, 35.5716]
      }
    },
    {
      "type": "Feature",
      "properties": {
        "id": "irma-2236008",
        "institution": [
          "National Park Service (NPS)"
        ],
        "collection": [
          "NPS - IRMA"
        ],
        "topic": [
          "Andrew B. Hammond; Industrial Era; logging industry"
        ],
        "format": "Dissertation",
        "publishDate": "2010",
        "building": [
          "Redwood National and State Parks (REDW)"
        ],
        "Title": "Money Does Grow on trees: A.B. Hammond and the Age of the Lumber Baron",
        "Link": "https://irma.nps.gov/DataStore/Reference/Profile/2236008"
      },
      "geometry": {
        "type": "Point",
        "coordinates": [-124.0048, 41.2769]
      }
    },
    {
      "type": "Feature",
      "properties": {
        "id": "irma-2224697",
        "institution": [
          "National Park Service (NPS)"
        ],
        "collection": [
          "NPS - IRMA"
        ],
        "topic": [
          "Abies fraseri",
          "Clingmans Dome",
          "fraser fir",
          "Monitoring",
          "Mount LeConte",
          "Mount Sterling",
          "photosynthetic rates",
          "Stress"
        ],
        "format": "Dissertation",
        "publishDate": "2015",
        "building": [
          "Great Smoky Mountains National Park (GRSM)"
        ],
        "Title": "Population Dynamics and Ecophysiology of Fraser fir (Abies fraseri) in the High Elevation Forests in the Southern Appalachian Mountains",
        "Link": "https://irma.nps.gov/DataStore/Reference/Profile/2224697"
      },
      "geometry": {
        "type": "Point",
        "coordinates": [-83.5282, 35.5716]
      }
    },
    {
      "type": "Feature",
      "properties": {
        "id": "irma-2229817",
        "institution": [
          "National Park Service (NPS)"
        ],
        "collection": [
          "NPS - IRMA"
        ],
        "topic": [
          "CCC",
          "Ciivil Works Administration",
          "Civilian Conservation Corps",
          "Farm Security Administration",
          "Great Society",
          "HABS",
          "HAER",
          "HALS",
          "Job Corps",
          "New Deal",
          "Park History",
          "Tennessee Valley Authority",
          "TVA",
          "VISTA",
          "Works Progress Administration",
          "WPA"
        ],
        "format": "Dissertation",
        "publishDate": "2015",
        "building": [
          "Cumberland Gap National Historical Park (CUGA)"
        ],
        "Title": "Recreating Appalachia: Cumberland Gap National Historic Park, 1922-1972",
        "Link": "https://irma.nps.gov/DataStore/Reference/Profile/2229817"
      },
      "geometry": {
        "type": "Point",
        "coordinates": [-83.6064, 36.6313]
      }
    },
    {
      "type": "Feature",
      "properties": {
        "id": "irma-2258336",
        "institution": [
          "National Park Service (NPS)"
        ],
        "collection": [
          "NPS - IRMA"
        ],
        "topic": [
          "amphibians",
          "APHN",
          "Appalachian Highlands Network",
          "Caudata",
          "Desmognathus",
          "Evolution",
          "Great Smoky Mountains National Park",
          "GRSM",
          "GRSM-00843",
          "Mito-nuclear discordance",
          "Plethodontidae",
          "salamanders",
          "SER",
          "Southeast Region",
          "Speciation",
          "taxonomy"
        ],
        "format": "Dissertation",
        "publishDate": "2015",
        "building": [
          "Great Smoky Mountains National Park (GRSM)"
        ],
        "Title": "Rectifying Limitations On Species Delineation In Dusky Salamanders : Lineage Detection Using An Ecoregion-Drainage Sampling Regime",
        "Link": "https://irma.nps.gov/DataStore/Reference/Profile/2258336"
      },
      "geometry": {
        "type": "Point",
        "coordinates": [-83.5282, 35.5716]
      }
    },
    {
      "type": "Feature",
      "properties": {
        "id": "irma-2229880",
        "institution": [
          "National Park Service (NPS)"
        ],
        "collection": [
          "NPS - IRMA"
        ],
        "topic": [
          "archaeal virology",
          "hot spring",
          "protein expression",
          "spindle viruses",
          "viral metagenomics"
        ],
        "topic_facet": [
          {
            "key": "1012",
            "label": "Ecological Framework: Geology and Soils | Subsurface Geologic Processes | Geothermal Features and Processes",
            "description": {}
          },
          {
            "key": "1024",
            "label": "Ecological Framework: Water | Water Quality | Microorganisms",
            "description": {}
          }
        ],
        "format": "Dissertation",
        "publishDate": "2015",
        "building": [
          "Yellowstone National Park (YELL)"
        ],
        "Title": "The discovery and characterization of two archaeal viruses using culture-independent methods",
        "Link": "https://irma.nps.gov/DataStore/Reference/Profile/2229880"
      },
      "geometry": {
        "type": "Point",
        "coordinates": [-110.4901, 44.5813]
      }
    },
    {
      "type": "Feature",
      "properties": {
        "id": "irma-2222972",
        "institution": [
          "National Park Service (NPS)"
        ],
        "collection": [
          "NPS - IRMA"
        ],
        "topic": [
          "Hispanic",
          "Latino",
          "Social Science",
          "values"
        ],
        "format": "Dissertation",
        "publishDate": "2015",
        "building": [
          "Castillo de San Marcos National Monument (CASA)",
          "Fort Matanzas National Monument (FOMA)",
          "Great Smoky Mountains National Park (GRSM)"
        ],
        "Title": "Values Assigned to National Parks by Hispanics in the United States: Castillo de San Marcos and Fort Matanzas NM and Great Smoky Mountains NP",
        "Link": "https://irma.nps.gov/DataStore/Reference/Profile/2222972"
      },
      "geometry": {
        "type": "MultiPoint",
        "coordinates": [
          [-81.3124, 29.8979],
          [-81.2384, 29.7115],
          [-83.5282, 35.5716]
        ]
      }
    },
    {
      "type": "Feature",
      "properties": {
        "id": "irma-2227227",
        "institution": [
          "National Park Service (NPS)"
        ],
        "collection": [
          "NPS - IRMA"
        ],
        "topic": [
          "2014",
          "Bees",
          "dissertation",
          "Rock Creek Park",
          "survey"
        ],
        "topic_facet": [
          {
            "key": "1045",
            "label": "Ecological Framework: Biological Integrity | Focal Species or Communities | Terrestrial Invertebrates",
            "description": {}
          }
        ],
        "format": "Dissertation",
        "publishDate": "2014",
        "building": [
          "Rock Creek Park (ROCR)"
        ],
        "Title": "Bees Captured in Rock Creek Park 2014",
        "Link": "https://irma.nps.gov/DataStore/Reference/Profile/2227227"
      },
      "geometry": {
        "type": "Point",
        "coordinates": [-77.046, 38.9315]
      }
    },
    {
      "type": "Feature",
      "properties": {
        "id": "irma-2254140",
        "institution": [
          "National Park Service (NPS)"
        ],
        "collection": [
          "NPS - IRMA"
        ],
        "topic": [
          "acid deposition",
          "acidification",
          "air pollution",
          "APHN",
          "Appalachian Highlands Network",
          "compliance",
          "critical loads",
          "Great Smoky Mountains National Park",
          "GRSM",
          "SER",
          "Southeast Region",
          "water quality"
        ],
        "format": "Dissertation",
        "publishDate": "2014",
        "building": [
          "Great Smoky Mountains National Park (GRSM)"
        ],
        "Title": "Developing Critical Loads and Dynamic Critical Loads for Acidification for Watersheds in the Adirondack region of New York and Great Smoky Mountain National Park (GRSM)",
        "Link": "https://irma.nps.gov/DataStore/Reference/Profile/2254140"
      },
      "geometry": {
        "type": "Point",
        "coordinates": [-83.5282, 35.5716]
      }
    },
    {
      "type": "Feature",
      "properties": {
        "id": "irma-2267514",
        "institution": [
          "National Park Service (NPS)"
        ],
        "collection": [
          "NPS - IRMA"
        ],
        "topic": [
          ""
        ],
        "format": "Dissertation",
        "publishDate": "2014",
        "building": [
          "Rocky Mountain National Park (ROMO)"
        ],
        "Title": "EFFECTS OF FISH ON AQUATIC FOOD WEBS AT HIGH ELEVATION",
        "Link": "https://irma.nps.gov/DataStore/Reference/Profile/2267514"
      },
      "geometry": {
        "type": "Point",
        "coordinates": [-105.7037, 40.3571]
      }
    },
    {
      "type": "Feature",
      "properties": {
        "id": "irma-2174438",
        "institution": [
          "National Park Service (NPS)"
        ],
        "collection": [
          "NPS - IRMA"
        ],
        "topic": [
          "Anthropogenic Climate Change",
          "cryptic species",
          "DNA barcoding",
          "Introgressive Hybridization",
          "lineage sorting",
          "mtDNA",
          "Niche modeling",
          "Nucleotide Polymorphisms",
          "Plethodontidae",
          "Salamanders",
          "Species Delimitation",
          "Taxonomic History"
        ],
        "topic_facet": [
          {
            "key": "1047",
            "label": "Ecological Framework: Biological Integrity | Focal Species or Communities | Amphibians and Reptiles",
            "description": {}
          }
        ],
        "format": "Dissertation",
        "publishDate": "2009",
        "building": [
          "Great Smoky Mountains National Park (GRSM)"
        ],
        "Title": "Evolutionary dynamics among salamanders in the Plethodon glutinosus group, with an emphasis on three species: P. jordani, P. metcalfi, and P. teyahalee (Caudata: Plethodontidae)",
        "Link": "https://irma.nps.gov/DataStore/Reference/Profile/2174438"
      },
      "geometry": {
        "type": "Point",
        "coordinates": [-83.5282, 35.5716]
      }
    },
    {
      "type": "Feature",
      "properties": {
        "id": "irma-2192239",
        "institution": [
          "National Park Service (NPS)"
        ],
        "collection": [
          "NPS - IRMA"
        ],
        "topic": [
          "Conservation",
          "Cultural",
          "Culture",
          "Environmentality",
          "National Parks",
          "Nature",
          "Public",
          "Rhetorical",
          "Social Science"
        ],
        "topic_facet": [
          {
            "key": "1056",
            "label": "Ecological Framework: Human Use | Visitor and Recreation Use | Visitor Use",
            "description": {}
          }
        ],
        "format": "Dissertation",
        "publishDate": "2009",
        "building": [
          "Blue Ridge Parkway (BLRI)",
          "Cape Hatteras National Seashore (CAHA)",
          "Great Smoky Mountains National Park (GRSM)"
        ],
        "Title": "Making Conservation Public: Rhetorical Environmentality and the Contested Future(s) of America’s National Parks",
        "Link": "https://irma.nps.gov/DataStore/Reference/Profile/2192239"
      },
      "geometry": {
        "type": "MultiPoint",
        "coordinates": [
          [-81.0706, 36.4365],
          [-75.6029, 35.2368],
          [-83.5282, 35.5716]
        ]
      }
    },
    {
      "type": "Feature",
      "properties": {
        "id": "irma-2247648",
        "institution": [
          "National Park Service (NPS)"
        ],
        "collection": [
          "NPS - IRMA"
        ],
        "topic": [
          "All Taxa Biodiversity Inventoroy",
          "APHN",
          "Appalachian Highlands Network",
          "ATBI",
          "biodiversity",
          "BLRI",
          "Blue Ridge Parkway",
          "Clogmmia albipunctata",
          "Crenopanimerus lucens",
          "Crenopanimerus quadripunctatus",
          "Diptera",
          "Eurygarka nelderi",
          "Great Smoky Mountains National Park",
          "GRSM",
          "Insecta",
          "Lepiseodina conspicua",
          "Lepiseodina superba",
          "new species",
          "Paramormia arnaudi",
          "Psychodidae",
          "Quatiella interdicta",
          "SER",
          "Setomima nitida",
          "Southeast Region",
          "Stupkaiella bipunctata",
          "Stupkaiella capricornuata",
          "Stupkaiella lasiostyla",
          "Stupkaiella robinsoni",
          "taxonomy",
          "Thornburghiella albitarsis",
          "Thornburghiella clavata",
          "Thornburghiella marginalis",
          "Thornburghiella slossoni",
          "Trichomyia styloryncha"
        ],
        "format": "Dissertation",
        "publishDate": "2009",
        "building": [
          "Blue Ridge Parkway (BLRI)",
          "Great Smoky Mountains National Park (GRSM)"
        ],
        "Title": "Morphological and Molecular Systematics of Psychodidae (Diptera)",
        "Link": "https://irma.nps.gov/DataStore/Reference/Profile/2247648"
      },
      "geometry": {
        "type": "MultiPoint",
        "coordinates": [
          [-81.0706, 36.4365],
          [-83.5282, 35.5716]
        ]
      }
    },
    {
      "type": "Feature",
      "properties": {
        "id": "irma-2247760",
        "institution": [
          "National Park Service (NPS)"
        ],
        "collection": [
          "NPS - IRMA"
        ],
        "topic": [
          "APHN",
          "Appalachian Highlands Network",
          "biodiversity",
          "Bittacomorphellla fenderiana",
          "BLRI",
          "Blue Ridge Parkway",
          "Diptera",
          "Great Smoky Mountains National Park",
          "GRSM",
          "Insecta",
          "Ptychoptera espica",
          "Ptychoptera lacrimiformis",
          "Ptychoptera pendula",
          "Ptychoptera sculleni",
          "Ptychopteridae",
          "SER",
          "Southeast Region",
          "taxonomy"
        ],
        "format": "Dissertation",
        "publishDate": "2014",
        "building": [
          "Blue Ridge Parkway (BLRI)",
          "Crater Lake National Park (CRLA)",
          "Great Smoky Mountains National Park (GRSM)",
          "Grand Teton National Park (GRTE)",
          "Mount Rainier National Park (MORA)",
          "Olympic National Park (OLYM)",
          "Yellowstone National Park (YELL)",
          "Yosemite National Park (YOSE)"
        ],
        "Title": "Phylogeny and Diversity of the Phantom Crane Flies (Diptera: Ptychopteridae)",
        "Link": "https://irma.nps.gov/DataStore/Reference/Profile/2247760"
      },
      "geometry": {
        "type": "MultiPoint",
        "coordinates": [
          [-81.0706, 36.4365],
          [-122.1353, 42.9443],
          [-83.5282, 35.5716],
          [-110.6856, 43.8259],
          [-121.6826, 46.8656],
          [-123.6996, 47.7886],
          [-110.4901, 44.5813],
          [-119.5404, 37.8399]
        ]
      }
    },
    {
      "type": "Feature",
      "properties": {
        "id": "irma-2181648",
        "institution": [
          "National Park Service (NPS)"
        ],
        "collection": [
          "NPS - IRMA"
        ],
        "topic": [
          ""
        ],
        "format": "Dissertation",
        "publishDate": "2008",
        "building": [
          "Cabrillo National Monument (CABR)"
        ],
        "Title": "The effects of size-selective harvesting on the population biology and ecology of a sex-changing limpet species, Lottia gigantea",
        "Link": "https://irma.nps.gov/DataStore/Reference/Profile/2181648"
      },
      "geometry": {
        "type": "Point",
        "coordinates": [-117.2415, 32.6724]
      }
    },
    {
      "type": "Feature",
      "properties": {
        "id": "irma-2181516",
        "institution": [
          "National Park Service (NPS)"
        ],
        "collection": [
          "NPS - IRMA"
        ],
        "topic": [
          ""
        ],
        "format": "Dissertation",
        "publishDate": "2005",
        "building": [
          "Cabrillo National Monument (CABR)"
        ],
        "Title": "The regional population variability and larval connectivity of mytilid mussels: conserving the populations of Cabrillo National Monument",
        "Link": "https://irma.nps.gov/DataStore/Reference/Profile/2181516"
      },
      "geometry": {
        "type": "Point",
        "coordinates": [-117.2415, 32.6724]
      }
    },
    {
      "type": "Feature",
      "properties": {
        "id": "irma-2223935",
        "institution": [
          "National Park Service (NPS)"
        ],
        "collection": [
          "NPS - IRMA"
        ],
        "topic": [
          "APHN",
          "Appalachian Highlands Network",
          "Biological Control",
          "Great Smoky Mountains National Park",
          "GRSM",
          "GRSM-01043",
          "Hemlock Woolly Adelgid",
          "Hybridization",
          "Laricobius naganoensis",
          "Laricobius nigrinus",
          "Laricobius osakensis",
          "Laricobius rubidus",
          "pine bark adelgid",
          "SER",
          "Southeast Region"
        ],
        "format": "Dissertation",
        "publishDate": "2013",
        "building": [
          "Great Smoky Mountains National Park (GRSM)"
        ],
        "Title": "Evaluation Of Hybridization Among Three Laricobius Species, Predators Of Hemlock Woolly Adelgid, (Adelgidae)",
        "Link": "https://irma.nps.gov/DataStore/Reference/Profile/2223935"
      },
      "geometry": {
        "type": "Point",
        "coordinates": [-83.5282, 35.5716]
      }
    },
    {
      "type": "Feature",
      "properties": {
        "id": "irma-2211518",
        "institution": [
          "National Park Service (NPS)"
        ],
        "collection": [
          "NPS - IRMA"
        ],
        "topic": [
          "Charcoal",
          "Fire History",
          "GRSM-00273",
          "mesophication",
          "yellow pine"
        ],
        "topic_facet": [
          {
            "key": "1058",
            "label": "Ecological Framework: Landscapes | Fire and Fuel Dynamics | Fire and Fuel Dynamics",
            "description": {}
          }
        ],
        "format": "Dissertation",
        "publishDate": "2013",
        "building": [
          "Great Smoky Mountains National Park (GRSM)"
        ],
        "Title": "Fire and Forest History from Soil Charcoal in Yellow Pine and Mixed Hardwood-Pine Forests in the Southern Appalachian Mountains, U.S.A.",
        "Link": "https://irma.nps.gov/DataStore/Reference/Profile/2211518"
      },
      "geometry": {
        "type": "Point",
        "coordinates": [-83.5282, 35.5716]
      }
    },
    {
      "type": "Feature",
      "properties": {
        "id": "irma-2206456",
        "institution": [
          "National Park Service (NPS)"
        ],
        "collection": [
          "NPS - IRMA"
        ],
        "topic": [
          "Biomass",
          "Productivity",
          "Recovery",
          "Spruce-Fir Forest",
          "Trees"
        ],
        "topic_facet": [
          {
            "key": "1042",
            "label": "Ecological Framework: Biological Integrity | Focal Species or Communities | Forest/Woodland Communities",
            "description": {}
          }
        ],
        "format": "Dissertation",
        "publishDate": "2013",
        "building": [
          "Great Smoky Mountains National Park (GRSM)"
        ],
        "Title": "Forest Recovery, Nutrient Cycling and Carbon Sequestration in a Southern Appalachian Spruce-Fir Forest",
        "Link": "https://irma.nps.gov/DataStore/Reference/Profile/2206456"
      },
      "geometry": {
        "type": "Point",
        "coordinates": [-83.5282, 35.5716]
      }
    },
    {
      "type": "Feature",
      "properties": {
        "id": "irma-2253347",
        "institution": [
          "National Park Service (NPS)"
        ],
        "collection": [
          "NPS - IRMA"
        ],
        "topic": [
          "APHN",
          "Appalachian Highlands Network",
          "aquatic macro invertebrates",
          "biodiversity",
          "caddisflies",
          "Ephemeroptera",
          "Great Smoky Mountains National Park",
          "GRSM",
          "Insecta",
          "mayflies",
          "Plecoptera",
          "SER",
          "Southeast Region",
          "stoneflies",
          "Trichoptera"
        ],
        "format": "Dissertation",
        "publishDate": "2013",
        "building": [
          "Great Smoky Mountains National Park (GRSM)"
        ],
        "Title": "Frequência de Ocupação e Diversidade beta de Insetos Aquáticos: a Importância da Dispersão e de Variáveis Ambientais em Diferentes Escalas Espaciais",
        "Link": "https://irma.nps.gov/DataStore/Reference/Profile/2253347"
      },
      "geometry": {
        "type": "Point",
        "coordinates": [-83.5282, 35.5716]
      }
    },
    {
      "type": "Feature",
      "properties": {
        "id": "irma-2207514",
        "institution": [
          "National Park Service (NPS)"
        ],
        "collection": [
          "NPS - IRMA"
        ],
        "topic": [
          "Disturbance",
          "Ecology",
          "Fire response",
          "Geomorphology",
          "Physical geography"
        ],
        "topic_facet": [
          {
            "key": "1007",
            "label": "Ecological Framework: Geology and Soils | Geomorphology | Hillslope Features and Processes",
            "description": {}
          },
          {
            "key": "1058",
            "label": "Ecological Framework: Landscapes | Fire and Fuel Dynamics | Fire and Fuel Dynamics",
            "description": {}
          }
        ],
        "format": "Dissertation",
        "publishDate": "2013",
        "building": [
          "Glacier National Park (GLAC)"
        ],
        "Title": "Geomorphic and ecologic patterns after fire within the alpine treeline ecotone, Glacier national park, Montana",
        "Link": "https://irma.nps.gov/DataStore/Reference/Profile/2207514"
      },
      "geometry": {
        "type": "Point",
        "coordinates": [-113.8587, 48.7468]
      }
    },
    {
      "type": "Feature",
      "properties": {
        "id": "irma-2203666",
        "institution": [
          "National Park Service (NPS)"
        ],
        "collection": [
          "NPS - IRMA"
        ],
        "topic": [
          "Acid Neutralizing Capacity",
          "Acidification",
          "correlation analyses",
          "critical loads",
          "Eutrophication",
          "Lake Monitor",
          "mountain lakes",
          "nitrate concentration",
          "nutrient deposition",
          "nutrient limitation",
          "Oligotrophic",
          "Productivity",
          "Sierra Nevada"
        ],
        "topic_facet": [
          {
            "key": "1011",
            "label": "Ecological Framework: Geology and Soils | Geomorphology | Lake Features and Processes",
            "description": {}
          },
          {
            "key": "1021",
            "label": "Ecological Framework: Water | Water Quality | Water Chemistry",
            "description": {}
          },
          {
            "key": "1022",
            "label": "Ecological Framework: Water | Water Quality | Nutrient Dynamics",
            "description": {}
          }
        ],
        "format": "Dissertation",
        "publishDate": "2013",
        "building": [
          "Sequoia and Kings Canyon National Parks (SEKI)",
          "Sierra Nevada Network (SIEN)",
          "Yosemite National Park (YOSE)"
        ],
        "Title": "Global Change and Mountain Lakes: Establishing nutrient criteria and critical loads for Sierra Nevada lakes. University of California, Riverside. 160 pp.",
        "Link": "https://irma.nps.gov/DataStore/Reference/Profile/2203666"
      },
      "geometry": {
        "type": "MultiPoint",
        "coordinates": [
          [-118.5379, 36.7173],
          [-119.5404, 37.8399]
        ]
      }
    },
    {
      "type": "Feature",
      "properties": {
        "id": "irma-2206384",
        "institution": [
          "National Park Service (NPS)"
        ],
        "collection": [
          "NPS - IRMA"
        ],
        "topic": [
          "Amphibians",
          "amplification",
          "Cades Cove",
          "die-offs",
          "Ectotherms",
          "Fish",
          "Frog",
          "Gourley Pond",
          "Host",
          "Pathogen",
          "Ranavirus",
          "Salamanders",
          "Smoky mountain isolate",
          "Turtles",
          "Vertebrates"
        ],
        "topic_facet": [
          {
            "key": "1030",
            "label": "Ecological Framework: Biological Integrity | Infestations and Disease | Animal Diseases",
            "description": {}
          },
          {
            "key": "1047",
            "label": "Ecological Framework: Biological Integrity | Focal Species or Communities | Amphibians and Reptiles",
            "description": {}
          }
        ],
        "format": "Dissertation",
        "publishDate": "2013",
        "building": [
          "Great Smoky Mountains National Park (GRSM)"
        ],
        "Title": "Mechanisms Contributing to the Emergence of Ranavirus in Ectothermic Vertebrate Communities",
        "Link": "https://irma.nps.gov/DataStore/Reference/Profile/2206384"
      },
      "geometry": {
        "type": "Point",
        "coordinates": [-83.5282, 35.5716]
      }
    },
    {
      "type": "Feature",
      "properties": {
        "id": "irma-2253528",
        "institution": [
          "National Park Service (NPS)"
        ],
        "collection": [
          "NPS - IRMA"
        ],
        "topic": [
          "APHN",
          "Appalachian Highlands Network",
          "Balsam Woolly Adelgid",
          "BWA",
          "Frasier Fir",
          "Great Smoky Mountains National Park",
          "GRSM",
          "GRSM-00244",
          "SER",
          "Southeast Region"
        ],
        "format": "Dissertation",
        "publishDate": "2013",
        "building": [
          "Great Smoky Mountains National Park (GRSM)"
        ],
        "Title": "Novel Approaches for Artificial Infestations and Early Resistance Screening of Fraser Fir against the Balsam Woolly Adelgid",
        "Link": "https://irma.nps.gov/DataStore/Reference/Profile/2253528"
      },
      "geometry": {
        "type": "Point",
        "coordinates": [-83.5282, 35.5716]
      }
    },
    {
      "type": "Feature",
      "properties": {
        "id": "irma-2227520",
        "institution": [
          "National Park Service (NPS)"
        ],
        "collection": [
          "NPS - IRMA"
        ],
        "topic": [
          "Archeology"
        ],
        "format": "Dissertation",
        "publishDate": "2008",
        "building": [
          "Noatak National Preserve (NOAT)"
        ],
        "Title": "Paleoalaskan Adaptive Strategies Viewed From Northwestern Alaska",
        "Link": "https://irma.nps.gov/DataStore/Reference/Profile/2227520"
      },
      "geometry": {
        "type": "Point",
        "coordinates": [-159.3945, 68.1814]
      }
    },
    {
      "type": "Feature",
      "properties": {
        "id": "irma-2256065",
        "institution": [
          "National Park Service (NPS)"
        ],
        "collection": [
          "NPS - IRMA"
        ],
        "topic": [
          "APHN",
          "Appalachian Highlands Network",
          "atmospheric changes",
          "carbon dynamics",
          "climate",
          "Great Smoky Mountains National Park",
          "GRSM",
          "land cover",
          "SER",
          "Southeast Region",
          "weather"
        ],
        "format": "Dissertation",
        "publishDate": "2008",
        "building": [
          "Great Smoky Mountains National Park (GRSM)"
        ],
        "Title": "Terrestrial Carbon Dynamics of Southern United States in Response to Changes in Climate, Atmosphere, and Land-Use/Land Cover from 1895 to 2005",
        "Link": "https://irma.nps.gov/DataStore/Reference/Profile/2256065"
      },
      "geometry": {
        "type": "Point",
        "coordinates": [-83.5282, 35.5716]
      }
    },
    {
      "type": "Feature",
      "properties": {
        "id": "irma-2193365",
        "institution": [
          "National Park Service (NPS)"
        ],
        "collection": [
          "NPS - IRMA"
        ],
        "topic": [
          ""
        ],
        "format": "Dissertation",
        "publishDate": "2012",
        "building": [
          "Yellowstone National Park (YELL)"
        ],
        "Title": "Applied investigations into grizzly and black bear ecology and management",
        "Link": "https://irma.nps.gov/DataStore/Reference/Profile/2193365"
      },
      "geometry": {
        "type": "Point",
        "coordinates": [-110.4901, 44.5813]
      }
    },
    {
      "type": "Feature",
      "properties": {
        "id": "irma-2264863",
        "institution": [
          "National Park Service (NPS)"
        ],
        "collection": [
          "NPS - IRMA"
        ],
        "topic": [
          "Biological sciences",
          "Cpdna",
          "Eriogonum",
          "Evolution",
          "Island biogeography",
          "Lfy",
          "Microsatellite",
          "Nrits"
        ],
        "format": "Dissertation",
        "publishDate": "2012",
        "building": [
          "Channel Islands National Park (CHIS)"
        ],
        "Title": "Comparative phylogeography of California Channel Island endemic Eriogonum (Polygonaceae)",
        "Link": "https://irma.nps.gov/DataStore/Reference/Profile/2264863"
      },
      "geometry": {
        "type": "Point",
        "coordinates": [-119.7252, 34.0039]
      }
    },
    {
      "type": "Feature",
      "properties": {
        "id": "irma-660459",
        "institution": [
          "National Park Service (NPS)"
        ],
        "collection": [
          "NPS - IRMA"
        ],
        "topic": [
          "Demography",
          "Endemic",
          "Olympic marmot (Marmota olympus)",
          "Threatened & Endangered"
        ],
        "format": "Dissertation",
        "publishDate": "2007",
        "building": [
          "Olympic National Park (OLYM)"
        ],
        "Title": "Demography and ecology of declining endemic: the Olympic marmot",
        "Link": "https://irma.nps.gov/DataStore/Reference/Profile/660459"
      },
      "geometry": {
        "type": "Point",
        "coordinates": [-123.6996, 47.7886]
      }
    },
    {
      "type": "Feature",
      "properties": {
        "id": "irma-2221008",
        "institution": [
          "National Park Service (NPS)"
        ],
        "collection": [
          "NPS - IRMA"
        ],
        "topic": [
          "Ants",
          "Communities",
          "ecotone",
          "edge",
          "Formicidae",
          "fragmented habitats",
          "Insects",
          "Invasive Species"
        ],
        "topic_facet": [
          {
            "key": "1045",
            "label": "Ecological Framework: Biological Integrity | Focal Species or Communities | Terrestrial Invertebrates",
            "description": {}
          }
        ],
        "format": "Dissertation",
        "publishDate": "2007",
        "building": [
          "Great Smoky Mountains National Park (GRSM)"
        ],
        "Title": "Diversity and Abundance of Ants at Forest Edges in the Great Smoky Mountains National Park",
        "Link": "https://irma.nps.gov/DataStore/Reference/Profile/2221008"
      },
      "geometry": {
        "type": "Point",
        "coordinates": [-83.5282, 35.5716]
      }
    },
    {
      "type": "Feature",
      "properties": {
        "id": "irma-651924",
        "institution": [
          "National Park Service (NPS)"
        ],
        "collection": [
          "NPS - IRMA"
        ],
        "topic": [
          "Algal Blooms",
          "benthic reef community",
          "Cladophora sericea",
          "Community Structure",
          "Eutrophication",
          "Exotic Species",
          "Hawaii",
          "Introduced Species",
          "invertebrate abundance",
          "Maui",
          "microinvertebrate",
          "Oahu",
          "Sediment accumulation"
        ],
        "format": "Dissertation",
        "publishDate": "2003",
        "building": [
          "Ala Kahakai National Historic Trail (ALKA)",
          "Pacific Islands Network (PACN)"
        ],
        "Title": "Factors influencing algal blooms on tropical reefs with an emphasis on herbivory, nutrients and invasive species",
        "Link": "https://irma.nps.gov/DataStore/Reference/Profile/651924"
      },
      "geometry": {
        "type": "Point",
        "coordinates": [-156.0255, 19.6788]
      }
    },
    {
      "type": "Feature",
      "properties": {
        "id": "irma-2205095",
        "institution": [
          "National Park Service (NPS)"
        ],
        "collection": [
          "NPS - IRMA"
        ],
        "topic": [
          "Climate",
          "climate oscillations",
          "distrubance",
          "FIRE",
          "Fire Frequency",
          "GRSM-00447",
          "Human Activity",
          "Virginia pine",
          "Wildfire"
        ],
        "topic_facet": [
          {
            "key": "1042",
            "label": "Ecological Framework: Biological Integrity | Focal Species or Communities | Forest/Woodland Communities",
            "description": {}
          },
          {
            "key": "1058",
            "label": "Ecological Framework: Landscapes | Fire and Fuel Dynamics | Fire and Fuel Dynamics",
            "description": {}
          }
        ],
        "format": "Dissertation",
        "publishDate": "2012",
        "building": [
          "Great Smoky Mountains National Park (GRSM)"
        ],
        "Title": "Fire Regimes of Lower-elevation Forests in Great Smoky Mountains National Park, Tennessee, USA",
        "Link": "https://irma.nps.gov/DataStore/Reference/Profile/2205095"
      },
      "geometry": {
        "type": "Point",
        "coordinates": [-83.5282, 35.5716]
      }
    },
    {
      "type": "Feature",
      "properties": {
        "id": "irma-2193306",
        "institution": [
          "National Park Service (NPS)"
        ],
        "collection": [
          "NPS - IRMA"
        ],
        "topic": [
          "Microbial ecology",
          "Soils",
          "Vesicular-arbuscular mycorrhizas"
        ],
        "format": "Dissertation",
        "publishDate": "2012",
        "building": [
          "Yellowstone National Park (YELL)"
        ],
        "Title": "Geothermal soil ecology in Yellowstone National Park",
        "Link": "https://irma.nps.gov/DataStore/Reference/Profile/2193306"
      },
      "geometry": {
        "type": "Point",
        "coordinates": [-110.4901, 44.5813]
      }
    },
    {
      "type": "Feature",
      "properties": {
        "id": "irma-2190858",
        "institution": [
          "National Park Service (NPS)"
        ],
        "collection": [
          "NPS - IRMA"
        ],
        "topic": [
          "Grizzly Bear",
          "grizzly bear displacement",
          "grizzly bear movement and behavior",
          "Mammal",
          "Park Management",
          "Ursos arctos",
          "wildlife interaction"
        ],
        "topic_facet": [
          {
            "key": "1049",
            "label": "Ecological Framework: Biological Integrity | Focal Species or Communities | Mammals",
            "description": {}
          },
          {
            "key": "1052",
            "label": "Ecological Framework: Biological Integrity | At-risk Biota | T&E Species and Communities",
            "description": {}
          }
        ],
        "format": "Dissertation",
        "publishDate": "2012",
        "building": [
          "Yellowstone National Park (YELL)"
        ],
        "Title": "Grizzly bear and human interaction in Yellowstone National Park, Bear Management Areas",
        "Link": "https://irma.nps.gov/DataStore/Reference/Profile/2190858"
      },
      "geometry": {
        "type": "Point",
        "coordinates": [-110.4901, 44.5813]
      }
    },
    {
      "type": "Feature",
      "properties": {
        "id": "irma-654470",
        "institution": [
          "National Park Service (NPS)"
        ],
        "collection": [
          "NPS - IRMA"
        ],
        "topic": [
          "Dam Removal",
          "Elwha River Watershed",
          "Management",
          "Planning"
        ],
        "format": "Dissertation",
        "publishDate": "2007",
        "building": [
          "Olympic National Park (OLYM)"
        ],
        "Title": "Restoring the Elwha: Salmon, Dams and People on the Olympic Peninsula, A Case Study of Environmental Decision-making",
        "Link": "https://irma.nps.gov/DataStore/Reference/Profile/654470"
      },
      "geometry": {
        "type": "Point",
        "coordinates": [-123.6996, 47.7886]
      }
    },
    {
      "type": "Feature",
      "properties": {
        "id": "irma-2246285",
        "institution": [
          "National Park Service (NPS)"
        ],
        "collection": [
          "NPS - IRMA"
        ],
        "topic": [
          "APHN",
          "Appalachian Highlands Network",
          "biodiversity",
          "fungi",
          "Great Smoky Mountains National Park",
          "GRSM",
          "GRSM-00314",
          "Harpellales",
          "SER",
          "Smittium",
          "Southeast Region",
          "taxonomy"
        ],
        "format": "Dissertation",
        "publishDate": "2012",
        "building": [
          "Great Smoky Mountains National Park (GRSM)"
        ],
        "Title": "Ribosomal RNA Gene-Based and Multigene Phylogenies of Smittium (Harpellales) and Allies--Toward Unraveling Relationships among Early-Diverging Fungi",
        "Link": "https://irma.nps.gov/DataStore/Reference/Profile/2246285"
      },
      "geometry": {
        "type": "Point",
        "coordinates": [-83.5282, 35.5716]
      }
    },
    {
      "type": "Feature",
      "properties": {
        "id": "irma-2184889",
        "institution": [
          "National Park Service (NPS)"
        ],
        "collection": [
          "NPS - IRMA"
        ],
        "topic": [
          "Going to the Sun Road",
          "Modeling",
          "Park Planning",
          "system dynamics modeling",
          "transit",
          "visitor use and behavior"
        ],
        "format": "Dissertation",
        "publishDate": "2012",
        "building": [
          "Glacier National Park (GLAC)"
        ],
        "Title": "System Dynamics Simulation for Park Management: A Case Study of Glacier National Park, Montana",
        "Link": "https://irma.nps.gov/DataStore/Reference/Profile/2184889"
      },
      "geometry": {
        "type": "Point",
        "coordinates": [-113.8587, 48.7468]
      }
    },
    {
      "type": "Feature",
      "properties": {
        "id": "irma-2256980",
        "institution": [
          "National Park Service (NPS)"
        ],
        "collection": [
          "NPS - IRMA"
        ],
        "topic": [
          "APHN",
          "Appalachian Highlands Network",
          "education",
          "Great Smoky Mountains National Park",
          "GRSM",
          "GRSM-01092",
          "residential environmental learning center",
          "SER",
          "social science",
          "Southeast Region",
          "Tremont"
        ],
        "format": "Dissertation",
        "publishDate": "2012",
        "building": [
          "Great Smoky Mountains National Park (GRSM)"
        ],
        "Title": "The Relationship between Middle Level School Science Programs and a Residential Environmental Learning Center",
        "Link": "https://irma.nps.gov/DataStore/Reference/Profile/2256980"
      },
      "geometry": {
        "type": "Point",
        "coordinates": [-83.5282, 35.5716]
      }
    },
    {
      "type": "Feature",
      "properties": {
        "id": "irma-2230751",
        "institution": [
          "National Park Service (NPS)"
        ],
        "collection": [
          "NPS - IRMA"
        ],
        "topic": [
          "anadromous fish",
          "carbon (C)",
          "fish",
          "isotopes",
          "lakes & ponds",
          "nitrogen (N)",
          "nutrients",
          "phosphorus (P)",
          "rivers & streams",
          "zooplankton"
        ],
        "format": "Dissertation",
        "publishDate": "2012",
        "building": [
          "Acadia National Park (ACAD)"
        ],
        "Title": "The influence of anadromous alewife on Maine lakes and streams: Using nutrient limitation assays and stable isotopes to track marine-derived nutrients",
        "Link": "https://irma.nps.gov/DataStore/Reference/Profile/2230751"
      },
      "geometry": {
        "type": "Point",
        "coordinates": [-68.2397, 44.3594]
      }
    },
    {
      "type": "Feature",
      "properties": {
        "id": "irma-2193371",
        "institution": [
          "National Park Service (NPS)"
        ],
        "collection": [
          "NPS - IRMA"
        ],
        "topic": [
          "Bison",
          "Brucellosis",
          "nutritional condition",
          "persistent pathogens",
          "Yellowstone National Park"
        ],
        "format": "Dissertation",
        "publishDate": "2012",
        "building": [
          "Yellowstone National Park (YELL)"
        ],
        "Title": "The biology and management of brucellosis in Yellowstone bison",
        "Link": "https://irma.nps.gov/DataStore/Reference/Profile/2193371"
      },
      "geometry": {
        "type": "Point",
        "coordinates": [-110.4901, 44.5813]
      }
    },
    {
      "type": "Feature",
      "properties": {
        "id": "irma-2193349",
        "institution": [
          "National Park Service (NPS)"
        ],
        "collection": [
          "NPS - IRMA"
        ],
        "topic": [
          "Black Bears",
          "Carnivores",
          "Cougars",
          "genetics research",
          "Grizzly Bears",
          "noninvasive genetic sampling"
        ],
        "format": "Dissertation",
        "publishDate": "2012",
        "building": [
          "Yellowstone National Park (YELL)"
        ],
        "Title": "Using noninvasive genetic sampling methods to estimate demographic and genetic parameters for large carnivore populations in the Rocky Mountains",
        "Link": "https://irma.nps.gov/DataStore/Reference/Profile/2193349"
      },
      "geometry": {
        "type": "Point",
        "coordinates": [-110.4901, 44.5813]
      }
    },
    {
      "type": "Feature",
      "properties": {
        "id": "irma-2193302",
        "institution": [
          "National Park Service (NPS)"
        ],
        "collection": [
          "NPS - IRMA"
        ],
        "topic": [
          "Elk",
          "Predation",
          "Willow",
          "Wolves"
        ],
        "format": "Dissertation",
        "publishDate": "2012",
        "building": [
          "Yellowstone National Park (YELL)"
        ],
        "Title": "Wolves, elk, and willows : alternate states and transition thersholds on Yellowstone's Northern Range",
        "Link": "https://irma.nps.gov/DataStore/Reference/Profile/2193302"
      },
      "geometry": {
        "type": "Point",
        "coordinates": [-110.4901, 44.5813]
      }
    },
    {
      "type": "Feature",
      "properties": {
        "id": "irma-2185035",
        "institution": [
          "National Park Service (NPS)"
        ],
        "collection": [
          "NPS - IRMA"
        ],
        "topic": [
          "Conservation",
          "ecosystem-based management",
          "Exotic",
          "Exotic Species",
          "Geographic Information Systems (GIS)",
          "GIS",
          "Invasive Species",
          "Inventory & Monitoring",
          "Land Cover",
          "Land Use",
          "Mapping",
          "Modeling",
          "Mount Desert Island",
          "Natural Resource Management",
          "Plants",
          "Population Control",
          "Remote Sensing",
          "Terrestrial",
          "Vascular Plants",
          "Wetland"
        ],
        "format": "Dissertation",
        "publishDate": "2011",
        "building": [
          "Acadia National Park (ACAD)"
        ],
        "Title": "A predictive model for occurrence of invasive glossy buckthorn (Frangula alnus) on Mount Desert Island, Maine, USA",
        "Link": "https://irma.nps.gov/DataStore/Reference/Profile/2185035"
      },
      "geometry": {
        "type": "Point",
        "coordinates": [-68.2397, 44.3594]
      }
    },
    {
      "type": "Feature",
      "properties": {
        "id": "irma-2188541",
        "institution": [
          "National Park Service (NPS)"
        ],
        "collection": [
          "NPS - IRMA"
        ],
        "topic": [
          "adaptative capacity",
          "Climate Change",
          "Crown of the Continent Ecosystem",
          "Hydrologic regime",
          "Social Science",
          "social-ecological resilience"
        ],
        "format": "Dissertation",
        "publishDate": "2011",
        "building": [
          "Glacier National Park (GLAC)"
        ],
        "Title": "Assessing Social-Ecological Resilience and Adaptive Capacity in the Face of Climate Change: An Examination of Three Communities in the Crown of the Continent Ecosystem",
        "Link": "https://irma.nps.gov/DataStore/Reference/Profile/2188541"
      },
      "geometry": {
        "type": "Point",
        "coordinates": [-113.8587, 48.7468]
      }
    },
    {
      "type": "Feature",
      "properties": {
        "id": "irma-2166683",
        "institution": [
          "National Park Service (NPS)"
        ],
        "collection": [
          "NPS - IRMA"
        ],
        "topic": [
          "Clustered-stratified Sampling",
          "Ecological Zipcode",
          "Energy Flux",
          "Landscape Scale",
          "Species Composition",
          "Species Richness"
        ],
        "format": "Dissertation",
        "publishDate": "2006",
        "building": [
          "Great Smoky Mountains National Park (GRSM)"
        ],
        "Title": "Biodiversity and Scale: Determinants of Species Richness in Great Smoky Mountains National Park",
        "Link": "https://irma.nps.gov/DataStore/Reference/Profile/2166683"
      },
      "geometry": {
        "type": "Point",
        "coordinates": [-83.5282, 35.5716]
      }
    },
    {
      "type": "Feature",
      "properties": {
        "id": "irma-661794",
        "institution": [
          "National Park Service (NPS)"
        ],
        "collection": [
          "NPS - IRMA"
        ],
        "topic": [
          "Climate",
          "Douglas-fir forest",
          "Ecosystem Studies",
          "Montane",
          "Wildfire"
        ],
        "format": "Dissertation",
        "publishDate": "2006",
        "building": [
          "Olympic National Park (OLYM)"
        ],
        "Title": "Climate impacts to forest ecosystem processes: Douglas-fir growth in northwestern U.S. mountain landscapes and area burned by wildfire in western U.S. ecoprovinces",
        "Link": "https://irma.nps.gov/DataStore/Reference/Profile/661794"
      },
      "geometry": {
        "type": "Point",
        "coordinates": [-123.6996, 47.7886]
      }
    },
    {
      "type": "Feature",
      "properties": {
        "id": "irma-620318",
        "institution": [
          "National Park Service (NPS)"
        ],
        "collection": [
          "NPS - IRMA"
        ],
        "topic": [
          "Fish",
          "Lake Clark",
          "Lake Clark National Park And Preserve",
          "Oncorhynchus nerka",
          "Salmon",
          "Sockeye Salmon"
        ],
        "format": "Dissertation",
        "publishDate": "2006",
        "building": [
          "Lake Clark National Park and Preserve (LACL)",
          "Southwest Alaska Network (SWAN)"
        ],
        "Title": "Colonization and local adaptation of sockeye salmon (oncorhynchus nerka) of Lake Clark, Alaska",
        "Link": "https://irma.nps.gov/DataStore/Reference/Profile/620318"
      },
      "geometry": {
        "type": "Point",
        "coordinates": [-153.2619, 60.5804]
      }
    },
    {
      "type": "Feature",
      "properties": {
        "id": "irma-2185031",
        "institution": [
          "National Park Service (NPS)"
        ],
        "collection": [
          "NPS - IRMA"
        ],
        "topic": [
          "Amphibians",
          "Amphibians (Amphibia)",
          "Black Bear (Ursus americanus)",
          "Conservation",
          "Development (urban",
          "Eastern Redbacked Salamander (Plethedon cinereus)",
          "ecosystem-based management",
          "ermine (Mustela erminea)",
          "Fisher (Martes pennanti)",
          "Forest Management",
          "Geographic Information Systems (GIS)",
          "GIS",
          "Greeen Frog (Rana clamitans)",
          "Habitat",
          "Habitat Loss",
          "Harvest",
          "Human Impacts",
          "industrial)",
          "Land Cover",
          "Land Protection",
          "Land Use",
          "Landscape Ecology",
          "Llandscape Ecology",
          "long-tailed weasel (Mustela frenata)",
          "Mammals",
          "Mammals (mamalia)",
          "Management",
          "Mapping",
          "Mink (Mustela vison)",
          "Modeling",
          "Northern River Otter (Lutra canadensis)",
          "painted turtle (Chrysemys picta)",
          "Preservation",
          "Red Fox (Vulpes vulpes)",
          "Reptiles",
          "Reptiles (Reptilia)",
          "residential",
          "Schoodic Peninsula",
          "Spotted salamander (Ambystoma maculatum)",
          "Terrestrial",
          "two-lined salamander (Eurycea bislineata)",
          "weasels (Mustela)",
          "Wildlife",
          "Wildlife Corridors"
        ],
        "format": "Dissertation",
        "publishDate": "2011",
        "building": [
          "Acadia National Park (ACAD)"
        ],
        "Title": "Conserving Wildlife Habitats with Lansdcape Corridors in the Schoodic Region of Maine, USA",
        "Link": "https://irma.nps.gov/DataStore/Reference/Profile/2185031"
      },
      "geometry": {
        "type": "Point",
        "coordinates": [-68.2397, 44.3594]
      }
    },
    {
      "type": "Feature",
      "properties": {
        "id": "irma-2198754",
        "institution": [
          "National Park Service (NPS)"
        ],
        "collection": [
          "NPS - IRMA"
        ],
        "topic": [
          "longleaf pine trees",
          "Southeastern Coastal Plain",
          "Tree Rings"
        ],
        "topic_facet": [
          {
            "key": "1042",
            "label": "Ecological Framework: Biological Integrity | Focal Species or Communities | Forest/Woodland Communities",
            "description": {}
          },
          {
            "key": "1058",
            "label": "Ecological Framework: Landscapes | Fire and Fuel Dynamics | Fire and Fuel Dynamics",
            "description": {}
          }
        ],
        "format": "Dissertation",
        "publishDate": "2006",
        "building": [
          "Big Thicket National Preserve (BITH)"
        ],
        "Title": "Dendroclimatological Analysis and Fire History of Longleaf Pine (Pinus palustris Mill.) in the Atlantic and Gulf Coastal Plain",
        "Link": "https://irma.nps.gov/DataStore/Reference/Profile/2198754"
      },
      "geometry": {
        "type": "Point",
        "coordinates": [-94.3181, 30.1643]
      }
    },
    {
      "type": "Feature",
      "properties": {
        "id": "irma-2166735",
        "institution": [
          "National Park Service (NPS)"
        ],
        "collection": [
          "NPS - IRMA"
        ],
        "topic": [
          "American beech",
          "APHN",
          "Appalachian Highlands Network",
          "Basal area",
          "Disturbance",
          "Equilibrium Communities",
          "Fagus grandifolia",
          "Great Smoky Mountains National Park",
          "GRSM",
          "GRSM-00129",
          "High Elevation",
          "SER",
          "Southeast Region",
          "temperate deciduous forest",
          "Tree density",
          "Understory Composition"
        ],
        "topic_facet": [
          {
            "key": "1042",
            "label": "Ecological Framework: Biological Integrity | Focal Species or Communities | Forest/Woodland Communities",
            "description": {}
          }
        ],
        "format": "Dissertation",
        "publishDate": "2006",
        "building": [
          "Great Smoky Mountains National Park (GRSM)"
        ],
        "Title": "Disturbance and long-term vegetation change in the high-elevation deciduous forests of Great Smoky Mountains National Park",
        "Link": "https://irma.nps.gov/DataStore/Reference/Profile/2166735"
      },
      "geometry": {
        "type": "Point",
        "coordinates": [-83.5282, 35.5716]
      }
    },
    {
      "type": "Feature",
      "properties": {
        "id": "irma-2207494",
        "institution": [
          "National Park Service (NPS)"
        ],
        "collection": [
          "NPS - IRMA"
        ],
        "topic": [
          "Bryophytes",
          "Chloroplast",
          "Dendrocerotaceae",
          "hornworts",
          "Megaceros",
          "microsatellite",
          "Mitochondria",
          "Nothoceros",
          "Taxonomy"
        ],
        "format": "Dissertation",
        "publishDate": "2011",
        "building": [
          "Great Smoky Mountains National Park (GRSM)"
        ],
        "Title": "Evolutionary affinities of the Southern Appalachian clonal hornwort, Nothoceros aenigmaticus and the repercussions of clonality on genetic diversity",
        "Link": "https://irma.nps.gov/DataStore/Reference/Profile/2207494"
      },
      "geometry": {
        "type": "Point",
        "coordinates": [-83.5282, 35.5716]
      }
    },
    {
      "type": "Feature",
      "properties": {
        "id": "irma-2184890",
        "institution": [
          "National Park Service (NPS)"
        ],
        "collection": [
          "NPS - IRMA"
        ],
        "topic": [
          "Age",
          "Behavior",
          "Cove Brook",
          "Feeding",
          "fin-clipping",
          "Fish",
          "Growth",
          "Habitat",
          "Habitat Utilization",
          "Habitats",
          "Health",
          "Inventory",
          "management recommendations",
          "Marking",
          "Monitoring",
          "Mount Desert Island",
          "Movement (Animal)",
          "passive integrated transponder tag (PIT tag)",
          "Radio Telemetry",
          "River",
          "Stanley Brook",
          "Stream",
          "Tagging"
        ],
        "format": "Dissertation",
        "publishDate": "2011",
        "building": [
          "Acadia National Park (ACAD)"
        ],
        "Title": "Growth and Movement of Brook Charr (Salvelinus fontinalis) in Coastal Maine.",
        "Link": "https://irma.nps.gov/DataStore/Reference/Profile/2184890"
      },
      "geometry": {
        "type": "Point",
        "coordinates": [-68.2397, 44.3594]
      }
    },
    {
      "type": "Feature",
      "properties": {
        "id": "irma-2181649",
        "institution": [
          "National Park Service (NPS)"
        ],
        "collection": [
          "NPS - IRMA"
        ],
        "topic": [
          ""
        ],
        "format": "Dissertation",
        "publishDate": "2006",
        "building": [
          "Cabrillo National Monument (CABR)"
        ],
        "Title": "Impacts of human trampling and periodic sand inundation on Southern California intertidal algal turf communities: Implications for conservation and management of rocky shores",
        "Link": "https://irma.nps.gov/DataStore/Reference/Profile/2181649"
      },
      "geometry": {
        "type": "Point",
        "coordinates": [-117.2415, 32.6724]
      }
    },
    {
      "type": "Feature",
      "properties": {
        "id": "irma-2193212",
        "institution": [
          "National Park Service (NPS)"
        ],
        "collection": [
          "NPS - IRMA"
        ],
        "topic": [
          "Black Bear",
          "Grizzly Bear",
          "Habitat",
          "Yellowstone National Park"
        ],
        "format": "Dissertation",
        "publishDate": "2011",
        "building": [
          "Yellowstone National Park (YELL)"
        ],
        "Title": "Niche separation of grizzly (Ursus arctos) and American black bears (Ursus americanus) in Yellowstone National Park",
        "Link": "https://irma.nps.gov/DataStore/Reference/Profile/2193212"
      },
      "geometry": {
        "type": "Point",
        "coordinates": [-110.4901, 44.5813]
      }
    },
    {
      "type": "Feature",
      "properties": {
        "id": "irma-2204938",
        "institution": [
          "National Park Service (NPS)"
        ],
        "collection": [
          "NPS - IRMA"
        ],
        "topic": [
          "Biological Control",
          "Dispersal",
          "Hemlock",
          "Laurel Creek Road",
          "PCR",
          "predator impact"
        ],
        "topic_facet": [
          {
            "key": "1028",
            "label": "Ecological Framework: Biological Integrity | Infestations and Disease | Insect Pests",
            "description": {}
          }
        ],
        "format": "Dissertation",
        "publishDate": "2011",
        "building": [
          "Great Smoky Mountains National Park (GRSM)"
        ],
        "Title": "Post-release evaluation of Laricobius nigrinus for the biological control of hemlock woolly adelgid in the eastern United States",
        "Link": "https://irma.nps.gov/DataStore/Reference/Profile/2204938"
      },
      "geometry": {
        "type": "Point",
        "coordinates": [-83.5282, 35.5716]
      }
    },
    {
      "type": "Feature",
      "properties": {
        "id": "irma-662910",
        "institution": [
          "National Park Service (NPS)"
        ],
        "collection": [
          "NPS - IRMA"
        ],
        "topic": [
          "Biogeography",
          "Distribution",
          "Genetics",
          "giant salamander (Dicamptodon)",
          "Speciation"
        ],
        "format": "Dissertation",
        "publishDate": "2006",
        "building": [
          "Olympic National Park (OLYM)"
        ],
        "Title": "Speciation, phylogeography, and gene flow in giant salamanders (Dicamptodon)",
        "Link": "https://irma.nps.gov/DataStore/Reference/Profile/662910"
      },
      "geometry": {
        "type": "Point",
        "coordinates": [-123.6996, 47.7886]
      }
    },
    {
      "type": "Feature",
      "properties": {
        "id": "irma-2227174",
        "institution": [
          "National Park Service (NPS)"
        ],
        "collection": [
          "NPS - IRMA"
        ],
        "topic": [
          "drought",
          "forecasting",
          "Hydrology",
          "Platt River",
          "Tennessee Valley",
          "tree-rings",
          "water resources"
        ],
        "format": "Dissertation",
        "publishDate": "2011",
        "building": [
          "Great Smoky Mountains National Park (GRSM)"
        ],
        "Title": "Use of Remote Sensing, Hydrologic Tree-Ring Reconstructions, and Forecasting for Improved Water Resources Planning and Management",
        "Link": "https://irma.nps.gov/DataStore/Reference/Profile/2227174"
      },
      "geometry": {
        "type": "Point",
        "coordinates": [-83.5282, 35.5716]
      }
    },
    {
      "type": "Feature",
      "properties": {
        "id": "irma-2206910",
        "institution": [
          "National Park Service (NPS)"
        ],
        "collection": [
          "NPS - IRMA"
        ],
        "topic": [
          "ATBI",
          "Bird",
          "Census",
          "GIS",
          "Point Count",
          "Population",
          "Shriner"
        ],
        "topic_facet": [
          {
            "key": "1048",
            "label": "Ecological Framework: Biological Integrity | Focal Species or Communities | Birds",
            "description": {}
          }
        ],
        "format": "Dissertation",
        "publishDate": "2001",
        "building": [
          "Great Smoky Mountains National Park (GRSM)"
        ],
        "Title": "Distribution of Breeding Birds in Great Smoky Mountains National Park.",
        "Link": "https://irma.nps.gov/DataStore/Reference/Profile/2206910"
      },
      "geometry": {
        "type": "Point",
        "coordinates": [-83.5282, 35.5716]
      }
    },
    {
      "type": "Feature",
      "properties": {
        "id": "irma-2235052",
        "institution": [
          "National Park Service (NPS)"
        ],
        "collection": [
          "NPS - IRMA"
        ],
        "topic": [
          "APHN",
          "Appalachian Highlands Network",
          "Cornus florida",
          "dogwood anthracnose",
          "flowering dogwood",
          "genetic diversity",
          "genetics",
          "Great Smoky Mountains National Park",
          "GRSM",
          "GRSM-00454",
          "SER",
          "Southeast Region"
        ],
        "format": "Dissertation",
        "publishDate": "2010",
        "building": [
          "Great Smoky Mountains National Park (GRSM)"
        ],
        "Title": "Evaluation of Genetic Diversity of Flowering Dogwood (Cornus florida L.) in the Eastern United States using Microsatellites.",
        "Link": "https://irma.nps.gov/DataStore/Reference/Profile/2235052"
      },
      "geometry": {
        "type": "Point",
        "coordinates": [-83.5282, 35.5716]
      }
    },
    {
      "type": "Feature",
      "properties": {
        "id": "irma-662583",
        "institution": [
          "National Park Service (NPS)"
        ],
        "collection": [
          "NPS - IRMA"
        ],
        "topic": [
          "Conservation",
          "DNA analysis",
          "Ecology",
          "Endemic",
          "Speciation",
          "Viola canadensis complex (Violaceae)"
        ],
        "format": "Dissertation",
        "publishDate": "2005",
        "building": [
          "Olympic National Park (OLYM)"
        ],
        "Title": "Genetic relatonships, morphological divergence and ecological correlates in three species of the Viola canadensis complex in western North America",
        "Link": "https://irma.nps.gov/DataStore/Reference/Profile/662583"
      },
      "geometry": {
        "type": "Point",
        "coordinates": [-123.6996, 47.7886]
      }
    },
    {
      "type": "Feature",
      "properties": {
        "id": "irma-2233233",
        "institution": [
          "National Park Service (NPS)"
        ],
        "collection": [
          "NPS - IRMA"
        ],
        "topic": [
          "rodeo lagoon marin coastal hypereutrophic fish kill hydrodynamics water quality"
        ],
        "topic_facet": [
          {
            "key": "1022",
            "label": "Ecological Framework: Water | Water Quality | Nutrient Dynamics",
            "description": {}
          }
        ],
        "format": "Dissertation",
        "publishDate": "2010",
        "building": [
          "Golden Gate National Recreation Area (GOGA)"
        ],
        "Title": "Hydrodynamics and water quality in Rodeo Lagoon, a hypereutrophic coastal lagoon",
        "Link": "https://irma.nps.gov/DataStore/Reference/Profile/2233233"
      },
      "geometry": {
        "type": "Point",
        "coordinates": [-122.6358, 37.8917]
      }
    },
    {
      "type": "Feature",
      "properties": {
        "id": "irma-2193291",
        "institution": [
          "National Park Service (NPS)"
        ],
        "collection": [
          "NPS - IRMA"
        ],
        "topic": [
          "Cyanobacteria",
          "Microbial Mats",
          "Mushroom Spring",
          "nitrogenase",
          "nitrogen-fixing microorganisms",
          "Thermophilic microorganisms"
        ],
        "format": "Dissertation",
        "publishDate": "2010",
        "building": [
          "Yellowstone National Park (YELL)"
        ],
        "Title": "In situ gene expression and ecophysiology of thermophilic Cyanobacteria.",
        "Link": "https://irma.nps.gov/DataStore/Reference/Profile/2193291"
      },
      "geometry": {
        "type": "Point",
        "coordinates": [-110.4901, 44.5813]
      }
    },
    {
      "type": "Feature",
      "properties": {
        "id": "irma-2218463",
        "institution": [
          "National Park Service (NPS)"
        ],
        "collection": [
          "NPS - IRMA"
        ],
        "topic": [
          "atmospheric waters",
          "geochemical cycling",
          "Mercury Deposition",
          "mercury isotopes",
          "Precipitation",
          "Spanish Moss"
        ],
        "topic_facet": [
          {
            "key": "1001",
            "label": "Ecological Framework: Air and Climate | Air Quality | Wet and Dry Deposition",
            "description": {}
          }
        ],
        "format": "Dissertation",
        "publishDate": "2010",
        "building": [
          "Great Smoky Mountains National Park (GRSM)",
          "Mammoth Cave National Park (MACA)"
        ],
        "Title": "Isotopic Composition of Mercury in the Atmosphere",
        "Link": "https://irma.nps.gov/DataStore/Reference/Profile/2218463"
      },
      "geometry": {
        "type": "MultiPoint",
        "coordinates": [
          [-83.5282, 35.5716],
          [-86.1454, 37.1316]
        ]
      }
    },
    {
      "type": "Feature",
      "properties": {
        "id": "irma-2179800",
        "institution": [
          "National Park Service (NPS)"
        ],
        "collection": [
          "NPS - IRMA"
        ],
        "topic": [
          "Amphibians (Amphibia)",
          "Bioaccumulation",
          "Bullfrog (Rana catesbeiana)",
          "Duck Pond",
          "Fire Ecology",
          "Fish",
          "green frog (Rana clamitans)",
          "Heath Pond",
          "Hodgdon Pond",
          "Larvae",
          "Leech Pond",
          "Long Pond Fire Road",
          "Lower Hadlock Pond",
          "Mercury (Hg)",
          "Mount Desert Island",
          "New Mill Pond",
          "phytoplankton",
          "plankton",
          "Pollutants",
          "Precipitation",
          "Rivers & Streams",
          "Salamanders (Caudata)",
          "Schooner Head Beaver Pond",
          "two-lined salamander (Eurycea bislineata)",
          "Upper Hadlock Pond",
          "Watersheds",
          "zooplankton"
        ],
        "format": "Dissertation",
        "publishDate": "2005",
        "building": [
          "Acadia National Park (ACAD)"
        ],
        "Title": "Mercury bioaccumulation and habitat relations of lotic and lentic amphibians from Acadia National Park, Maine, USA",
        "Link": "https://irma.nps.gov/DataStore/Reference/Profile/2179800"
      },
      "geometry": {
        "type": "Point",
        "coordinates": [-68.2397, 44.3594]
      }
    },
    {
      "type": "Feature",
      "properties": {
        "id": "irma-2167243",
        "institution": [
          "National Park Service (NPS)"
        ],
        "collection": [
          "NPS - IRMA"
        ],
        "topic": [
          "ammphibians",
          "Boreal chorus frog",
          "Frogs",
          "Kawuneeche Valley",
          "Pseudacris maculata",
          "Rana sylvatica",
          "wood frog"
        ],
        "format": "Dissertation",
        "publishDate": "2010",
        "building": [
          "Rocky Mountain National Park (ROMO)"
        ],
        "Title": "Monitoring amphibian populations and the status of wood frogs and boreal chorus frogs in the Kawuneeche Valley of Rocky Mountain National Park",
        "Link": "https://irma.nps.gov/DataStore/Reference/Profile/2167243"
      },
      "geometry": {
        "type": "Point",
        "coordinates": [-105.7037, 40.3571]
      }
    },
    {
      "type": "Feature",
      "properties": {
        "id": "irma-2248381",
        "institution": [
          "National Park Service (NPS)"
        ],
        "collection": [
          "NPS - IRMA"
        ],
        "topic": [
          "APHN",
          "Appalachian Highlands Network",
          "biodiversity",
          "Blephariceridae",
          "Diptera",
          "Great Smoky Mountains National Park",
          "GRSM",
          "Insecta",
          "lotic",
          "net-winged midges",
          "new species",
          "phylogeny",
          "SER",
          "Southeast Region",
          "taxonomy"
        ],
        "format": "Dissertation",
        "publishDate": "2010",
        "building": [
          "Great Smoky Mountains National Park (GRSM)",
          "Little River Canyon National Preserve (LIRI)",
          "Zion National Park (ZION)"
        ],
        "Title": "Phylogenetic Analysis of the Nearctic Blepharicera Macquart (Diptera: Blephariceridae) with an Emphasis on the Eastern Blepharicera tenuipes Group Hogue",
        "Link": "https://irma.nps.gov/DataStore/Reference/Profile/2248381"
      },
      "geometry": {
        "type": "MultiPoint",
        "coordinates": [
          [-83.5282, 35.5716],
          [-85.6289, 34.3865],
          [-113.0457, 37.2794]
        ]
      }
    },
    {
      "type": "Feature",
      "properties": {
        "id": "irma-2166023",
        "institution": [
          "National Park Service (NPS)"
        ],
        "collection": [
          "NPS - IRMA"
        ],
        "topic": [
          "intraspecific competition",
          "irruptive growth",
          "Radio-Telemetry",
          "Tomales Point Elk Preserve",
          "Ungulate"
        ],
        "format": "Dissertation",
        "publishDate": "2010",
        "building": [
          "Point Reyes National Seashore (PORE)"
        ],
        "Title": "Spatial Ecology and Population Dynamics of Tule Elk (Cervus elaphus nannodes) at Point Reyes National Seashore, California",
        "Link": "https://irma.nps.gov/DataStore/Reference/Profile/2166023"
      },
      "geometry": {
        "type": "Point",
        "coordinates": [-122.8649, 38.0556]
      }
    },
    {
      "type": "Feature",
      "properties": {
        "id": "irma-2247644",
        "institution": [
          "National Park Service (NPS)"
        ],
        "collection": [
          "NPS - IRMA"
        ],
        "topic": [
          "All Taxa Biodiversity Inventory",
          "APHN",
          "Appalachian Highlands Network",
          "ATBI",
          "biodiversity",
          "Gelichioidea",
          "Great Smoky Mountains National Park",
          "GRSM",
          "GRSM-00094",
          "Insecta",
          "Lepidoptera",
          "moths",
          "SER",
          "Southeast Region",
          "taxonomy"
        ],
        "format": "Dissertation",
        "publishDate": "2005",
        "building": [
          "Great Smoky Mountains National Park (GRSM)"
        ],
        "Title": "Systematics of the Megadiverse Superfamily Gelechioidea (Insecta: Lepidoptera)",
        "Link": "https://irma.nps.gov/DataStore/Reference/Profile/2247644"
      },
      "geometry": {
        "type": "Point",
        "coordinates": [-83.5282, 35.5716]
      }
    },
    {
      "type": "Feature",
      "properties": {
        "id": "irma-2181553",
        "institution": [
          "National Park Service (NPS)"
        ],
        "collection": [
          "NPS - IRMA"
        ],
        "topic": [
          ""
        ],
        "format": "Dissertation",
        "publishDate": "2005",
        "building": [
          "Cabrillo National Monument (CABR)"
        ],
        "Title": "The regional population variability and larval connectivity of mytilid mussels: conserving the populations of Cabrillo National Monument (San Diego, California, USA)",
        "Link": "https://irma.nps.gov/DataStore/Reference/Profile/2181553"
      },
      "geometry": {
        "type": "Point",
        "coordinates": [-117.2415, 32.6724]
      }
    },
    {
      "type": "Feature",
      "properties": {
        "id": "irma-2258614",
        "institution": [
          "National Park Service (NPS)"
        ],
        "collection": [
          "NPS - IRMA"
        ],
        "topic": [
          "debris flow",
          "disturbance",
          "geology",
          "geomorphology",
          "mass wasting"
        ],
        "topic_facet": [
          {
            "key": "1007",
            "label": "Ecological Framework: Geology and Soils | Geomorphology | Hillslope Features and Processes",
            "description": {}
          }
        ],
        "format": "Dissertation",
        "publishDate": "2004",
        "building": [
          "Glacier National Park (GLAC)"
        ],
        "Title": "The spatial and temporal hazard of debris flows in Glacier National Park, Montana",
        "Link": "https://irma.nps.gov/DataStore/Reference/Profile/2258614"
      },
      "geometry": {
        "type": "Point",
        "coordinates": [-113.8587, 48.7468]
      }
    },
    {
      "type": "Feature",
      "properties": {
        "id": "irma-2279720",
        "institution": [
          "National Park Service (NPS)"
        ],
        "collection": [
          "NPS - IRMA"
        ],
        "topic": [
          "Backcountry Visitor Ethics Scale",
          "leave no trace",
          "LNT",
          "visitation",
          "visitor education programs",
          "wilderness"
        ],
        "topic_facet": [
          {
            "key": "1056",
            "label": "Ecological Framework: Human Use | Visitor and Recreation Use | Visitor Use",
            "description": {}
          }
        ],
        "format": "Dissertation",
        "publishDate": "2009",
        "building": [
          "Glacier National Park (GLAC)",
          "Olympic National Park (OLYM)"
        ],
        "Title": "An Examination of the Leave No Trace Visitor Education Program in Two US National Park Service Units",
        "Link": "https://irma.nps.gov/DataStore/Reference/Profile/2279720"
      },
      "geometry": {
        "type": "MultiPoint",
        "coordinates": [
          [-113.8587, 48.7468],
          [-123.6996, 47.7886]
        ]
      }
    },
    {
      "type": "Feature",
      "properties": {
        "id": "irma-2193215",
        "institution": [
          "National Park Service (NPS)"
        ],
        "collection": [
          "NPS - IRMA"
        ],
        "topic": [
          "biofilms",
          "Hot Springs",
          "Yellowstone National Park"
        ],
        "format": "Dissertation",
        "publishDate": "2009",
        "building": [
          "Yellowstone National Park (YELL)"
        ],
        "Title": "Geochemistry of hydrothermal biofilms: composition of biofilms in a siliceous sinter-deposition hot spring",
        "Link": "https://irma.nps.gov/DataStore/Reference/Profile/2193215"
      },
      "geometry": {
        "type": "Point",
        "coordinates": [-110.4901, 44.5813]
      }
    },
    {
      "type": "Feature",
      "properties": {
        "id": "irma-660823",
        "institution": [
          "National Park Service (NPS)"
        ],
        "collection": [
          "NPS - IRMA"
        ],
        "topic": [
          "adfluvial",
          "Aquatic Studies",
          "Bull Trout",
          "Fisheries",
          "Lacustrine",
          "Salvelinus confluentus"
        ],
        "format": "Dissertation",
        "publishDate": "2008",
        "building": [
          "Glacier National Park (GLAC)"
        ],
        "Title": "Ecology of Lacustrine-Adfluvial Bull Trout Populations in an Interconnected System of Natural Lakes",
        "Link": "https://irma.nps.gov/DataStore/Reference/Profile/660823"
      },
      "geometry": {
        "type": "Point",
        "coordinates": [-113.8587, 48.7468]
      }
    },
    {
      "type": "Feature",
      "properties": {
        "id": "irma-652720",
        "institution": [
          "National Park Service (NPS)"
        ],
        "collection": [
          "NPS - IRMA"
        ],
        "topic": [
          "American Samoa",
          "Animal Studies",
          "Coral",
          "Ofu",
          "Pocillopora eydouxi",
          "Porites cylindrica",
          "Porites lobata",
          "seawater temperatures"
        ],
        "format": "Dissertation",
        "publishDate": "2008",
        "building": [
          "National Park of American Samoa (NPSA)",
          "Pacific Islands Network (PACN)"
        ],
        "Title": "Fluctuating reef environments maintain coral resilience",
        "Link": "https://irma.nps.gov/DataStore/Reference/Profile/652720"
      },
      "geometry": {
        "type": "Point",
        "coordinates": [-170.689, -14.259]
      }
    },
    {
      "type": "Feature",
      "properties": {
        "id": "irma-2174241",
        "institution": [
          "National Park Service (NPS)"
        ],
        "collection": [
          "NPS - IRMA"
        ],
        "topic": [
          "alleles",
          "Biogeographical Distribution",
          "Chloroplast Diversity",
          "Deep Creek",
          "Founder Effects",
          "Glaciers",
          "Laurel Falls",
          "Northern red oak",
          "Nuclear Genetic Diversity",
          "Panmictic",
          "Polymorphisms",
          "Purchase Knob",
          "quercus rubra"
        ],
        "topic_facet": [
          {
            "key": "1042",
            "label": "Ecological Framework: Biological Integrity | Focal Species or Communities | Forest/Woodland Communities",
            "description": {}
          }
        ],
        "format": "Dissertation",
        "publishDate": "2008",
        "building": [
          "Great Smoky Mountains National Park (GRSM)"
        ],
        "Title": "Genetic Diversity of Native Northern Red Oak (Quercus rubra l.) Populations",
        "Link": "https://irma.nps.gov/DataStore/Reference/Profile/2174241"
      },
      "geometry": {
        "type": "Point",
        "coordinates": [-83.5282, 35.5716]
      }
    },
    {
      "type": "Feature",
      "properties": {
        "id": "irma-2218192",
        "institution": [
          "National Park Service (NPS)"
        ],
        "collection": [
          "NPS - IRMA"
        ],
        "topic": [
          "Amynthas",
          "APHN",
          "Appalachian Highlands Network",
          "carbon dynamics",
          "Competition",
          "Diplopoda",
          "Earthworm",
          "Great Smoky Mountains National Park",
          "GRSM",
          "Invasive Species",
          "millipede",
          "Oligochaeta",
          "Pseudopolydesmus",
          "SER",
          "Sigmoria",
          "soil structure",
          "Southeast Region",
          "StudyID:GRSM-00337"
        ],
        "topic_facet": [
          {
            "key": "1027",
            "label": "Ecological Framework: Biological Integrity | Invasive Species | Invasive/Exotic animals",
            "description": {}
          },
          {
            "key": "1045",
            "label": "Ecological Framework: Biological Integrity | Focal Species or Communities | Terrestrial Invertebrates",
            "description": {}
          }
        ],
        "format": "Dissertation",
        "publishDate": "2008",
        "building": [
          "Great Smoky Mountains National Park (GRSM)"
        ],
        "Title": "Invasion by the Non-Native Earthworm Amynthas agrestis (Oligochaeta: Megascolecidae): Dynamics, Impacts, and Competition with Millipedes.",
        "Link": "https://irma.nps.gov/DataStore/Reference/Profile/2218192"
      },
      "geometry": {
        "type": "Point",
        "coordinates": [-83.5282, 35.5716]
      }
    },
    {
      "type": "Feature",
      "properties": {
        "id": "irma-2249778",
        "institution": [
          "National Park Service (NPS)"
        ],
        "collection": [
          "NPS - IRMA"
        ],
        "topic": [
          "APHN",
          "Appalachian Highlands Network",
          "biodiversity",
          "Cerambycidae",
          "Coleoptera",
          "Great Smoky Mountains National Park",
          "GRSM",
          "Insecta",
          "SER",
          "Southeast Region",
          "taxonomy"
        ],
        "format": "Dissertation",
        "publishDate": "2008",
        "building": [
          "Great Smoky Mountains National Park (GRSM)"
        ],
        "Title": "Molekulární fylogeneze podčeledí Spondylidinae a Lepturinae (Coleoptera: Cerambycidae) pomocí mitochondriální 16S rDNA",
        "Link": "https://irma.nps.gov/DataStore/Reference/Profile/2249778"
      },
      "geometry": {
        "type": "Point",
        "coordinates": [-83.5282, 35.5716]
      }
    },
    {
      "type": "Feature",
      "properties": {
        "id": "irma-2193214",
        "institution": [
          "National Park Service (NPS)"
        ],
        "collection": [
          "NPS - IRMA"
        ],
        "topic": [
          "National Parks and Reserves",
          "nature sounds",
          "Noise Pollution",
          "pychoacoustics"
        ],
        "format": "Dissertation",
        "publishDate": "2008",
        "building": [
          "Yellowstone National Park (YELL)"
        ],
        "Title": "Park visitors and the natural soundscape : winter experience dimensions in Yellowstone",
        "Link": "https://irma.nps.gov/DataStore/Reference/Profile/2193214"
      },
      "geometry": {
        "type": "Point",
        "coordinates": [-110.4901, 44.5813]
      }
    },
    {
      "type": "Feature",
      "properties": {
        "id": "irma-2233857",
        "institution": [
          "National Park Service (NPS)"
        ],
        "collection": [
          "NPS - IRMA"
        ],
        "topic": [
          "APHN",
          "Appalachian Highlands Network",
          "aquatic macroinvertebrate",
          "BIBE",
          "Big Bend National Park",
          "biogeography",
          "Ephemeroptera",
          "GICL",
          "Gila Cliff Dwellings National Monument",
          "Great Smoky Mountains National Park",
          "GRSM",
          "Insecta",
          "Leptohyphidae",
          "mayfly",
          "Phylogeny",
          "SER",
          "Southeast Region"
        ],
        "format": "Dissertation",
        "publishDate": "2008",
        "building": [
          "Big Bend National Park (BIBE)",
          "Dinosaur National Monument (DINO)",
          "Gila Cliff Dwellings National Monument (GICL)",
          "Great Smoky Mountains National Park (GRSM)",
          "Zion National Park (ZION)"
        ],
        "Title": "Phylogeny and Biogeography of the Mayfly Family Leptohyphidae (Insecta: Ephemeroptera) with a Taxonomic Revision of Selected Genera",
        "Link": "https://irma.nps.gov/DataStore/Reference/Profile/2233857"
      },
      "geometry": {
        "type": "MultiPoint",
        "coordinates": [
          [-103.3111, 29.0104],
          [-108.8397, 40.4789],
          [-108.2735, 33.2276],
          [-83.5282, 35.5716],
          [-113.0457, 37.2794]
        ]
      }
    },
    {
      "type": "Feature",
      "properties": {
        "id": "irma-2191003",
        "institution": [
          "National Park Service (NPS)"
        ],
        "collection": [
          "NPS - IRMA"
        ],
        "topic": [
          "Appalachians",
          "Cover",
          "Exotic Species",
          "FIRE",
          "fire severity",
          "Germination",
          "Habitat",
          "Invasive Species",
          "Plant Studies",
          "Reestablished",
          "Seed Dispersal",
          "seedbank",
          "Vegetation"
        ],
        "topic_facet": [
          {
            "key": "1026",
            "label": "Ecological Framework: Biological Integrity | Invasive Species | Invasive/Exotic plants",
            "description": {}
          },
          {
            "key": "1058",
            "label": "Ecological Framework: Landscapes | Fire and Fuel Dynamics | Fire and Fuel Dynamics",
            "description": {}
          }
        ],
        "format": "Dissertation",
        "publishDate": "2008",
        "building": [
          "Great Smoky Mountains National Park (GRSM)"
        ],
        "Title": "Post-fire vegetation dynamics and the invasion of Paulownia tomentosa in the southern Appalachians",
        "Link": "https://irma.nps.gov/DataStore/Reference/Profile/2191003"
      },
      "geometry": {
        "type": "Point",
        "coordinates": [-83.5282, 35.5716]
      }
    },
    {
      "type": "Feature",
      "properties": {
        "id": "irma-2287786",
        "institution": [
          "National Park Service (NPS)"
        ],
        "collection": [
          "NPS - IRMA"
        ],
        "topic": [
          "Canada yew",
          "forests",
          "Lake Superior",
          "management",
          "Taxus canadensis"
        ],
        "format": "Dissertation",
        "publishDate": "2008",
        "building": [
          "Apostle Islands National Lakeshore (APIS)"
        ],
        "Title": "THE ECOLOGY OF CANADA YEW (TAXUS CANADENSIS MARSH.), A DECLINING SPECIES",
        "Link": "https://irma.nps.gov/DataStore/Reference/Profile/2287786"
      },
      "geometry": {
        "type": "Point",
        "coordinates": [-90.5814, 46.9372]
      }
    },
    {
      "type": "Feature",
      "properties": {
        "id": "irma-2303806",
        "institution": [
          "National Park Service (NPS)"
        ],
        "collection": [
          "NPS - IRMA"
        ],
        "topic": [
          "earth sciences",
          "Geology",
          "overthrust belt"
        ],
        "format": "Dissertation",
        "publishDate": "1978",
        "building": [
          "Glacier National Park (GLAC)"
        ],
        "Title": "Thrusting in the Northwestern Montana Overthrust Belt",
        "Link": "https://irma.nps.gov/DataStore/Reference/Profile/2303806"
      },
      "geometry": {
        "type": "Point",
        "coordinates": [-113.8587, 48.7468]
      }
    },
    {
      "type": "Feature",
      "properties": {
        "id": "irma-2256538",
        "institution": [
          "National Park Service (NPS)"
        ],
        "collection": [
          "NPS - IRMA"
        ],
        "topic": [
          "APHN",
          "Appalachian Highlands Network",
          "Cataloochee Valley",
          "Cervus elaphus",
          "elk",
          "Great Smoky Mountains National Park",
          "GRSM",
          "GRSM-00049",
          "Mammals",
          "reintroduction",
          "SER",
          "Southeast Region",
          "wildlife management"
        ],
        "format": "Dissertation",
        "publishDate": "2007",
        "building": [
          "Great Smoky Mountains National Park (GRSM)"
        ],
        "Title": "An Experimental Release of Elk into Great Smoky Mountains National Park",
        "Link": "https://irma.nps.gov/DataStore/Reference/Profile/2256538"
      },
      "geometry": {
        "type": "Point",
        "coordinates": [-83.5282, 35.5716]
      }
    },
    {
      "type": "Feature",
      "properties": {
        "id": "irma-2194969",
        "institution": [
          "National Park Service (NPS)"
        ],
        "collection": [
          "NPS - IRMA"
        ],
        "topic": [
          "biomass allocation",
          "Floating Marsh",
          "multi-species approac",
          "Panicum hemitomon"
        ],
        "topic_facet": [
          {
            "key": "1034",
            "label": "Ecological Framework: Biological Integrity | Focal Species or Communities | Wetland Communities",
            "description": {}
          }
        ],
        "format": "Dissertation",
        "publishDate": "2007",
        "building": [
          "Jean Lafitte National Historical Park and Preserve (JELA)"
        ],
        "Title": "Assessment of Growth Response and Patterns of Biomass Allocation by Panicum hemitomon Schultes: Implications for Thick-mat Floating Marsh Creation and Restoration",
        "Link": "https://irma.nps.gov/DataStore/Reference/Profile/2194969"
      },
      "geometry": {
        "type": "Point",
        "coordinates": [-90.1702, 29.802]
      }
    },
    {
      "type": "Feature",
      "properties": {
        "id": "irma-2206904",
        "institution": [
          "National Park Service (NPS)"
        ],
        "collection": [
          "NPS - IRMA"
        ],
        "topic": [
          "Birds",
          "food supplementation",
          "groun-foraging",
          "Habitat Fragmentation",
          "insectivore",
          "Neotropical migratory landbirds",
          "Nest success",
          "Ovenbird",
          "Population Decline",
          "population viability model",
          "Wood thrush"
        ],
        "topic_facet": [
          {
            "key": "1048",
            "label": "Ecological Framework: Biological Integrity | Focal Species or Communities | Birds",
            "description": {}
          }
        ],
        "format": "Dissertation",
        "publishDate": "2002",
        "building": [
          "Great Smoky Mountains National Park (GRSM)"
        ],
        "Title": "Behavioral Ecology and Population Status of Wood Thrush and Ovenbird in Great Smoky Mountains National Park.",
        "Link": "https://irma.nps.gov/DataStore/Reference/Profile/2206904"
      },
      "geometry": {
        "type": "Point",
        "coordinates": [-83.5282, 35.5716]
      }
    },
    {
      "type": "Feature",
      "properties": {
        "id": "irma-652729",
        "institution": [
          "National Park Service (NPS)"
        ],
        "collection": [
          "NPS - IRMA"
        ],
        "topic": [
          "cultural diversity",
          "Demography",
          "Grand Canyon National Park (North Rim)",
          "Guadalupe Mountains National Park",
          "Hawaii Volcanoes National Park (HAVO)",
          "natural resource use",
          "Recreation/Aesthetics",
          "Visitor Impacts"
        ],
        "format": "Dissertation",
        "publishDate": "2002",
        "building": [
          "Hawaii Volcanoes National Park (HAVO)"
        ],
        "Title": "Cultural factors of visitors' understanding of U.S. National Park Service natural resource messages",
        "Link": "https://irma.nps.gov/DataStore/Reference/Profile/652729"
      },
      "geometry": {
        "type": "Point",
        "coordinates": [-155.4073, 19.235]
      }
    },
    {
      "type": "Feature",
      "properties": {
        "id": "irma-2208864",
        "institution": [
          "National Park Service (NPS)"
        ],
        "collection": [
          "NPS - IRMA"
        ],
        "topic": [
          ""
        ],
        "format": "Dissertation",
        "publishDate": "1998",
        "building": [
          "Kalaupapa National Historical Park (KALA)"
        ],
        "Title": "Eddies and currents of the Hawaiian Islands",
        "Link": "https://irma.nps.gov/DataStore/Reference/Profile/2208864"
      },
      "geometry": {
        "type": "Point",
        "coordinates": [-156.9565, 21.1558]
      }
    },
    {
      "type": "Feature",
      "properties": {
        "id": "irma-2175262",
        "institution": [
          "National Park Service (NPS)"
        ],
        "collection": [
          "NPS - IRMA"
        ],
        "topic": [
          "APHN",
          "Appalachian Highlands Network",
          "Appalachian Trail",
          "Depreciative Behavior",
          "Great Smoky Mountains National Park",
          "GRSM",
          "Scenic Value",
          "SER",
          "Southeast Region",
          "VEP",
          "Visitor Behavior",
          "Visitor Employed Photography",
          "Visitor Perception",
          "Visitor preference"
        ],
        "format": "Dissertation",
        "publishDate": "2007",
        "building": [
          "Great Smoky Mountains National Park (GRSM)"
        ],
        "Title": "Exploring Visitors' Perceptions of the Trail Environment and their Effects on Experiences in the Great Smoky Mountains National Park",
        "Link": "https://irma.nps.gov/DataStore/Reference/Profile/2175262"
      },
      "geometry": {
        "type": "Point",
        "coordinates": [-83.5282, 35.5716]
      }
    },
    {
      "type": "Feature",
      "properties": {
        "id": "irma-651578",
        "institution": [
          "National Park Service (NPS)"
        ],
        "collection": [
          "NPS - IRMA"
        ],
        "topic": [
          "Animal Studies",
          "Brown Tree Snake (Boiga irregularis)",
          "Exotic/Invasive Species-Animals",
          "Guam",
          "Reptiles"
        ],
        "format": "Dissertation",
        "publishDate": "2007",
        "building": [
          "Pacific Islands Network (PACN)",
          "War in the Pacific National Historical Park (WAPA)"
        ],
        "Title": "Reproductive biology and behavior of the brown tree snake (Boiga irregularis) on Guam",
        "Link": "https://irma.nps.gov/DataStore/Reference/Profile/651578"
      },
      "geometry": {
        "type": "Point",
        "coordinates": [144.6534, 13.3896]
      }
    },
    {
      "type": "Feature",
      "properties": {
        "id": "irma-2195137",
        "institution": [
          "National Park Service (NPS)"
        ],
        "collection": [
          "NPS - IRMA"
        ],
        "topic": [
          "Invasive",
          "POMACEA INSULARUM",
          "southeastern Texas. wetland"
        ],
        "topic_facet": [
          {
            "key": "1026",
            "label": "Ecological Framework: Biological Integrity | Invasive Species | Invasive/Exotic plants",
            "description": {}
          }
        ],
        "format": "Dissertation",
        "publishDate": "2007",
        "building": [
          "Jean Lafitte National Historical Park and Preserve (JELA)"
        ],
        "Title": "SALINITY, PH, TEMPERATURE, DESICCATION AND HYPOXIA TOLERANCE IN THE INVASIVE FRESHWATER APPLE SNAIL POMACEA INSULARUM",
        "Link": "https://irma.nps.gov/DataStore/Reference/Profile/2195137"
      },
      "geometry": {
        "type": "Point",
        "coordinates": [-90.1702, 29.802]
      }
    },
    {
      "type": "Feature",
      "properties": {
        "id": "irma-2206447",
        "institution": [
          "National Park Service (NPS)"
        ],
        "collection": [
          "NPS - IRMA"
        ],
        "topic": [
          "Cosby",
          "gaps",
          "GRSM-00033",
          "Indian Camp Creek",
          "Old-Growth Forest",
          "scale-dependent",
          "Soil characteristics",
          "Soil Moisture",
          "understory herb"
        ],
        "topic_facet": [
          {
            "key": "1042",
            "label": "Ecological Framework: Biological Integrity | Focal Species or Communities | Forest/Woodland Communities",
            "description": {}
          }
        ],
        "format": "Dissertation",
        "publishDate": "2007",
        "building": [
          "Great Smoky Mountains National Park (GRSM)"
        ],
        "Title": "Scale and Contingency in Plant Demography: Quantitative Approaches and Inference",
        "Link": "https://irma.nps.gov/DataStore/Reference/Profile/2206447"
      },
      "geometry": {
        "type": "Point",
        "coordinates": [-83.5282, 35.5716]
      }
    },
    {
      "type": "Feature",
      "properties": {
        "id": "irma-2192265",
        "institution": [
          "National Park Service (NPS)"
        ],
        "collection": [
          "NPS - IRMA"
        ],
        "topic": [
          "Animal Studies",
          "Aquatic Sciences",
          "Elimia proxima",
          "Flooding",
          "Hydraulics",
          "Hydrology",
          "Mollusca",
          "Snails",
          "Stream"
        ],
        "topic_facet": [
          {
            "key": "1044",
            "label": "Ecological Framework: Biological Integrity | Focal Species or Communities | Freshwater Invertebrates",
            "description": {}
          }
        ],
        "format": "Dissertation",
        "publishDate": "2007",
        "building": [
          "Great Smoky Mountains National Park (GRSM)"
        ],
        "Title": "Snails at three scales: Interplay of stream hydrology and hydraulics with the morphology, dispersal and distribution of Elimia proxima",
        "Link": "https://irma.nps.gov/DataStore/Reference/Profile/2192265"
      },
      "geometry": {
        "type": "Point",
        "coordinates": [-83.5282, 35.5716]
      }
    },
    {
      "type": "Feature",
      "properties": {
        "id": "irma-2239013",
        "institution": [
          "National Park Service (NPS)"
        ],
        "collection": [
          "NPS - IRMA"
        ],
        "topic": [
          "APHN",
          "Appalachian Highlands Network",
          "BLRI",
          "Blue Ridge Parkway",
          "Carex",
          "Great Smoky Mountains National Park",
          "GRSM",
          "SER",
          "Southeast Region",
          "Vascular plants"
        ],
        "format": "Dissertation",
        "publishDate": "2007",
        "building": [
          "Blue Ridge Parkway (BLRI)",
          "Catoctin Mountain Park (CATO)",
          "Gettysburg National Military Park (GETT)",
          "Great Smoky Mountains National Park (GRSM)",
          "Kings Mountain National Military Park (KIMO)",
          "Manassas National Battlefield Park (MANA)",
          "Natchez Trace Parkway (NATR)"
        ],
        "Title": "Species Limits, Phylogeny and Niche Evolution: a Case Study in Carex (Cyperaceae)",
        "Link": "https://irma.nps.gov/DataStore/Reference/Profile/2239013"
      },
      "geometry": {
        "type": "MultiPoint",
        "coordinates": [
          [-81.0706, 36.4365],
          [-77.4612, 39.6482],
          [-77.2379, 39.7993],
          [-83.5282, 35.5716],
          [-81.3897, 35.1414],
          [-77.5307, 38.8213],
          [-89.6542, 32.87]
        ]
      }
    },
    {
      "type": "Feature",
      "properties": {
        "id": "irma-660577",
        "institution": [
          "National Park Service (NPS)"
        ],
        "collection": [
          "NPS - IRMA"
        ],
        "topic": [
          "Emergency Conservation Committee (ECC)",
          "History",
          "Park Establishment"
        ],
        "format": "Dissertation",
        "publishDate": "2002",
        "building": [
          "Olympic National Park (OLYM)"
        ],
        "Title": "The origins of Rosalie Edge's Emergency Conservation Committee, 1930-1962: a historical analysis",
        "Link": "https://irma.nps.gov/DataStore/Reference/Profile/660577"
      },
      "geometry": {
        "type": "Point",
        "coordinates": [-123.6996, 47.7886]
      }
    },
    {
      "type": "Feature",
      "properties": {
        "id": "irma-2257056",
        "institution": [
          "National Park Service (NPS)"
        ],
        "collection": [
          "NPS - IRMA"
        ],
        "topic": [
          "APHN",
          "Appalachian Highlands Network",
          "disturbance regimes",
          "eastern hemlock",
          "ecology",
          "Great Smoky Mountains National Park",
          "GRSM",
          "GRSM-00225",
          "regeneration",
          "SER",
          "Southeast Region",
          "Tsuga canadensis"
        ],
        "format": "Dissertation",
        "publishDate": "2006",
        "building": [
          "Great Smoky Mountains National Park (GRSM)"
        ],
        "Title": "Tsuga canadensis (Eastern Hemlock) in the Southern Appalachian Mountains: Forest-Environment Relationships, Regeneration Dynamics, and Disturbance Regimes",
        "Link": "https://irma.nps.gov/DataStore/Reference/Profile/2257056"
      },
      "geometry": {
        "type": "Point",
        "coordinates": [-83.5282, 35.5716]
      }
    },
    {
      "type": "Feature",
      "properties": {
        "id": "irma-660576",
        "institution": [
          "National Park Service (NPS)"
        ],
        "collection": [
          "NPS - IRMA"
        ],
        "topic": [
          "cultural resource study",
          "Dam Removal",
          "Elwha River Watershed",
          "Ethnology",
          "History",
          "The Elwha"
        ],
        "format": "Dissertation",
        "publishDate": "2001",
        "building": [
          "Olympic National Park (OLYM)"
        ],
        "Title": "Changer is coming: history, identity and the land among the Lower Elwha Klallam Tribe of the North Olympic Peninsula",
        "Link": "https://irma.nps.gov/DataStore/Reference/Profile/660576"
      },
      "geometry": {
        "type": "Point",
        "coordinates": [-123.6996, 47.7886]
      }
    },
    {
      "type": "Feature",
      "properties": {
        "id": "irma-2294718",
        "institution": [
          "National Park Service (NPS)"
        ],
        "collection": [
          "NPS - IRMA"
        ],
        "topic": [
          ""
        ],
        "format": "Dissertation",
        "publishDate": "2006",
        "building": [
          "Katahdin Woods and Waters National Monument (KAWW)"
        ],
        "Title": "Ecological Relationships among Partial Harvesting, Vegetation, Snowshoe Hares, and Canada Lynx in Maine",
        "Link": "https://irma.nps.gov/DataStore/Reference/Profile/2294718"
      },
      "geometry": {
        "type": "Point",
        "coordinates": [-68.7475, 45.879]
      }
    },
    {
      "type": "Feature",
      "properties": {
        "id": "irma-2166673",
        "institution": [
          "National Park Service (NPS)"
        ],
        "collection": [
          "NPS - IRMA"
        ],
        "topic": [
          "calcium mineralization",
          "Cornus florida",
          "Discula destructiva",
          "Dogwood anthracnose",
          "Flowering dogwood",
          "Oak-hickory Stand",
          "Plant Studies"
        ],
        "format": "Dissertation",
        "publishDate": "2006",
        "building": [
          "Great Smoky Mountains National Park (GRSM)"
        ],
        "Title": "Ecology of Flowering Dogwood (Cornus florida L.) in Response to Anthracnose and Fire in Great Smoky Mountains National Park, USA",
        "Link": "https://irma.nps.gov/DataStore/Reference/Profile/2166673"
      },
      "geometry": {
        "type": "Point",
        "coordinates": [-83.5282, 35.5716]
      }
    },
    {
      "type": "Feature",
      "properties": {
        "id": "irma-2227484",
        "institution": [
          "National Park Service (NPS)"
        ],
        "collection": [
          "NPS - IRMA"
        ],
        "topic": [
          "Belief Systems",
          "Healing",
          "Hot Springs",
          "Inupiaq",
          "Medicine"
        ],
        "format": "Dissertation",
        "publishDate": "2006",
        "building": [
          "Bering Land Bridge National Preserve (BELA)"
        ],
        "Title": "Engaging Inupiaq Values in Land Management for Health Through an Action Research Appreciative Inquiry Process",
        "Link": "https://irma.nps.gov/DataStore/Reference/Profile/2227484"
      },
      "geometry": {
        "type": "Point",
        "coordinates": [-165.1266, 66.2151]
      }
    },
    {
      "type": "Feature",
      "properties": {
        "id": "irma-2257117",
        "institution": [
          "National Park Service (NPS)"
        ],
        "collection": [
          "NPS - IRMA"
        ],
        "topic": [
          "APHN",
          "Appalachian Highlands Network",
          "elementary school",
          "Great Smoky Mountains National Park",
          "GRSM",
          "PAC",
          "Parks as Classrooms",
          "Pi Beta Phi",
          "SER",
          "social science",
          "Southeast Region"
        ],
        "format": "Dissertation",
        "publishDate": "2004",
        "building": [
          "Great Smoky Mountains National Park (GRSM)"
        ],
        "Title": "Perceptions of Stakeholders in the Pi Beta Phi Elementary School Parks as Classrooms Program",
        "Link": "https://irma.nps.gov/DataStore/Reference/Profile/2257117"
      },
      "geometry": {
        "type": "Point",
        "coordinates": [-83.5282, 35.5716]
      }
    },
    {
      "type": "Feature",
      "properties": {
        "id": "irma-2211412",
        "institution": [
          "National Park Service (NPS)"
        ],
        "collection": [
          "NPS - IRMA"
        ],
        "topic": [
          "FIRE",
          "fire-dependent",
          "GRSM-00045",
          "Lynn Hollow",
          "management goals",
          "Oak",
          "PINE",
          "Prescribed Burn",
          "Red-cockaded Woodpecker",
          "Regeneration",
          "Tabcat"
        ],
        "topic_facet": [
          {
            "key": "1042",
            "label": "Ecological Framework: Biological Integrity | Focal Species or Communities | Forest/Woodland Communities",
            "description": {}
          },
          {
            "key": "1058",
            "label": "Ecological Framework: Landscapes | Fire and Fuel Dynamics | Fire and Fuel Dynamics",
            "description": {}
          }
        ],
        "format": "Dissertation",
        "publishDate": "2006",
        "building": [
          "Great Smoky Mountains National Park (GRSM)"
        ],
        "Title": "The Effects of Prescribed Burning by the National Park Service on Pine-Oak Forests within Great Smoky Mountains National Park",
        "Link": "https://irma.nps.gov/DataStore/Reference/Profile/2211412"
      },
      "geometry": {
        "type": "Point",
        "coordinates": [-83.5282, 35.5716]
      }
    },
    {
      "type": "Feature",
      "properties": {
        "id": "irma-2220810",
        "institution": [
          "National Park Service (NPS)"
        ],
        "collection": [
          "NPS - IRMA"
        ],
        "topic": [
          "Conservation",
          "environmental management",
          "UNESCO",
          "United Nations",
          "world heritage"
        ],
        "format": "Dissertation",
        "publishDate": "2006",
        "building": [
          "Grand Canyon National Park (GRCA)",
          "Great Smoky Mountains National Park (GRSM)",
          "Hawaii Volcanoes National Park (HAVO)",
          "Yellowstone National Park (YELL)"
        ],
        "Title": "The Role of the World Heritage Convention in Protecting Natural Areas",
        "Link": "https://irma.nps.gov/DataStore/Reference/Profile/2220810"
      },
      "geometry": {
        "type": "MultiPoint",
        "coordinates": [
          [-112.7906, 36.3291],
          [-83.5282, 35.5716],
          [-155.4073, 19.235],
          [-110.4901, 44.5813]
        ]
      }
    },
    {
      "type": "Feature",
      "properties": {
        "id": "irma-2167431",
        "institution": [
          "National Park Service (NPS)"
        ],
        "collection": [
          "NPS - IRMA"
        ],
        "topic": [
          "chorus frog",
          "Kawuneeche Valley",
          "wood frog"
        ],
        "format": "Dissertation",
        "publishDate": "2006",
        "building": [
          "Rocky Mountain National Park (ROMO)"
        ],
        "Title": "The status of wood frogs and boreal chorus frogs in the Kawuneeche Valley",
        "Link": "https://irma.nps.gov/DataStore/Reference/Profile/2167431"
      },
      "geometry": {
        "type": "Point",
        "coordinates": [-105.7037, 40.3571]
      }
    },
    {
      "type": "Feature",
      "properties": {
        "id": "irma-2179802",
        "institution": [
          "National Park Service (NPS)"
        ],
        "collection": [
          "NPS - IRMA"
        ],
        "topic": [
          "Bear Brook Pond",
          "Bernard",
          "Brook",
          "Canon Brook",
          "Cape Road",
          "China Hill",
          "Disturbance",
          "Duck Brook Road",
          "Duck Pond",
          "E of Aunt Betty Pond",
          "E of Fawn Pond",
          "E of the Bowl",
          "Eagle Lake",
          "Gilmore Meadow",
          "Great Meadow",
          "Heath Brook",
          "Hio",
          "Hull's Cove",
          "Human Impact",
          "Impacts",
          "Jackson Lab",
          "Kentfield Marsh",
          "Little Hunter's Brk Middle",
          "Little Hunter's Cedar",
          "Long Pond Fire Road",
          "Mammals",
          "Marshall Brook",
          "Marshes and Bogs",
          "Mount Desert Island",
          "N of 102",
          "N of Eagle Lake",
          "Natural Resource Management",
          "NE of Witch Hole Pond",
          "Nutrients",
          "NW of New Mill Meadow",
          "NW of Witch Hole Pond",
          "Plants",
          "Ripple Pond",
          "S of 102",
          "SE of Sunken Heath",
          "Seal Cove Road",
          "Steward Brook",
          "SW of Gilmore",
          "SW Valley",
          "W of Eagle Lake",
          "Water Quality",
          "Wetlands"
        ],
        "format": "Dissertation",
        "publishDate": "2005",
        "building": [
          "Acadia National Park (ACAD)"
        ],
        "Title": "The Effects of Beaver Inhabitation and Anthropogenic Activity on Freshwater Plant Community Dynamics on Mount Desert Island, Maine, USA",
        "Link": "https://irma.nps.gov/DataStore/Reference/Profile/2179802"
      },
      "geometry": {
        "type": "Point",
        "coordinates": [-68.2397, 44.3594]
      }
    },
    {
      "type": "Feature",
      "properties": {
        "id": "irma-2305613",
        "institution": [
          "National Park Service (NPS)"
        ],
        "collection": [
          "NPS - IRMA"
        ],
        "topic": [
          "shuttles",
          "Transit systems",
          "transportation",
          "visitation",
          "visitor services"
        ],
        "format": "Dissertation",
        "publishDate": "2005",
        "building": [
          "Acadia National Park (ACAD)",
          "Bryce Canyon National Park (BRCA)",
          "Cape Cod National Seashore (CACO)",
          "Denali National Park and Preserve (DENA)",
          "Glacier National Park (GLAC)",
          "Hot Springs National Park (HOSP)",
          "Yosemite National Park (YOSE)",
          "Zion National Park (ZION)"
        ],
        "Title": "Transit for national parks and gateway communities: Impacts and guidance",
        "Link": "https://irma.nps.gov/DataStore/Reference/Profile/2305613"
      },
      "geometry": {
        "type": "MultiPoint",
        "coordinates": [
          [-68.2397, 44.3594],
          [-112.1787, 37.6052],
          [-70.087, 42.0506],
          [-150.6029, 63.3183],
          [-113.8587, 48.7468],
          [-93.0659, 34.5083],
          [-119.5404, 37.8399],
          [-113.0457, 37.2794]
        ]
      }
    },
    {
      "type": "Feature",
      "properties": {
        "id": "irma-2206410",
        "institution": [
          "National Park Service (NPS)"
        ],
        "collection": [
          "NPS - IRMA"
        ],
        "topic": [
          "Classification",
          "Digital Elevation Model",
          "headwater catchment",
          "stream channel morphology",
          "stream order",
          "Water Chemistry",
          "Watershed"
        ],
        "format": "Dissertation",
        "publishDate": "2005",
        "building": [
          "Great Smoky Mountains National Park (GRSM)"
        ],
        "Title": "A WATERSHED CLASSIFICATION SYSTEM BASED ON HEADWATER CATCHMENTS IN GREAT SMOKY MOUNTAINS NATIONAL PARK, TENNESSEE-NORTH CAROLINA",
        "Link": "https://irma.nps.gov/DataStore/Reference/Profile/2206410"
      },
      "geometry": {
        "type": "Point",
        "coordinates": [-83.5282, 35.5716]
      }
    },
    {
      "type": "Feature",
      "properties": {
        "id": "irma-2191075",
        "institution": [
          "National Park Service (NPS)"
        ],
        "collection": [
          "NPS - IRMA"
        ],
        "topic": [
          "Animal Studies",
          "Enzyme Linked Immunosorbent Assay (ELISA)",
          "Hantavirus",
          "insectivores",
          "Rodents",
          "zoonosis"
        ],
        "topic_facet": [
          {
            "key": "1030",
            "label": "Ecological Framework: Biological Integrity | Infestations and Disease | Animal Diseases",
            "description": {}
          }
        ],
        "format": "Dissertation",
        "publishDate": "2005",
        "building": [
          "Great Smoky Mountains National Park (GRSM)"
        ],
        "Title": "A newly identified hantavirus: The development of immunologic diagnostic assays and phylogenetic analysis for detection and characterization",
        "Link": "https://irma.nps.gov/DataStore/Reference/Profile/2191075"
      },
      "geometry": {
        "type": "Point",
        "coordinates": [-83.5282, 35.5716]
      }
    },
    {
      "type": "Feature",
      "properties": {
        "id": "irma-2297385",
        "institution": [
          "National Park Service (NPS)"
        ],
        "collection": [
          "NPS - IRMA"
        ],
        "topic": [
          "Holocene",
          "Jemez Mountains",
          "subalpine grasslands"
        ],
        "format": "Dissertation",
        "publishDate": "2005",
        "building": [
          "Valles Caldera National Preserve (VALL)"
        ],
        "Title": "Environmental Determinants of Subalpine Treelines in the Valles Caldera, New Mexico",
        "Link": "https://irma.nps.gov/DataStore/Reference/Profile/2297385"
      },
      "geometry": {
        "type": "Point",
        "coordinates": [-106.4912, 35.8567]
      }
    },
    {
      "type": "Feature",
      "properties": {
        "id": "irma-2211414",
        "institution": [
          "National Park Service (NPS)"
        ],
        "collection": [
          "NPS - IRMA"
        ],
        "topic": [
          "bird distribution",
          "Communities",
          "Mt. LeConte",
          "spruce-fir",
          "variable circular plot"
        ],
        "topic_facet": [
          {
            "key": "1048",
            "label": "Ecological Framework: Biological Integrity | Focal Species or Communities | Birds",
            "description": {}
          }
        ],
        "format": "Dissertation",
        "publishDate": "2005",
        "building": [
          "Great Smoky Mountains National Park (GRSM)"
        ],
        "Title": "Landscape ecology of birds on Mount Leconte, Great Smoky Mountains National Park.",
        "Link": "https://irma.nps.gov/DataStore/Reference/Profile/2211414"
      },
      "geometry": {
        "type": "Point",
        "coordinates": [-83.5282, 35.5716]
      }
    },
    {
      "type": "Feature",
      "properties": {
        "id": "irma-591284",
        "institution": [
          "National Park Service (NPS)"
        ],
        "collection": [
          "NPS - IRMA"
        ],
        "topic": [
          "Global positioning system (GPS) telemetry",
          "grizzly bears (Ursus arctos)",
          "Habitat Fragmentation",
          "Highways and railroads",
          "Wildlife"
        ],
        "format": "Dissertation",
        "publishDate": "2005",
        "building": [
          "Glacier National Park (GLAC)"
        ],
        "Title": "Movements and habitat-use of grizzly bears along U.S. Highway 2 in northwestern Montana 1998-2001",
        "Link": "https://irma.nps.gov/DataStore/Reference/Profile/591284"
      },
      "geometry": {
        "type": "Point",
        "coordinates": [-113.8587, 48.7468]
      }
    },
    {
      "type": "Feature",
      "properties": {
        "id": "irma-648238",
        "institution": [
          "National Park Service (NPS)"
        ],
        "collection": [
          "NPS - IRMA"
        ],
        "topic": [
          "Archaeological geology-Southwest",
          "Dome fire",
          "Fire effects-Artifacts",
          "Jemez Mountains (N.M.)",
          "Obsidian artifacts",
          "Obsidian geochemistry",
          "Obsidian-Southwest",
          "Physical Sciences"
        ],
        "format": "Dissertation",
        "publishDate": "2005",
        "building": [
          "Bandelier National Monument (BAND)"
        ],
        "Title": "The Dome Fire obsidian study: investigating the interaction of heat, hydration, and glass geochemistry",
        "Link": "https://irma.nps.gov/DataStore/Reference/Profile/648238"
      },
      "geometry": {
        "type": "Point",
        "coordinates": [-106.3573, 35.8188]
      }
    },
    {
      "type": "Feature",
      "properties": {
        "id": "irma-2204554",
        "institution": [
          "National Park Service (NPS)"
        ],
        "collection": [
          "NPS - IRMA"
        ],
        "topic": [
          "Habitat",
          "Hydrology",
          "Restoration",
          "Watersheds",
          "Wetlands"
        ],
        "format": "Dissertation",
        "publishDate": "2005",
        "building": [
          "Golden Gate National Recreation Area (GOGA)"
        ],
        "Title": "Wetland Processes and Restoration Opportunities in The Rodeo Lagoon Watershed, Golden Gate National Recreation Area, Marin County, California",
        "Link": "https://irma.nps.gov/DataStore/Reference/Profile/2204554"
      },
      "geometry": {
        "type": "Point",
        "coordinates": [-122.6358, 37.8917]
      }
    },
    {
      "type": "Feature",
      "properties": {
        "id": "irma-2256527",
        "institution": [
          "National Park Service (NPS)"
        ],
        "collection": [
          "NPS - IRMA"
        ],
        "topic": [
          "APHN",
          "Appalachian Highlands Network",
          "Great Smoky Mountains National Park",
          "GRSM",
          "SER",
          "Southeast Region",
          "synoptic monitoring",
          "Vital Signs",
          "water quality monitoring"
        ],
        "format": "Dissertation",
        "publishDate": "2003",
        "building": [
          "Great Smoky Mountains National Park (GRSM)"
        ],
        "Title": "Assessment and Redesign of the Synoptic Water Quality Monitoring Network in the Great Smoky Mountains National Park",
        "Link": "https://irma.nps.gov/DataStore/Reference/Profile/2256527"
      },
      "geometry": {
        "type": "Point",
        "coordinates": [-83.5282, 35.5716]
      }
    },
    {
      "type": "Feature",
      "properties": {
        "id": "irma-2267817",
        "institution": [
          "National Park Service (NPS)"
        ],
        "collection": [
          "NPS - IRMA"
        ],
        "topic": [
          "Amphibia",
          "APHN",
          "Appalachian Highlands Network",
          "Caudata",
          "Great Smoky Mountains National Park",
          "GRSM",
          "Plethodon jordani",
          "red-cheeked salamander",
          "SER",
          "Southeast Region"
        ],
        "format": "Dissertation",
        "publishDate": "2004",
        "building": [
          "Great Smoky Mountains National Park (GRSM)"
        ],
        "Title": "Chemical Signaling and Pheromone Evolution in Plethodontid Salamanders",
        "Link": "https://irma.nps.gov/DataStore/Reference/Profile/2267817"
      },
      "geometry": {
        "type": "Point",
        "coordinates": [-83.5282, 35.5716]
      }
    },
    {
      "type": "Feature",
      "properties": {
        "id": "irma-2291562",
        "institution": [
          "National Park Service (NPS)"
        ],
        "collection": [
          "NPS - IRMA"
        ],
        "topic": [
          "forestry",
          "Geography"
        ],
        "format": "Dissertation",
        "publishDate": "2004",
        "building": [
          "Glacier National Park (GLAC)"
        ],
        "Title": "Conifer establishment sites on a periglacial landscape, Glacier National Park, Montana",
        "Link": "https://irma.nps.gov/DataStore/Reference/Profile/2291562"
      },
      "geometry": {
        "type": "Point",
        "coordinates": [-113.8587, 48.7468]
      }
    },
    {
      "type": "Feature",
      "properties": {
        "id": "irma-2166672",
        "institution": [
          "National Park Service (NPS)"
        ],
        "collection": [
          "NPS - IRMA"
        ],
        "topic": [
          "Castanea dentata",
          "disturbance regime",
          "Landscape-level Vegetation",
          "NMDS",
          "Non-metric Multidimensional Scaling",
          "Plot Data"
        ],
        "format": "Dissertation",
        "publishDate": "1999",
        "building": [
          "Great Smoky Mountains National Park (GRSM)"
        ],
        "Title": "Disturbance History and Ecological Change in the Southern Appalachian Landscape: Western Great Smoky Mountains National Park, 1936-1996",
        "Link": "https://irma.nps.gov/DataStore/Reference/Profile/2166672"
      },
      "geometry": {
        "type": "Point",
        "coordinates": [-83.5282, 35.5716]
      }
    },
    {
      "type": "Feature",
      "properties": {
        "id": "irma-662057",
        "institution": [
          "National Park Service (NPS)"
        ],
        "collection": [
          "NPS - IRMA"
        ],
        "topic": [
          "Fire Island",
          "Maritime Forest",
          "Sandy Hook",
          "sunken forest",
          "Vegetation Plots"
        ],
        "format": "Dissertation",
        "publishDate": "2004",
        "building": [
          "Fire Island National Seashore (FIIS)"
        ],
        "Title": "Ecological Dynamics of a Rare Maritime Ilex Opaca Forest",
        "Link": "https://irma.nps.gov/DataStore/Reference/Profile/662057"
      },
      "geometry": {
        "type": "Point",
        "coordinates": [-72.9943, 40.6918]
      }
    },
    {
      "type": "Feature",
      "properties": {
        "id": "irma-661151",
        "institution": [
          "National Park Service (NPS)"
        ],
        "collection": [
          "NPS - IRMA"
        ],
        "topic": [
          "Absence (Biodiversity)",
          "Abundance (Biodiversity)",
          "animal activity",
          "Animal Studies",
          "Behavior",
          "Birds",
          "Captive Breeding",
          "Distribution",
          "Distribution (Biodiversity)",
          "ethology",
          "fledging",
          "flock structure",
          "Foraging Behavior",
          "Hawaii",
          "Hawaiian goose (Branta sandvicensis)",
          "Kauai",
          "Management",
          "Maui",
          "Natural Resources",
          "Nene",
          "Observations",
          "Presence (Biodiversity)",
          "threatened-endangered-sensitive species-animals"
        ],
        "format": "Dissertation",
        "publishDate": "1999",
        "building": [
          "Haleakala National Park (HALE)",
          "Hawaii Volcanoes National Park (HAVO)"
        ],
        "Title": "Ecology and behavior of reintroduced Hawaiian Geese",
        "Link": "https://irma.nps.gov/DataStore/Reference/Profile/661151"
      },
      "geometry": {
        "type": "MultiPoint",
        "coordinates": [
          [-156.1471, 20.7045],
          [-155.4073, 19.235]
        ]
      }
    },
    {
      "type": "Feature",
      "properties": {
        "id": "irma-648220",
        "institution": [
          "National Park Service (NPS)"
        ],
        "collection": [
          "NPS - IRMA"
        ],
        "topic": [
          "Archaeology",
          "Coalition Period",
          "CRBIB",
          "Land settlement patterns Prehistoric-New Mexico-Pajarito Plateau",
          "settlements",
          "Social archaeology"
        ],
        "format": "Dissertation",
        "publishDate": "1999",
        "building": [
          "Bandelier National Monument (BAND)"
        ],
        "Title": "Knowing your neighbor: Coalition Period community dynamics on the Pajarito Plateau, New Mexico",
        "Link": "https://irma.nps.gov/DataStore/Reference/Profile/648220"
      },
      "geometry": {
        "type": "Point",
        "coordinates": [-106.3573, 35.8188]
      }
    },
    {
      "type": "Feature",
      "properties": {
        "id": "irma-2233224",
        "institution": [
          "National Park Service (NPS)"
        ],
        "collection": [
          "NPS - IRMA"
        ],
        "topic": [
          "Albright Grove",
          "APHN",
          "Appalachian Highlands Network",
          "canopy gap",
          "closed canopy",
          "Cove hardwoods",
          "disturbance",
          "Great Smoky Mountains National Park",
          "GRSM",
          "herbaceous layer",
          "old-growth",
          "regeneration",
          "SER",
          "shrub layer",
          "Southeast Region",
          "species diversity",
          "species richness",
          "Thunderhead Prong"
        ],
        "format": "Dissertation",
        "publishDate": "2004",
        "building": [
          "Great Smoky Mountains National Park (GRSM)"
        ],
        "Title": "Regeneration Dynamics in Old-Growth and Second-Growth Southern Appalachian Cove Forests",
        "Link": "https://irma.nps.gov/DataStore/Reference/Profile/2233224"
      },
      "geometry": {
        "type": "Point",
        "coordinates": [-83.5282, 35.5716]
      }
    },
    {
      "type": "Feature",
      "properties": {
        "id": "irma-2198255",
        "institution": [
          "National Park Service (NPS)"
        ],
        "collection": [
          "NPS - IRMA"
        ],
        "topic": [
          "Community",
          "cultural identity",
          "exacavation",
          "historical context",
          "material items\\n\\n",
          "social identity",
          "Survey"
        ],
        "format": "Dissertation",
        "publishDate": "2004",
        "building": [
          "Virgin Islands National Park (VIIS)"
        ],
        "Title": "The construction and expression of identity: an archeological investigation of the laborer villages at Adrian Estate, St. John, USVI",
        "Link": "https://irma.nps.gov/DataStore/Reference/Profile/2198255"
      },
      "geometry": {
        "type": "Point",
        "coordinates": [-64.7399, 18.3439]
      }
    },
    {
      "type": "Feature",
      "properties": {
        "id": "irma-663984",
        "institution": [
          "National Park Service (NPS)"
        ],
        "collection": [
          "NPS - IRMA"
        ],
        "topic": [
          "All Taxa Biodiversity Inventory",
          "ATBI",
          "Biodiversity",
          "Diptera",
          "endosymbiotes",
          "Flies",
          "GRSM-00008",
          "hematophagous",
          "Southern Appalachians"
        ],
        "format": "Dissertation",
        "publishDate": "2003",
        "building": [
          "Great Smoky Mountains National Park (GRSM)"
        ],
        "Title": "Biodiversity and Behavior of Selected Endosymbiotes and Hematophagous Flies (Diptera) in the Southern Appalachian Mountains, U.S.A.",
        "Link": "https://irma.nps.gov/DataStore/Reference/Profile/663984"
      },
      "geometry": {
        "type": "Point",
        "coordinates": [-83.5282, 35.5716]
      }
    },
    {
      "type": "Feature",
      "properties": {
        "id": "irma-2256883",
        "institution": [
          "National Park Service (NPS)"
        ],
        "collection": [
          "NPS - IRMA"
        ],
        "topic": [
          "allozymes",
          "APHN",
          "Appalachian Highlands Network",
          "Araliaceae",
          "conservation",
          "genetic diversity",
          "ginseng",
          "Great Smoky Mountains National Park",
          "GRSM",
          "harvest",
          "management",
          "medicinal plant",
          "non-timber forest products",
          "Panax",
          "population genetic structure",
          "SER",
          "simulation",
          "Southeast Region",
          "sustainable use",
          "vascular plants"
        ],
        "format": "Dissertation",
        "publishDate": "2003",
        "building": [
          "Great Smoky Mountains National Park (GRSM)"
        ],
        "Title": "Conservation of Genetic Diversity in Wild American Ginseng (Panax quinquefolius L.)",
        "Link": "https://irma.nps.gov/DataStore/Reference/Profile/2256883"
      },
      "geometry": {
        "type": "Point",
        "coordinates": [-83.5282, 35.5716]
      }
    },
    {
      "type": "Feature",
      "properties": {
        "id": "irma-2179801",
        "institution": [
          "National Park Service (NPS)"
        ],
        "collection": [
          "NPS - IRMA"
        ],
        "topic": [
          "Acadia National Park",
          "Aram's",
          "Becky's",
          "Beehive",
          "Bill's Winterberry",
          "Breakneck Pond",
          "Breeding",
          "Bruce",
          "Bubble",
          "Compass Harbor",
          "Distribution",
          "Duck Pond",
          "Eagle Lake",
          "Fawn Pond",
          "George Trail",
          "Gilley",
          "Habitats",
          "Halfmoon Pond",
          "Hunter's Brook",
          "Hydrology",
          "Lake Wood",
          "Leech",
          "Lifesaver",
          "Long Pond",
          "Mill Field Reservoir",
          "Mount Desert Island",
          "Otter Cliff",
          "Pinocchio",
          "Population",
          "Reproduction",
          "Richardson Brook",
          "Round Pond",
          "Sand Beach",
          "Schooner Head",
          "Seal Cove",
          "Sieur de Mont",
          "The Bowl",
          "The Tarn",
          "Top of the Hill Tarn",
          "West Otter Creek",
          "Western MTn. Road",
          "Wetlands",
          "Witch Hole"
        ],
        "format": "Dissertation",
        "publishDate": "2003",
        "building": [
          "Acadia National Park (ACAD)"
        ],
        "Title": "Hydroperiod of Wetlands and Reproduction in Wood Frogs (Rana slvatica) and Spotted Salamanders (Ambystoma maculatum)",
        "Link": "https://irma.nps.gov/DataStore/Reference/Profile/2179801"
      },
      "geometry": {
        "type": "Point",
        "coordinates": [-68.2397, 44.3594]
      }
    },
    {
      "type": "Feature",
      "properties": {
        "id": "irma-2211435",
        "institution": [
          "National Park Service (NPS)"
        ],
        "collection": [
          "NPS - IRMA"
        ],
        "topic": [
          "Acidification",
          "Aluminum",
          "Calcium",
          "Clingmans Dome",
          "magnesium",
          "organic carbon",
          "Soil",
          "soil solution chemistry",
          "spruce-fir"
        ],
        "topic_facet": [
          {
            "key": "1016",
            "label": "Ecological Framework: Geology and Soils | Soil Quality | Soil Function and Dynamics",
            "description": {}
          }
        ],
        "format": "Dissertation",
        "publishDate": "1998",
        "building": [
          "Great Smoky Mountains National Park (GRSM)"
        ],
        "Title": "Soil and Soil Solution Chemistry in the Rooting Zone of a Southern Appalachian High Elevation Spruce Fir Forest Ecosystem",
        "Link": "https://irma.nps.gov/DataStore/Reference/Profile/2211435"
      },
      "geometry": {
        "type": "Point",
        "coordinates": [-83.5282, 35.5716]
      }
    },
    {
      "type": "Feature",
      "properties": {
        "id": "irma-2174295",
        "institution": [
          "National Park Service (NPS)"
        ],
        "collection": [
          "NPS - IRMA"
        ],
        "topic": [
          "acoustic identification",
          "Anabat II",
          "Bats",
          "Echolocation",
          "Lasiurus borealis",
          "Myotis grisescens",
          "ultrasonic detector"
        ],
        "topic_facet": [
          {
            "key": "1049",
            "label": "Ecological Framework: Biological Integrity | Focal Species or Communities | Mammals",
            "description": {}
          }
        ],
        "format": "Dissertation",
        "publishDate": "2003",
        "building": [
          "Great Smoky Mountains National Park (GRSM)"
        ],
        "Title": "Use of Ultrasonic Detectors for Acoustic Identification and Study of Bat Ecology in the Eastern United States",
        "Link": "https://irma.nps.gov/DataStore/Reference/Profile/2174295"
      },
      "geometry": {
        "type": "Point",
        "coordinates": [-83.5282, 35.5716]
      }
    },
    {
      "type": "Feature",
      "properties": {
        "id": "irma-2172506",
        "institution": [
          "National Park Service (NPS)"
        ],
        "collection": [
          "NPS - IRMA"
        ],
        "topic": [
          "Marine Environment",
          "Organic Contaminants"
        ],
        "format": "Dissertation",
        "publishDate": "2002",
        "building": [
          "Gateway National Recreation Area (GATE)"
        ],
        "Title": "Analysis and fate of sewage-derived polar organic contaminants in the coastal marine environment",
        "Link": "https://irma.nps.gov/DataStore/Reference/Profile/2172506"
      },
      "geometry": {
        "type": "Point",
        "coordinates": [-73.8609, 40.6187]
      }
    },
    {
      "type": "Feature",
      "properties": {
        "id": "irma-2249674",
        "institution": [
          "National Park Service (NPS)"
        ],
        "collection": [
          "NPS - IRMA"
        ],
        "topic": [
          "APHN",
          "Appalachian Highlands Network",
          "beta diversity",
          "biodiversity",
          "Campopleginae",
          "clear-cut",
          "fire",
          "Great Smoky Mountains National Park",
          "GRSM",
          "habitat",
          "Hymenoptera",
          "Ichneumonidae",
          "Ichneumoninae",
          "Insecta",
          "latitude",
          "SER",
          "Southeast Region",
          "species richness"
        ],
        "format": "Dissertation",
        "publishDate": "2002",
        "building": [
          "Great Smoky Mountains National Park (GRSM)"
        ],
        "Title": "Diversity of Parasitic Hymenoptera (Ichneumonidae: Campopleginae and Ichneumoninae) in Great Smoky Mountains National Park and Eastern North American Forests",
        "Link": "https://irma.nps.gov/DataStore/Reference/Profile/2249674"
      },
      "geometry": {
        "type": "Point",
        "coordinates": [-83.5282, 35.5716]
      }
    },
    {
      "type": "Feature",
      "properties": {
        "id": "irma-2287817",
        "institution": [
          "National Park Service (NPS)"
        ],
        "collection": [
          "NPS - IRMA"
        ],
        "topic": [
          "biological sciences",
          "dendrochronology",
          "earth sciences",
          "ecotone",
          "forest",
          "subalpine",
          "treeline"
        ],
        "format": "Dissertation",
        "publishDate": "2002",
        "building": [
          "Glacier National Park (GLAC)"
        ],
        "Title": "Effects of biotic feedback on the pattern and rate of subalpine forest advancement",
        "Link": "https://irma.nps.gov/DataStore/Reference/Profile/2287817"
      },
      "geometry": {
        "type": "Point",
        "coordinates": [-113.8587, 48.7468]
      }
    },
    {
      "type": "Feature",
      "properties": {
        "id": "irma-585462",
        "institution": [
          "National Park Service (NPS)"
        ],
        "collection": [
          "NPS - IRMA"
        ],
        "topic": [
          "Aquatic Ecosystems",
          "Hydrography",
          "Lakes"
        ],
        "format": "Dissertation",
        "publishDate": "2002",
        "building": [
          "Katmai National Park and Preserve (KATM)"
        ],
        "Title": "Environmental drivers of spatial and temporal variability in lakes",
        "Link": "https://irma.nps.gov/DataStore/Reference/Profile/585462"
      },
      "geometry": {
        "type": "Point",
        "coordinates": [-154.8894, 58.5661]
      }
    },
    {
      "type": "Feature",
      "properties": {
        "id": "irma-2206898",
        "institution": [
          "National Park Service (NPS)"
        ],
        "collection": [
          "NPS - IRMA"
        ],
        "topic": [
          "Amphibian",
          "Detection Probability",
          "Monitoring",
          "plethodontid salamanders",
          "Roaring Fork",
          "Salamander",
          "Site Occupancy"
        ],
        "topic_facet": [
          {
            "key": "1047",
            "label": "Ecological Framework: Biological Integrity | Focal Species or Communities | Amphibians and Reptiles",
            "description": {}
          }
        ],
        "format": "Dissertation",
        "publishDate": "2002",
        "building": [
          "Great Smoky Mountains National Park (GRSM)"
        ],
        "Title": "Estimating detection probabilities for terrestrial salamanders in Great Smoky Mountains National Park",
        "Link": "https://irma.nps.gov/DataStore/Reference/Profile/2206898"
      },
      "geometry": {
        "type": "Point",
        "coordinates": [-83.5282, 35.5716]
      }
    },
    {
      "type": "Feature",
      "properties": {
        "id": "irma-585140",
        "institution": [
          "National Park Service (NPS)"
        ],
        "collection": [
          "NPS - IRMA"
        ],
        "topic": [
          "Bears",
          "Salmon",
          "salmon life",
          "Streams",
          "Ursa"
        ],
        "format": "Dissertation",
        "publishDate": "2002",
        "building": [
          "Katmai National Park and Preserve (KATM)"
        ],
        "Title": "Foraging behavior of bears at salmon streams: intake, choice, and the role of salmon life history",
        "Link": "https://irma.nps.gov/DataStore/Reference/Profile/585140"
      },
      "geometry": {
        "type": "Point",
        "coordinates": [-154.8894, 58.5661]
      }
    },
    {
      "type": "Feature",
      "properties": {
        "id": "irma-2287818",
        "institution": [
          "National Park Service (NPS)"
        ],
        "collection": [
          "NPS - IRMA"
        ],
        "topic": [
          "alpine",
          "biological sciences",
          "earth sciences",
          "environmental stress",
          "health and environmental sciences",
          "herbaceous",
          "tree",
          "tundra"
        ],
        "format": "Dissertation",
        "publishDate": "2002",
        "building": [
          "Glacier National Park (GLAC)"
        ],
        "Title": "The relationship between tree establishment patterns and positive feedback at alpine treeline",
        "Link": "https://irma.nps.gov/DataStore/Reference/Profile/2287818"
      },
      "geometry": {
        "type": "Point",
        "coordinates": [-113.8587, 48.7468]
      }
    },
    {
      "type": "Feature",
      "properties": {
        "id": "irma-595976",
        "institution": [
          "National Park Service (NPS)"
        ],
        "collection": [
          "NPS - IRMA"
        ],
        "topic": [
          "Vascular Plants"
        ],
        "format": "Dissertation",
        "publishDate": "2001",
        "building": [
          "Shenandoah National Park (SHEN)"
        ],
        "Title": "A Dendroecological Study of Eastern Hemlock Decline in the Shenandoah National Park",
        "Link": "https://irma.nps.gov/DataStore/Reference/Profile/595976"
      },
      "geometry": {
        "type": "Point",
        "coordinates": [-78.5008, 38.3518]
      }
    },
    {
      "type": "Feature",
      "properties": {
        "id": "irma-2254661",
        "institution": [
          "National Park Service (NPS)"
        ],
        "collection": [
          "NPS - IRMA"
        ],
        "topic": [
          "air pollution",
          "APHN",
          "Appalachian Highlands Network",
          "Great Smoky Mountains National Park",
          "GRSM",
          "modeling",
          "ozone",
          "predictions",
          "SER",
          "Southeast Region",
          "weather"
        ],
        "format": "Dissertation",
        "publishDate": "2001",
        "building": [
          "Great Smoky Mountains National Park (GRSM)"
        ],
        "Title": "Development of a Model for Predicting the Vertical Profile of Ozone Based on Ground-Level Ozone Observations and Cloud Cover",
        "Link": "https://irma.nps.gov/DataStore/Reference/Profile/2254661"
      },
      "geometry": {
        "type": "Point",
        "coordinates": [-83.5282, 35.5716]
      }
    },
    {
      "type": "Feature",
      "properties": {
        "id": "irma-585159",
        "institution": [
          "National Park Service (NPS)"
        ],
        "collection": [
          "NPS - IRMA"
        ],
        "topic": [
          "Bears",
          "Oncorhynchus",
          "Pacific Salmon",
          "Riparian Vegetation",
          "Salmon"
        ],
        "format": "Dissertation",
        "publishDate": "2001",
        "building": [
          "Katmai National Park and Preserve (KATM)"
        ],
        "Title": "Interactions of salmon, bear and riparian vegetation in Alaska",
        "Link": "https://irma.nps.gov/DataStore/Reference/Profile/585159"
      },
      "geometry": {
        "type": "Point",
        "coordinates": [-154.8894, 58.5661]
      }
    },
    {
      "type": "Feature",
      "properties": {
        "id": "irma-2167410",
        "institution": [
          "National Park Service (NPS)"
        ],
        "collection": [
          "NPS - IRMA"
        ],
        "topic": [
          "History",
          "Leisure contraints",
          "Park"
        ],
        "format": "Dissertation",
        "publishDate": "2001",
        "building": [
          "Rocky Mountain National Park (ROMO)"
        ],
        "Title": "Rocky Mountain National Park: History and Meanings as Constraints to African-American Park Visitation",
        "Link": "https://irma.nps.gov/DataStore/Reference/Profile/2167410"
      },
      "geometry": {
        "type": "Point",
        "coordinates": [-105.7037, 40.3571]
      }
    },
    {
      "type": "Feature",
      "properties": {
        "id": "irma-2208941",
        "institution": [
          "National Park Service (NPS)"
        ],
        "collection": [
          "NPS - IRMA"
        ],
        "topic": [
          "Beetle",
          "Coleoptera",
          "Elkmont",
          "female choice",
          "firefly",
          "flash pattern",
          "flash rate",
          "isolating mechanisms",
          "lampyridae",
          "Roaring Fork",
          "sexual selection"
        ],
        "topic_facet": [
          {
            "key": "1045",
            "label": "Ecological Framework: Biological Integrity | Focal Species or Communities | Terrestrial Invertebrates",
            "description": {}
          }
        ],
        "format": "Dissertation",
        "publishDate": "2001",
        "building": [
          "Great Smoky Mountains National Park (GRSM)"
        ],
        "Title": "The Role of Sexual Selection on Speciation in Two Firefly Species: Photinus ardens and Photinus carolinus",
        "Link": "https://irma.nps.gov/DataStore/Reference/Profile/2208941"
      },
      "geometry": {
        "type": "Point",
        "coordinates": [-83.5282, 35.5716]
      }
    },
    {
      "type": "Feature",
      "properties": {
        "id": "irma-585158",
        "institution": [
          "National Park Service (NPS)"
        ],
        "collection": [
          "NPS - IRMA"
        ],
        "topic": [
          "Behavior",
          "Morphology",
          "Sockeye Salmon",
          "Spawning"
        ],
        "format": "Dissertation",
        "publishDate": "2001",
        "building": [
          "Katmai National Park and Preserve (KATM)"
        ],
        "Title": "The role of natural and sexual selection in local adaptation of spawning behavior and morphology in sockeye salmon, Oncorhynchus nerka.  Dissertation",
        "Link": "https://irma.nps.gov/DataStore/Reference/Profile/585158"
      },
      "geometry": {
        "type": "Point",
        "coordinates": [-154.8894, 58.5661]
      }
    },
    {
      "type": "Feature",
      "properties": {
        "id": "irma-2169070",
        "institution": [
          "National Park Service (NPS)"
        ],
        "collection": [
          "NPS - IRMA"
        ],
        "topic": [
          "Chelonia mydas",
          "green sea turtle",
          "Green Turtle Distribution",
          "Green Turtle Seasonal Movements",
          "Padre Island National Seashore",
          "PAIS"
        ],
        "format": "Dissertation",
        "publishDate": "2000",
        "building": [
          "Padre Island National Seashore (PAIS)"
        ],
        "Title": "Distribution, Residency, and Seasonal Movements of the Green Sea Turtle, Chelonia Mydas (Linnaeus, 1758), in Texas",
        "Link": "https://irma.nps.gov/DataStore/Reference/Profile/2169070"
      },
      "geometry": {
        "type": "Point",
        "coordinates": [-97.3407, 26.7037]
      }
    },
    {
      "type": "Feature",
      "properties": {
        "id": "irma-2291560",
        "institution": [
          "National Park Service (NPS)"
        ],
        "collection": [
          "NPS - IRMA"
        ],
        "topic": [
          "cognitive therapy",
          "Geography",
          "recreation"
        ],
        "format": "Dissertation",
        "publishDate": "2000",
        "building": [
          "Glacier National Park (GLAC)"
        ],
        "Title": "Geohazard perception in Glacier National Park, Montana, United States of America",
        "Link": "https://irma.nps.gov/DataStore/Reference/Profile/2291560"
      },
      "geometry": {
        "type": "Point",
        "coordinates": [-113.8587, 48.7468]
      }
    },
    {
      "type": "Feature",
      "properties": {
        "id": "irma-2202537",
        "institution": [
          "National Park Service (NPS)"
        ],
        "collection": [
          "NPS - IRMA"
        ],
        "topic": [
          "grazing pressure",
          "juvenile coral",
          "Marine Garden",
          "Protected Area",
          "Reef",
          "Scleractinian corals",
          "Substrate",
          "Topography"
        ],
        "format": "Dissertation",
        "publishDate": "1999",
        "building": [
          "Buck Island Reef National Monument (BUIS)"
        ],
        "Title": "An Investigation into the Effect of a Marine Protected Area on the Juvenile Coral Densities and Communities Around St. Croix and Buck Island Reef National Monument, U.S. Virgin Islands",
        "Link": "https://irma.nps.gov/DataStore/Reference/Profile/2202537"
      },
      "geometry": {
        "type": "Point",
        "coordinates": [-64.622, 17.8094]
      }
    },
    {
      "type": "Feature",
      "properties": {
        "id": "irma-2203337",
        "institution": [
          "National Park Service (NPS)"
        ],
        "collection": [
          "NPS - IRMA"
        ],
        "topic": [
          "Crater Lake",
          "Mountain Climbing",
          "Oregon",
          "William Glastone Steel"
        ],
        "topic_facet": [
          {
            "key": "1056",
            "label": "Ecological Framework: Human Use | Visitor and Recreation Use | Visitor Use",
            "description": {}
          }
        ],
        "format": "Dissertation",
        "publishDate": "1999",
        "building": [
          "Crater Lake National Park (CRLA)"
        ],
        "Title": "Ascendency of the Mazamas: environment, identity, and mountain climbing in Oregon, 1870-1930",
        "Link": "https://irma.nps.gov/DataStore/Reference/Profile/2203337"
      },
      "geometry": {
        "type": "Point",
        "coordinates": [-122.1353, 42.9443]
      }
    },
    {
      "type": "Feature",
      "properties": {
        "id": "irma-652487",
        "institution": [
          "National Park Service (NPS)"
        ],
        "collection": [
          "NPS - IRMA"
        ],
        "topic": [
          "Animal Studies",
          "Behavior",
          "butterflyfishes",
          "corals",
          "Fish",
          "Habitat Use",
          "Hawaii",
          "Oahu",
          "Predation",
          "resource competition"
        ],
        "format": "Dissertation",
        "publishDate": "1999",
        "building": [
          "Pacific Islands Network (PACN)",
          "Pu'uhonua o Honaunau National Historical Park (PUHO)"
        ],
        "Title": "Behavioral mechanisms of coexistence among coral-feeding butterflyfishes",
        "Link": "https://irma.nps.gov/DataStore/Reference/Profile/652487"
      },
      "geometry": {
        "type": "Point",
        "coordinates": [-155.8997, 19.409]
      }
    },
    {
      "type": "Feature",
      "properties": {
        "id": "irma-2264864",
        "institution": [
          "National Park Service (NPS)"
        ],
        "collection": [
          "NPS - IRMA"
        ],
        "topic": [
          "Aquatic insects",
          "Biological sciences",
          "Santa Cruz Island",
          "Streams"
        ],
        "format": "Dissertation",
        "publishDate": "1999",
        "building": [
          "Channel Islands National Park (CHIS)"
        ],
        "Title": "Biogeography and ecology of Santa Cruz Island streams",
        "Link": "https://irma.nps.gov/DataStore/Reference/Profile/2264864"
      },
      "geometry": {
        "type": "Point",
        "coordinates": [-119.7252, 34.0039]
      }
    },
    {
      "type": "Feature",
      "properties": {
        "id": "irma-2189039",
        "institution": [
          "National Park Service (NPS)"
        ],
        "collection": [
          "NPS - IRMA"
        ],
        "topic": [
          "Blackfeet history",
          "Congress",
          "Conservation",
          "George Bird Grinnell",
          "Great Northern Railway",
          "History",
          "Legislation",
          "Louis Hill",
          "Mining History",
          "park development"
        ],
        "format": "Dissertation",
        "publishDate": "1999",
        "building": [
          "Glacier National Park (GLAC)"
        ],
        "Title": "The Crown and the Jewel: George Bird Grinnell, Louis Warren Hill, and Glacier National Park",
        "Link": "https://irma.nps.gov/DataStore/Reference/Profile/2189039"
      },
      "geometry": {
        "type": "Point",
        "coordinates": [-113.8587, 48.7468]
      }
    },
    {
      "type": "Feature",
      "properties": {
        "id": "irma-2210633",
        "institution": [
          "National Park Service (NPS)"
        ],
        "collection": [
          "NPS - IRMA"
        ],
        "topic": [
          "avian behavior",
          "behavioral ecology",
          "genetic monogamy",
          "Lagopus leucurus",
          "Logan Pass",
          "Mating",
          "monogamy",
          "Population Studies",
          "social monogamy",
          "Territoriality",
          "White-tailed Ptarmigan"
        ],
        "format": "Dissertation",
        "publishDate": "1999",
        "building": [
          "Glacier National Park (GLAC)"
        ],
        "Title": "The causes and consequences of the evolution of monogamy in white-tailed ptarmigan",
        "Link": "https://irma.nps.gov/DataStore/Reference/Profile/2210633"
      },
      "geometry": {
        "type": "Point",
        "coordinates": [-113.8587, 48.7468]
      }
    },
    {
      "type": "Feature",
      "properties": {
        "id": "irma-2190747",
        "institution": [
          "National Park Service (NPS)"
        ],
        "collection": [
          "NPS - IRMA"
        ],
        "topic": [
          "Bighorn Sheep",
          "feral horses",
          "Mule Deer",
          "Pryor Mountain Wild Horse Range",
          "Vegetation"
        ],
        "format": "Dissertation",
        "publishDate": "1999",
        "building": [
          "Bighorn Canyon National Recreation Area (BICA)"
        ],
        "Title": "Ungulate/Vegetation Dynamics in the Pryor Mountain Wild Horse Range",
        "Link": "https://irma.nps.gov/DataStore/Reference/Profile/2190747"
      },
      "geometry": {
        "type": "Point",
        "coordinates": [-108.0271, 45.2889]
      }
    },
    {
      "type": "Feature",
      "properties": {
        "id": "irma-2256982",
        "institution": [
          "National Park Service (NPS)"
        ],
        "collection": [
          "NPS - IRMA"
        ],
        "topic": [
          "APHN",
          "Appalachian Highlands Network",
          "brook trout",
          "fish",
          "Great Smoky Mountains National Park",
          "GRSM",
          "population genetics",
          "Salvelinus fontinalis",
          "SER",
          "Southeast Region"
        ],
        "format": "Dissertation",
        "publishDate": "1998",
        "building": [
          "Great Smoky Mountains National Park (GRSM)"
        ],
        "Title": "A Population Genetics Study of Southern Appalachian Brook Trout",
        "Link": "https://irma.nps.gov/DataStore/Reference/Profile/2256982"
      },
      "geometry": {
        "type": "Point",
        "coordinates": [-83.5282, 35.5716]
      }
    },
    {
      "type": "Feature",
      "properties": {
        "id": "irma-2179799",
        "institution": [
          "National Park Service (NPS)"
        ],
        "collection": [
          "NPS - IRMA"
        ],
        "topic": [
          "Aquatic",
          "Checklist",
          "Hodgdon Pond",
          "Lake Wood",
          "Lakes & Ponds",
          "Lower Hadlock Pond",
          "Mount Desert Island",
          "Paleobotany",
          "Paleoenvironment",
          "Paleontology",
          "Plants"
        ],
        "format": "Dissertation",
        "publishDate": "1998",
        "building": [
          "Acadia National Park (ACAD)"
        ],
        "Title": "Aquatic plants in Quaternary science",
        "Link": "https://irma.nps.gov/DataStore/Reference/Profile/2179799"
      },
      "geometry": {
        "type": "Point",
        "coordinates": [-68.2397, 44.3594]
      }
    },
    {
      "type": "Feature",
      "properties": {
        "id": "irma-2250407",
        "institution": [
          "National Park Service (NPS)"
        ],
        "collection": [
          "NPS - IRMA"
        ],
        "topic": [
          "APHN",
          "Appalachian Highlands Network",
          "backcountry",
          "backpacking",
          "camping",
          "Great Smoky Mountains National Park",
          "GRSM",
          "recreation",
          "resource impact",
          "SER",
          "Southeast Region",
          "visitation"
        ],
        "format": "Dissertation",
        "publishDate": "1998",
        "building": [
          "Great Smoky Mountains National Park (GRSM)"
        ],
        "Title": "Assessing and Evaluating Recreation Resource Impacts: Spatial Analytical Approaches",
        "Link": "https://irma.nps.gov/DataStore/Reference/Profile/2250407"
      },
      "geometry": {
        "type": "Point",
        "coordinates": [-83.5282, 35.5716]
      }
    },
    {
      "type": "Feature",
      "properties": {
        "id": "irma-2197684",
        "institution": [
          "National Park Service (NPS)"
        ],
        "collection": [
          "NPS - IRMA"
        ],
        "topic": [
          "Behavior",
          "Breeding",
          "Hydrology",
          "individual-based population model",
          "Population Viability Analyses"
        ],
        "format": "Dissertation",
        "publishDate": "1998",
        "building": [
          "Everglades National Park (EVER)"
        ],
        "Title": "Effects of Abiotic Factors on Population Dynamics of the Cape Sable Seaside Sparrow and Continental Patterns of herpetological Species Richness: An Appropriately Scaled Landscape Approach",
        "Link": "https://irma.nps.gov/DataStore/Reference/Profile/2197684"
      },
      "geometry": {
        "type": "Point",
        "coordinates": [-80.9535, 25.2718]
      }
    },
    {
      "type": "Feature",
      "properties": {
        "id": "irma-83646",
        "institution": [
          "National Park Service (NPS)"
        ],
        "collection": [
          "NPS - IRMA"
        ],
        "topic": [
          "Animal Studies",
          "Clutch Size",
          "Great Smoky Mountains National Park NC TN",
          "Nests & Nesting",
          "Reproduction",
          "Wood Thrush (Hylocichla mustelina)"
        ],
        "format": "Dissertation",
        "publishDate": "1998",
        "building": [
          "Great Smoky Mountains National Park (GRSM)"
        ],
        "Title": "Nesting success and seasonal fecundity of the Wood Thrush,  Hylocichla mustelina, in Great Smoky Mountains National Park",
        "Link": "https://irma.nps.gov/DataStore/Reference/Profile/83646"
      },
      "geometry": {
        "type": "Point",
        "coordinates": [-83.5282, 35.5716]
      }
    },
    {
      "type": "Feature",
      "properties": {
        "id": "irma-585161",
        "institution": [
          "National Park Service (NPS)"
        ],
        "collection": [
          "NPS - IRMA"
        ],
        "topic": [
          "Oncorhynchus nerka",
          "Pacific Salmon",
          "Salmon",
          "Sockeye Salmon"
        ],
        "format": "Dissertation",
        "publishDate": "1998",
        "building": [
          "Katmai National Park and Preserve (KATM)"
        ],
        "Title": "Reproductive energetics of Pacific Salmon: strategies, tactics, and trade-offs",
        "Link": "https://irma.nps.gov/DataStore/Reference/Profile/585161"
      },
      "geometry": {
        "type": "Point",
        "coordinates": [-154.8894, 58.5661]
      }
    },
    {
      "type": "Feature",
      "properties": {
        "id": "irma-2304948",
        "institution": [
          "National Park Service (NPS)"
        ],
        "collection": [
          "NPS - IRMA"
        ],
        "topic": [
          "Biological sciences",
          "Landscape",
          "National parks",
          "Pedestrian",
          "Recreational trails",
          "Social sciences",
          "Trails",
          "West",
          "Wilderness trails"
        ],
        "format": "Dissertation",
        "publishDate": "1998",
        "building": [
          "Glacier National Park (GLAC)",
          "Rocky Mountain National Park (ROMO)",
          "Sequoia National Park (SEQU)",
          "Yosemite National Park (YOSE)"
        ],
        "Title": "The conceptualization and development of pedestrian recreational wilderness trails in the American West, 1890-1940: A landscape history",
        "Link": "https://irma.nps.gov/DataStore/Reference/Profile/2304948"
      },
      "geometry": {
        "type": "MultiPoint",
        "coordinates": [
          [-113.8587, 48.7468],
          [-105.7037, 40.3571],
          [-118.515, 36.509],
          [-119.5404, 37.8399]
        ]
      }
    },
    {
      "type": "Feature",
      "properties": {
        "id": "irma-2202499",
        "institution": [
          "National Park Service (NPS)"
        ],
        "collection": [
          "NPS - IRMA"
        ],
        "topic": [
          "Creek",
          "drift",
          "Invertebrates",
          "Riparian Zone",
          "Trout",
          "water column"
        ],
        "topic_facet": [
          {
            "key": "1025",
            "label": "Ecological Framework: Water | Water Quality | Aquatic Macroinvertebrates and Algae",
            "description": {}
          }
        ],
        "format": "Dissertation",
        "publishDate": "1997",
        "building": [
          "Big Thicket National Preserve (BITH)"
        ],
        "Title": "Composition, Abundance and Biomass of Macroinvertebrate Drift in a Soutern Appalachian Creek",
        "Link": "https://irma.nps.gov/DataStore/Reference/Profile/2202499"
      },
      "geometry": {
        "type": "Point",
        "coordinates": [-94.3181, 30.1643]
      }
    },
    {
      "type": "Feature",
      "properties": {
        "id": "irma-2293037",
        "institution": [
          "National Park Service (NPS)"
        ],
        "collection": [
          "NPS - IRMA"
        ],
        "topic": [
          "Adjustment (Psychology)",
          "Public opinion",
          "recreation",
          "social sciences",
          "Stress (Psychology)",
          "visitor experiences",
          "visitor perceptions"
        ],
        "format": "Dissertation",
        "publishDate": "1997",
        "building": [
          "Glacier National Park (GLAC)"
        ],
        "Title": "Coping behaviors in recreational settings: Substitution, displacement, and cognitive adjustments as a response to stress",
        "Link": "https://irma.nps.gov/DataStore/Reference/Profile/2293037"
      },
      "geometry": {
        "type": "Point",
        "coordinates": [-113.8587, 48.7468]
      }
    },
    {
      "type": "Feature",
      "properties": {
        "id": "irma-2258247",
        "institution": [
          "National Park Service (NPS)"
        ],
        "collection": [
          "NPS - IRMA"
        ],
        "topic": [
          "Wildlife reintroduction",
          "Wolves Genetics",
          "Wolves Habitat",
          "Wolves Rocky Mountains Region"
        ],
        "format": "Dissertation",
        "publishDate": "1997",
        "building": [
          "Glacier National Park (GLAC)"
        ],
        "Title": "Dispersal genetic relationships and landscape use by colonizing wolves in the central Rocky Mountains",
        "Link": "https://irma.nps.gov/DataStore/Reference/Profile/2258247"
      },
      "geometry": {
        "type": "Point",
        "coordinates": [-113.8587, 48.7468]
      }
    },
    {
      "type": "Feature",
      "properties": {
        "id": "irma-2179792",
        "institution": [
          "National Park Service (NPS)"
        ],
        "collection": [
          "NPS - IRMA"
        ],
        "topic": [
          "Biodiversity",
          "Ecology",
          "Mammals",
          "Mount Desert Island"
        ],
        "format": "Dissertation",
        "publishDate": "1991",
        "building": [
          "Acadia National Park (ACAD)"
        ],
        "Title": "Habitat Associations of Small Mammals in Seral Stages of Red Spruce in Acadia National Park",
        "Link": "https://irma.nps.gov/DataStore/Reference/Profile/2179792"
      },
      "geometry": {
        "type": "Point",
        "coordinates": [-68.2397, 44.3594]
      }
    },
    {
      "type": "Feature",
      "properties": {
        "id": "irma-336658",
        "institution": [
          "National Park Service (NPS)"
        ],
        "collection": [
          "NPS - IRMA"
        ],
        "topic": [
          "Animal Studies",
          "Elk (Cervus elaphus)",
          "Gray Wolf (Canis lupus)",
          "Moose (Alces alces)",
          "Mortality",
          "Mountain Lion (Felis concolor)",
          "Predation",
          "Predators",
          "White-Tailed Deer (Odocoileus virginianus)"
        ],
        "format": "Dissertation",
        "publishDate": "1997",
        "building": [
          "Glacier National Park (GLAC)"
        ],
        "Title": "Predation by wolves and other large carnivores in northwestern Montana and southeastern British Columbia",
        "Link": "https://irma.nps.gov/DataStore/Reference/Profile/336658"
      },
      "geometry": {
        "type": "Point",
        "coordinates": [-113.8587, 48.7468]
      }
    },
    {
      "type": "Feature",
      "properties": {
        "id": "irma-2209351",
        "institution": [
          "National Park Service (NPS)"
        ],
        "collection": [
          "NPS - IRMA"
        ],
        "topic": [
          "APHN",
          "Appalachian Highlands Network",
          "biodiversity",
          "Great Smoky Mountains National Park",
          "GRSM",
          "Lichens",
          "Phylogeny",
          "Ramalina americana",
          "SER",
          "Southeast Region",
          "taxonomy"
        ],
        "format": "Dissertation",
        "publishDate": "1997",
        "building": [
          "Great Smoky Mountains National Park (GRSM)"
        ],
        "Title": "The systematics and evolution of the lichen genus Ramalina with an emphasis on the Ramalina americana complex",
        "Link": "https://irma.nps.gov/DataStore/Reference/Profile/2209351"
      },
      "geometry": {
        "type": "Point",
        "coordinates": [-83.5282, 35.5716]
      }
    },
    {
      "type": "Feature",
      "properties": {
        "id": "irma-2293035",
        "institution": [
          "National Park Service (NPS)"
        ],
        "collection": [
          "NPS - IRMA"
        ],
        "topic": [
          "Blackfeet",
          "Indian removal",
          "Native Americans"
        ],
        "format": "Dissertation",
        "publishDate": "1996",
        "building": [
          "Glacier National Park (GLAC)"
        ],
        "Title": "Dispossessing the wilderness: The preservationist ideal, Indian removal, and national parks",
        "Link": "https://irma.nps.gov/DataStore/Reference/Profile/2293035"
      },
      "geometry": {
        "type": "Point",
        "coordinates": [-113.8587, 48.7468]
      }
    },
    {
      "type": "Feature",
      "properties": {
        "id": "irma-2258255",
        "institution": [
          "National Park Service (NPS)"
        ],
        "collection": [
          "NPS - IRMA"
        ],
        "topic": [
          "Birds",
          "cavity-nesting",
          "fire",
          "habitat selection",
          "logging",
          "Montana",
          "nests"
        ],
        "format": "Dissertation",
        "publishDate": "1996",
        "building": [
          "Glacier National Park (GLAC)"
        ],
        "Title": "Effects of fire and salvage logging on the cavity-nesting bird community in northwestern Montana",
        "Link": "https://irma.nps.gov/DataStore/Reference/Profile/2258255"
      },
      "geometry": {
        "type": "Point",
        "coordinates": [-113.8587, 48.7468]
      }
    },
    {
      "type": "Feature",
      "properties": {
        "id": "irma-337949",
        "institution": [
          "National Park Service (NPS)"
        ],
        "collection": [
          "NPS - IRMA"
        ],
        "topic": [
          "Animal Studies",
          "Biodiversity",
          "Birds (Aves)",
          "Butterflies & Moths (Lepidoptera)",
          "Monitoring",
          "Rare Species",
          "Research Methods",
          "Species Composition"
        ],
        "format": "Dissertation",
        "publishDate": "1991",
        "building": [
          "Glacier National Park (GLAC)"
        ],
        "Title": "Inventory and monitoring of biodiversity: An assessment of methods and a case study of Glacier National Park, Montana",
        "Link": "https://irma.nps.gov/DataStore/Reference/Profile/337949"
      },
      "geometry": {
        "type": "Point",
        "coordinates": [-113.8587, 48.7468]
      }
    },
    {
      "type": "Feature",
      "properties": {
        "id": "irma-80808",
        "institution": [
          "National Park Service (NPS)"
        ],
        "collection": [
          "NPS - IRMA"
        ],
        "topic": [
          "Animal Studies",
          "eastern box turtles",
          "Ecology",
          "Floyd Bennett Field.",
          "Habitat",
          "Management",
          "painted turtles",
          "Turtles"
        ],
        "format": "Dissertation",
        "publishDate": "1996",
        "building": [
          "Gateway National Recreation Area (GATE)"
        ],
        "Title": "Movement and ecology of eastern box and painted turtles repatriated to human-created habitat",
        "Link": "https://irma.nps.gov/DataStore/Reference/Profile/80808"
      },
      "geometry": {
        "type": "Point",
        "coordinates": [-73.8609, 40.6187]
      }
    },
    {
      "type": "Feature",
      "properties": {
        "id": "irma-2179796",
        "institution": [
          "National Park Service (NPS)"
        ],
        "collection": [
          "NPS - IRMA"
        ],
        "topic": [
          "Diorite",
          "gabbro",
          "Geochronology",
          "Geology",
          "Geomorphology",
          "Geothermal Activity",
          "Granite",
          "Igneous Rocks",
          "Intrusions",
          "Isle Au Haut",
          "Lithology",
          "Magma",
          "Petrology",
          "Plutonic Rocks",
          "Rocks",
          "Tholeiites"
        ],
        "format": "Dissertation",
        "publishDate": "1996",
        "building": [
          "Acadia National Park (ACAD)"
        ],
        "Title": "Petrogenesis of a Silicic Magma Chamber Periodically Invaded by Basaltic Magma: the Isle au Haut Igneous Complex, Maine.",
        "Link": "https://irma.nps.gov/DataStore/Reference/Profile/2179796"
      },
      "geometry": {
        "type": "Point",
        "coordinates": [-68.2397, 44.3594]
      }
    },
    {
      "type": "Feature",
      "properties": {
        "id": "irma-338588",
        "institution": [
          "National Park Service (NPS)"
        ],
        "collection": [
          "NPS - IRMA"
        ],
        "topic": [
          "Carbon Cycle",
          "Climate Change",
          "Discharge",
          "Ecology",
          "Lake McDonald watershed Glacier National Park MT",
          "Leaf Area Index (LAI)",
          "Modeling",
          "Nutrients",
          "Physical Sciences",
          "Primary Productivity",
          "Saint Mary Lake watershed Glacier National Park MT",
          "Snowpack",
          "Soil Chemistry",
          "Soil Moisture"
        ],
        "format": "Dissertation",
        "publishDate": "1996",
        "building": [
          "Glacier National Park (GLAC)"
        ],
        "Title": "Spatial and temporal scale effects on assessment of a regional ecosystem model: Modeling climate change in Glacier National Park, United States of America",
        "Link": "https://irma.nps.gov/DataStore/Reference/Profile/338588"
      },
      "geometry": {
        "type": "Point",
        "coordinates": [-113.8587, 48.7468]
      }
    },
    {
      "type": "Feature",
      "properties": {
        "id": "irma-564582",
        "institution": [
          "National Park Service (NPS)"
        ],
        "collection": [
          "NPS - IRMA"
        ],
        "topic": [
          "Coastal/Marine Systems",
          "Fish",
          "Fishery Management",
          "Herring",
          "Ichthyology",
          "marine fisheries",
          "Sitka Sound"
        ],
        "format": "Dissertation",
        "publishDate": "1996",
        "building": [
          "Glacier Bay National Park and Preserve (GLBA)",
          "Sitka National Historical Park (SITK)"
        ],
        "Title": "The Southeast Alaska herring sac-roe fishery : a need for change?",
        "Link": "https://irma.nps.gov/DataStore/Reference/Profile/564582"
      },
      "geometry": {
        "type": "MultiPoint",
        "coordinates": [
          [-136.8654, 58.7004],
          [-135.3156, 57.047]
        ]
      }
    },
    {
      "type": "Feature",
      "properties": {
        "id": "irma-2254181",
        "institution": [
          "National Park Service (NPS)"
        ],
        "collection": [
          "NPS - IRMA"
        ],
        "topic": [
          "APHN",
          "Appalachian Highlands Network",
          "creation of park",
          "establishment",
          "Great Smoky Mountains National Park",
          "GRSM",
          "history",
          "policy",
          "SER",
          "Southeast Region"
        ],
        "format": "Dissertation",
        "publishDate": "1995",
        "building": [
          "Great Smoky Mountains National Park (GRSM)"
        ],
        "Title": "Boosters, Bureaucrats, Politicians and Philanthropists: Coalition Building in the Establishment of the Great Smoky Mountains National Park",
        "Link": "https://irma.nps.gov/DataStore/Reference/Profile/2254181"
      },
      "geometry": {
        "type": "Point",
        "coordinates": [-83.5282, 35.5716]
      }
    },
    {
      "type": "Feature",
      "properties": {
        "id": "irma-2291557",
        "institution": [
          "National Park Service (NPS)"
        ],
        "collection": [
          "NPS - IRMA"
        ],
        "topic": [
          "Biogeochemistry",
          "Botany",
          "Ecology",
          "Environmental science",
          "Forestry",
          "Geography"
        ],
        "format": "Dissertation",
        "publishDate": "1995",
        "building": [
          "Glacier National Park (GLAC)"
        ],
        "Title": "Carbon balance modeling at the alpine treeline ecotone in Glacier National Park, Montana",
        "Link": "https://irma.nps.gov/DataStore/Reference/Profile/2291557"
      },
      "geometry": {
        "type": "Point",
        "coordinates": [-113.8587, 48.7468]
      }
    },
    {
      "type": "Feature",
      "properties": {
        "id": "irma-2293036",
        "institution": [
          "National Park Service (NPS)"
        ],
        "collection": [
          "NPS - IRMA"
        ],
        "topic": [
          "biography",
          "George Bird Grinnell",
          "park establishment"
        ],
        "format": "Dissertation",
        "publishDate": "1995",
        "building": [
          "Glacier National Park (GLAC)"
        ],
        "Title": "Preserving a vision of the American West: The life of George Bird Grinnell",
        "Link": "https://irma.nps.gov/DataStore/Reference/Profile/2293036"
      },
      "geometry": {
        "type": "Point",
        "coordinates": [-113.8587, 48.7468]
      }
    },
    {
      "type": "Feature",
      "properties": {
        "id": "irma-2293039",
        "institution": [
          "National Park Service (NPS)"
        ],
        "collection": [
          "NPS - IRMA"
        ],
        "topic": [
          "alpine",
          "treeline",
          "vegetation"
        ],
        "format": "Dissertation",
        "publishDate": "1995",
        "building": [
          "Glacier National Park (GLAC)"
        ],
        "Title": "Relationships between spatial pattern and environment at the alpine treeline ecotone, Glacier National Park, Montana",
        "Link": "https://irma.nps.gov/DataStore/Reference/Profile/2293039"
      },
      "geometry": {
        "type": "Point",
        "coordinates": [-113.8587, 48.7468]
      }
    },
    {
      "type": "Feature",
      "properties": {
        "id": "irma-2256534",
        "institution": [
          "National Park Service (NPS)"
        ],
        "collection": [
          "NPS - IRMA"
        ],
        "topic": [
          "APHN",
          "Appalachian Highlands Network",
          "economics",
          "Great Smoky Mountains National Park",
          "GRSM",
          "SER",
          "social science",
          "Southeast Region",
          "tourism",
          "visitation"
        ],
        "format": "Dissertation",
        "publishDate": "1995",
        "building": [
          "Great Smoky Mountains National Park (GRSM)"
        ],
        "Title": "The Evolving Economic Impact of Tourism on the Greater Smoky Mountain Region of East Tennessee and Western North Carolina",
        "Link": "https://irma.nps.gov/DataStore/Reference/Profile/2256534"
      },
      "geometry": {
        "type": "Point",
        "coordinates": [-83.5282, 35.5716]
      }
    },
    {
      "type": "Feature",
      "properties": {
        "id": "irma-2291558",
        "institution": [
          "National Park Service (NPS)"
        ],
        "collection": [
          "NPS - IRMA"
        ],
        "topic": [
          "Botany",
          "Ecology",
          "Geography",
          "Remote sensing"
        ],
        "format": "Dissertation",
        "publishDate": "1995",
        "building": [
          "Glacier National Park (GLAC)"
        ],
        "Title": "Topographic modeling of habitat suitability in the alpine tundra ecosystem: An integrated geographic information systems approach",
        "Link": "https://irma.nps.gov/DataStore/Reference/Profile/2291558"
      },
      "geometry": {
        "type": "Point",
        "coordinates": [-113.8587, 48.7468]
      }
    },
    {
      "type": "Feature",
      "properties": {
        "id": "irma-17748",
        "institution": [
          "National Park Service (NPS)"
        ],
        "collection": [
          "NPS - IRMA"
        ],
        "topic": [
          "Animal Studies",
          "APHN",
          "Appalachian Highlands Network",
          "Black Bear (Ursus americanus)",
          "Great Smoky Mountains National Park",
          "GRSM",
          "GRSM-00025",
          "Habitats",
          "Movement (Animal)",
          "Range",
          "SER",
          "Southeast Region"
        ],
        "format": "Dissertation",
        "publishDate": "1994",
        "building": [
          "Great Smoky Mountains National Park (GRSM)"
        ],
        "Title": "Black Bear Habitat Use in Great Smoky Mountains National Park",
        "Link": "https://irma.nps.gov/DataStore/Reference/Profile/17748"
      },
      "geometry": {
        "type": "Point",
        "coordinates": [-83.5282, 35.5716]
      }
    },
    {
      "type": "Feature",
      "properties": {
        "id": "irma-2165303",
        "institution": [
          "National Park Service (NPS)"
        ],
        "collection": [
          "NPS - IRMA"
        ],
        "topic": [
          "common language",
          "Communication",
          "conversations",
          "Framework",
          "human interaction",
          "humanities",
          "Philosophy"
        ],
        "format": "Dissertation",
        "publishDate": "1994",
        "building": [
          "Cape Cod National Seashore (CACO)",
          "Indiana Dunes National Lakeshore (INDU)",
          "Point Reyes National Seashore (PORE)"
        ],
        "Title": "Perspectives/Visions/Actions in Landscape Decision-Making",
        "Link": "https://irma.nps.gov/DataStore/Reference/Profile/2165303"
      },
      "geometry": {
        "type": "MultiPoint",
        "coordinates": [
          [-70.087, 42.0506],
          [-87.0431, 41.6561],
          [-122.8649, 38.0556]
        ]
      }
    },
    {
      "type": "Feature",
      "properties": {
        "id": "irma-597373",
        "institution": [
          "National Park Service (NPS)"
        ],
        "collection": [
          "NPS - IRMA"
        ],
        "topic": [
          "Coastal/Marine Systems",
          "Conservation",
          "Terrestrial",
          "Vegetation",
          "Western Samoa"
        ],
        "format": "Dissertation",
        "publishDate": "1994",
        "building": [
          "National Park of American Samoa (NPSA)",
          "Pacific Islands Network (PACN)"
        ],
        "Title": "Planning new conservation areas in Western Samoa: a case study",
        "Link": "https://irma.nps.gov/DataStore/Reference/Profile/597373"
      },
      "geometry": {
        "type": "Point",
        "coordinates": [-170.689, -14.259]
      }
    },
    {
      "type": "Feature",
      "properties": {
        "id": "irma-106687",
        "institution": [
          "National Park Service (NPS)"
        ],
        "collection": [
          "NPS - IRMA"
        ],
        "topic": [
          "Animal Studies",
          "Black Bear (Ursus americanus)",
          "Defoliation",
          "Dissertation",
          "Ecology",
          "Gypsy Moth (Lymantria dispar)",
          "Habitat Use",
          "Impacts",
          "Mammals",
          "Population",
          "Population Dynamics",
          "Radio Telemetry"
        ],
        "format": "Dissertation",
        "publishDate": "1994",
        "building": [
          "Shenandoah National Park (SHEN)"
        ],
        "Title": "Response of black bears to gypsy moth infestation in Shenandoah National Park",
        "Link": "https://irma.nps.gov/DataStore/Reference/Profile/106687"
      },
      "geometry": {
        "type": "Point",
        "coordinates": [-78.5008, 38.3518]
      }
    },
    {
      "type": "Feature",
      "properties": {
        "id": "irma-53969",
        "institution": [
          "National Park Service (NPS)"
        ],
        "collection": [
          "NPS - IRMA"
        ],
        "topic": [
          "constraints",
          "geochemistry",
          "lava",
          "lithology",
          "magma",
          "magmatic evolution",
          "mineralogical",
          "mixing",
          "Physical Sciences",
          "stratigraphy",
          "Volcanism"
        ],
        "format": "Dissertation",
        "publishDate": "1993",
        "building": [
          "Lassen Volcanic National Park (LAVO)"
        ],
        "Title": "Geological studies of the Lassen Volcanic Center, Cascade Range, California",
        "Link": "https://irma.nps.gov/DataStore/Reference/Profile/53969"
      },
      "geometry": {
        "type": "Point",
        "coordinates": [-121.4121, 40.4862]
      }
    },
    {
      "type": "Feature",
      "properties": {
        "id": "irma-2256530",
        "institution": [
          "National Park Service (NPS)"
        ],
        "collection": [
          "NPS - IRMA"
        ],
        "topic": [
          "Alleghanian orogeny",
          "anticline",
          "APHN",
          "Appalachian Highlands Network",
          "deformation",
          "geology",
          "Great Smoky Mountains National Park",
          "Greenbrier fault",
          "GRSM",
          "Miller Cove fault",
          "SER",
          "Southeast Region",
          "Taconic"
        ],
        "format": "Dissertation",
        "publishDate": "1993",
        "building": [
          "Great Smoky Mountains National Park (GRSM)"
        ],
        "Title": "Structural Development, Strain History, and Timing of Deformation in the Eastern Great Smoky Mountains",
        "Link": "https://irma.nps.gov/DataStore/Reference/Profile/2256530"
      },
      "geometry": {
        "type": "Point",
        "coordinates": [-83.5282, 35.5716]
      }
    },
    {
      "type": "Feature",
      "properties": {
        "id": "irma-132901",
        "institution": [
          "National Park Service (NPS)"
        ],
        "collection": [
          "NPS - IRMA"
        ],
        "topic": [
          "APHN",
          "Appalachian Highlands Network",
          "Great Smoky Mountains National Park",
          "GRSM",
          "SER",
          "Southeast Region",
          "vascular plants"
        ],
        "format": "Dissertation",
        "publishDate": "1993",
        "building": [
          "Great Smoky Mountains National Park (GRSM)"
        ],
        "Title": "The vegetation of Great Smoky Mountains National Park: Past, present, and future",
        "Link": "https://irma.nps.gov/DataStore/Reference/Profile/132901"
      },
      "geometry": {
        "type": "Point",
        "coordinates": [-83.5282, 35.5716]
      }
    },
    {
      "type": "Feature",
      "properties": {
        "id": "irma-2256613",
        "institution": [
          "National Park Service (NPS)"
        ],
        "collection": [
          "NPS - IRMA"
        ],
        "topic": [
          "APHN",
          "Appalachian Highlands Network",
          "Great Smoky Mountains National Park",
          "GRSM",
          "park visitors",
          "recreation",
          "SER",
          "social science",
          "Southeast Region"
        ],
        "format": "Dissertation",
        "publishDate": "1992",
        "building": [
          "Great Smoky Mountains National Park (GRSM)"
        ],
        "Title": "Attitudinal and Perceptual Differences between Experienced and Novice National Park Users",
        "Link": "https://irma.nps.gov/DataStore/Reference/Profile/2256613"
      },
      "geometry": {
        "type": "Point",
        "coordinates": [-83.5282, 35.5716]
      }
    },
    {
      "type": "Feature",
      "properties": {
        "id": "irma-63780",
        "institution": [
          "National Park Service (NPS)"
        ],
        "collection": [
          "NPS - IRMA"
        ],
        "topic": [
          "Animal Studies",
          "Assateague Island National Seashore MD VA",
          "Barrier Islands",
          "Blood",
          "Feral Animals",
          "Genetics",
          "Horse (Equus caballus)",
          "Immunocontraception",
          "Management"
        ],
        "format": "Dissertation",
        "publishDate": "1991",
        "building": [
          "Assateague Island National Seashore (ASIS)",
          "Cumberland Island National Seashore (CUIS)"
        ],
        "Title": "Immunocontraception, genetic management, and demography of feral horses on four eastern US barrier islands",
        "Link": "https://irma.nps.gov/DataStore/Reference/Profile/63780"
      },
      "geometry": {
        "type": "MultiPoint",
        "coordinates": [
          [-75.2496, 38.039],
          [-81.4571, 30.7336]
        ]
      }
    },
    {
      "type": "Feature",
      "properties": {
        "id": "irma-30626",
        "institution": [
          "National Park Service (NPS)"
        ],
        "collection": [
          "NPS - IRMA"
        ],
        "topic": [
          "Animal Studies",
          "APHN",
          "Appalachian Highlands Network",
          "Black Bear (Ursus americanus)",
          "Great Smoky Mountains National Park",
          "GRSM",
          "Health",
          "Physiology",
          "reproductive status",
          "SER",
          "Southeast Region",
          "Threats",
          "Trapping"
        ],
        "format": "Dissertation",
        "publishDate": "1991",
        "building": [
          "Great Smoky Mountains National Park (GRSM)"
        ],
        "Title": "The Demographic and Morphological Characteristics of Black Bears in the Smoky Mountains",
        "Link": "https://irma.nps.gov/DataStore/Reference/Profile/30626"
      },
      "geometry": {
        "type": "Point",
        "coordinates": [-83.5282, 35.5716]
      }
    },
    {
      "type": "Feature",
      "properties": {
        "id": "irma-36297",
        "institution": [
          "National Park Service (NPS)"
        ],
        "collection": [
          "NPS - IRMA"
        ],
        "topic": [
          "Animal Studies",
          "Caves",
          "Common Cave Cricket (Hadenoecus subterraneus)",
          "Competition (Species)",
          "Eggs",
          "Feeding",
          "Foraging",
          "Great Onyx Cave Mammoth Cave National Park Ky",
          "Little Beauty Cave Mammoth Cave National Park KY",
          "Neaphaenops tellkampfi (Ground Beetle)",
          "Population Density",
          "Predation",
          "Soil Moisture"
        ],
        "format": "Dissertation",
        "publishDate": "1990",
        "building": [
          "Mammoth Cave National Park (MACA)"
        ],
        "Title": "Ecology and evolution of predatory behavior in the carabid cave beetle Neaphaenops tellkampfi",
        "Link": "https://irma.nps.gov/DataStore/Reference/Profile/36297"
      },
      "geometry": {
        "type": "Point",
        "coordinates": [-86.1454, 37.1316]
      }
    },
    {
      "type": "Feature",
      "properties": {
        "id": "irma-2179789",
        "institution": [
          "National Park Service (NPS)"
        ],
        "collection": [
          "NPS - IRMA"
        ],
        "topic": [
          "Distribution",
          "Maine"
        ],
        "format": "Dissertation",
        "publishDate": "1990",
        "building": [
          "Acadia National Park (ACAD)"
        ],
        "Title": "The mayflies (Ephemeroptera) of Maine: A faunal survey, Part 1 and taxonomy of the Leptophlebiidae, Potamanthidae, Polymitarcyidae, and Ephemeridae, Part 2",
        "Link": "https://irma.nps.gov/DataStore/Reference/Profile/2179789"
      },
      "geometry": {
        "type": "Point",
        "coordinates": [-68.2397, 44.3594]
      }
    },
    {
      "type": "Feature",
      "properties": {
        "id": "irma-338185",
        "institution": [
          "National Park Service (NPS)"
        ],
        "collection": [
          "NPS - IRMA"
        ],
        "topic": [
          "Attitudes",
          "Grizzly Bear (Ursus arctos)",
          "Management",
          "Preservation",
          "Recreation",
          "Visitors",
          "Yellowstone National Park ID MT WY"
        ],
        "format": "Dissertation",
        "publishDate": "1989",
        "building": [
          "Glacier National Park (GLAC)"
        ],
        "Title": "A content analysis of communications to determine the American world view of wilderness and grizzly bears",
        "Link": "https://irma.nps.gov/DataStore/Reference/Profile/338185"
      },
      "geometry": {
        "type": "Point",
        "coordinates": [-113.8587, 48.7468]
      }
    },
    {
      "type": "Feature",
      "properties": {
        "id": "irma-22295",
        "institution": [
          "National Park Service (NPS)"
        ],
        "collection": [
          "NPS - IRMA"
        ],
        "topic": [
          "Disease",
          "Ecology",
          "Environmental Impact",
          "Fire History",
          "Fire Suppression",
          "Geographic Information System (GIS)",
          "Grazing",
          "Historic Vegetation",
          "Jemez Mountains NM",
          "Landscape Ecology",
          "Management",
          "Succession",
          "Vegetation"
        ],
        "format": "Dissertation",
        "publishDate": "1989",
        "building": [
          "Bandelier National Monument (BAND)"
        ],
        "Title": "Changes in the landscape of the Jemez Mountains, New Mexico",
        "Link": "https://irma.nps.gov/DataStore/Reference/Profile/22295"
      },
      "geometry": {
        "type": "Point",
        "coordinates": [-106.3573, 35.8188]
      }
    },
    {
      "type": "Feature",
      "properties": {
        "id": "irma-663444",
        "institution": [
          "National Park Service (NPS)"
        ],
        "collection": [
          "NPS - IRMA"
        ],
        "topic": [
          "Barrier Island",
          "deer population",
          "Fire Island National Seashore",
          "Habitat",
          "Lyme Disease"
        ],
        "format": "Dissertation",
        "publishDate": "1989",
        "building": [
          "Fire Island National Seashore (FIIS)"
        ],
        "Title": "Population Dynamics, Habitat Relationships, Physiological Parameters, Lyme Disease, and Management of a Barrier Island White-tailed Deer Population",
        "Link": "https://irma.nps.gov/DataStore/Reference/Profile/663444"
      },
      "geometry": {
        "type": "Point",
        "coordinates": [-72.9943, 40.6918]
      }
    },
    {
      "type": "Feature",
      "properties": {
        "id": "irma-2305137",
        "institution": [
          "National Park Service (NPS)"
        ],
        "collection": [
          "NPS - IRMA"
        ],
        "topic": [
          "CCC",
          "Civilian Conservation Corps"
        ],
        "format": "Dissertation",
        "publishDate": "1973",
        "building": [
          "Glacier National Park (GLAC)",
          "Yellowstone National Park (YELL)"
        ],
        "Title": "The Civilian Conservation Corps in the Northern Rocky Mountains",
        "Link": "https://irma.nps.gov/DataStore/Reference/Profile/2305137"
      },
      "geometry": {
        "type": "MultiPoint",
        "coordinates": [
          [-113.8587, 48.7468],
          [-110.4901, 44.5813]
        ]
      }
    },
    {
      "type": "Feature",
      "properties": {
        "id": "irma-2252868",
        "institution": [
          "National Park Service (NPS)"
        ],
        "collection": [
          "NPS - IRMA"
        ],
        "topic": [
          "APHN",
          "Appalachian Highlands Network",
          "archaeology",
          "Big South Fork National River and Recreation Area",
          "BISO",
          "Cumberland Plateau",
          "geology",
          "SER",
          "Southeast Region"
        ],
        "format": "Dissertation",
        "publishDate": "1988",
        "building": [
          "Big South Fork National River and Recreation Area (BISO)"
        ],
        "Title": "Lithic Analysis and the Discovery of Prehistoric Man-Land Relationships in the Uplands of the Big South Fork of the Tennessee Cumberland Plateau",
        "Link": "https://irma.nps.gov/DataStore/Reference/Profile/2252868"
      },
      "geometry": {
        "type": "Point",
        "coordinates": [-84.6743, 36.3837]
      }
    },
    {
      "type": "Feature",
      "properties": {
        "id": "irma-2229431",
        "institution": [
          "National Park Service (NPS)"
        ],
        "collection": [
          "NPS - IRMA"
        ],
        "topic": [
          "APHN",
          "Appalachian Highlands Network",
          "Carex debilis",
          "Cyperaceae",
          "Great Smoky Mountains National Park",
          "GRSM",
          "Hymeenochlaenae",
          "sedges",
          "SER",
          "Sevier County",
          "Southeast Region",
          "systematics",
          "taxonomy",
          "vascular plants"
        ],
        "format": "Dissertation",
        "publishDate": "1988",
        "building": [
          "Great Smoky Mountains National Park (GRSM)"
        ],
        "Title": "Systematic Studies in Carex Section Hymenochlaenae Drejer (Cyperaceae)",
        "Link": "https://irma.nps.gov/DataStore/Reference/Profile/2229431"
      },
      "geometry": {
        "type": "Point",
        "coordinates": [-83.5282, 35.5716]
      }
    },
    {
      "type": "Feature",
      "properties": {
        "id": "irma-2263414",
        "institution": [
          "National Park Service (NPS)"
        ],
        "collection": [
          "NPS - IRMA"
        ],
        "topic": [
          ""
        ],
        "format": "Dissertation",
        "publishDate": "1988",
        "building": [
          "Bandelier National Monument (BAND)",
          "Valles Caldera National Preserve (VALL)"
        ],
        "Title": "Textural Lamellae in a Lithosequence of Volcanic Soils, Jemez Mountains, New Mexico",
        "Link": "https://irma.nps.gov/DataStore/Reference/Profile/2263414"
      },
      "geometry": {
        "type": "MultiPoint",
        "coordinates": [
          [-106.3573, 35.8188],
          [-106.4912, 35.8567]
        ]
      }
    },
    {
      "type": "Feature",
      "properties": {
        "id": "irma-2245852",
        "institution": [
          "National Park Service (NPS)"
        ],
        "collection": [
          "NPS - IRMA"
        ],
        "topic": [
          "APHN",
          "Appalachian Highlands Network",
          "biodiversity",
          "Great Smoky Mountains National Park",
          "GRSM",
          "Hemiptera",
          "Heteroptera",
          "Insecta",
          "Pentatomidae",
          "SER",
          "Southeast Region",
          "taxonomy",
          "Thyanta calceata",
          "Thyanta custator accerra"
        ],
        "format": "Dissertation",
        "publishDate": "1988",
        "building": [
          "Big Bend National Park (BIBE)",
          "Channel Islands National Park (CHIS)",
          "Death Valley National Park (DEVA)",
          "Everglades National Park (EVER)",
          "Great Smoky Mountains National Park (GRSM)",
          "Guadalupe Mountains National Park (GUMO)",
          "Horseshoe Bend National Military Park (HOBE)",
          "Hot Springs National Park (HOSP)",
          "Joshua Tree National Park (JOTR)",
          "Kings Canyon National Park (KICA)",
          "Lassen Volcanic National Park (LAVO)",
          "Mesa Verde National Park (MEVE)",
          "Oregon Caves National Monument (ORCA)",
          "Organ Pipe Cactus National Monument (ORPI)",
          "Saguaro National Park (SAGU)",
          "Sequoia National Park (SEQU)",
          "Virgin Islands National Park (VIIS)",
          "Yosemite National Park (YOSE)",
          "Zion National Park (ZION)"
        ],
        "Title": "The Systematics of the Genus Thyanta Stal (Hemiptera: Heteroptera: Pentatomidae)",
        "Link": "https://irma.nps.gov/DataStore/Reference/Profile/2245852"
      },
      "geometry": {
        "type": "MultiPoint",
        "coordinates": [
          [-103.3111, 29.0104],
          [-119.7252, 34.0039],
          [-117.139, 36.5676],
          [-80.9535, 25.2718],
          [-83.5282, 35.5716],
          [-104.8683, 31.9069],
          [-85.7318, 32.9744],
          [-93.0659, 34.5083],
          [-115.8601, 33.827],
          [-118.5938, 36.8745],
          [-121.4121, 40.4862],
          [-108.4472, 37.2271],
          [-123.4037, 42.0953],
          [-112.8466, 32.0447],
          [-110.619, 32.1803],
          [-118.515, 36.509],
          [-64.7399, 18.3439],
          [-119.5404, 37.8399],
          [-113.0457, 37.2794]
        ]
      }
    },
    {
      "type": "Feature",
      "properties": {
        "id": "irma-2179791",
        "institution": [
          "National Park Service (NPS)"
        ],
        "collection": [
          "NPS - IRMA"
        ],
        "topic": [
          "Air Pollution",
          "Air Quality",
          "Distribution",
          "Disturbance",
          "Eagle Lake",
          "FIRE",
          "Fire Ecology",
          "Forest",
          "Isle Au Haut",
          "Mount Desert Island",
          "Natural Resource Management",
          "Ozone (O3)",
          "Parkman Mountain",
          "Pemetic Mountain",
          "Permanent Plots",
          "pH",
          "Plants",
          "Plots",
          "Pollution"
        ],
        "format": "Dissertation",
        "publishDate": "1987",
        "building": [
          "Acadia National Park (ACAD)"
        ],
        "Title": "Ecosystem Disturbance and Forest Development in Acadia National Park",
        "Link": "https://irma.nps.gov/DataStore/Reference/Profile/2179791"
      },
      "geometry": {
        "type": "Point",
        "coordinates": [-68.2397, 44.3594]
      }
    },
    {
      "type": "Feature",
      "properties": {
        "id": "irma-168915",
        "institution": [
          "National Park Service (NPS)"
        ],
        "collection": [
          "NPS - IRMA"
        ],
        "topic": [
          "Acid Deposition",
          "Acid Rain",
          "Air Pollution",
          "Brooks Lake",
          "Brooks Lake drainage",
          "Dumpling Mountain",
          "Katmai National Park And Preserve",
          "Lakes",
          "Lichen (Mycophycophyta)",
          "Nitrogen Fixation",
          "Plants",
          "Pollution",
          "Productivity",
          "Water Chemistry"
        ],
        "format": "Dissertation",
        "publishDate": "1987",
        "building": [
          "Katmai National Park and Preserve (KATM)"
        ],
        "Title": "Nitrogen cycling in a subarctic Alaskan watershed: the role of lichens and the potential effects of acid deposition",
        "Link": "https://irma.nps.gov/DataStore/Reference/Profile/168915"
      },
      "geometry": {
        "type": "Point",
        "coordinates": [-154.8894, 58.5661]
      }
    },
    {
      "type": "Feature",
      "properties": {
        "id": "irma-2253087",
        "institution": [
          "National Park Service (NPS)"
        ],
        "collection": [
          "NPS - IRMA"
        ],
        "topic": [
          "APHN",
          "Appalachian Highlands Network",
          "Archaeology",
          "Big South Fork National River and Recreation Area",
          "BISO",
          "rockshelters",
          "SER",
          "Southeast Region",
          "taphonomy",
          "zooarcheology"
        ],
        "format": "Dissertation",
        "publishDate": "1987",
        "building": [
          "Big South Fork National River and Recreation Area (BISO)"
        ],
        "Title": "Taphonomy and Zooarcheology of the Rockshelters of the Big South Fork River Area of the Cumberland Plateau, Tennessee and Kentucky",
        "Link": "https://irma.nps.gov/DataStore/Reference/Profile/2253087"
      },
      "geometry": {
        "type": "Point",
        "coordinates": [-84.6743, 36.3837]
      }
    },
    {
      "type": "Feature",
      "properties": {
        "id": "irma-36719",
        "institution": [
          "National Park Service (NPS)"
        ],
        "collection": [
          "NPS - IRMA"
        ],
        "topic": [
          "Animal Studies",
          "Carrying Capacity",
          "Copper (Cu)",
          "deformities (morphologic)",
          "Diet",
          "Grassland",
          "Habitat Suitability",
          "Health",
          "Johne's disease (Mycobacterium paratuberculosis)",
          "Mule Deer (Odocoileus hemionus)",
          "Nutrition",
          "Population Density",
          "Rodents (Rodentia)",
          "Social Behavior",
          "Tule Elk (Cervus elaphus nannodes)",
          "Vegetation"
        ],
        "format": "Dissertation",
        "publishDate": "1986",
        "building": [
          "Point Reyes National Seashore (PORE)"
        ],
        "Title": "Ecology of the Tule Elk Range, Point Reyes National Seashore",
        "Link": "https://irma.nps.gov/DataStore/Reference/Profile/36719"
      },
      "geometry": {
        "type": "Point",
        "coordinates": [-122.8649, 38.0556]
      }
    },
    {
      "type": "Feature",
      "properties": {
        "id": "irma-2245825",
        "institution": [
          "National Park Service (NPS)"
        ],
        "collection": [
          "NPS - IRMA"
        ],
        "topic": [
          "APHN",
          "Appalachian Highlands Network",
          "basidiomycetes",
          "ectomycorrhizal fungi",
          "forest health",
          "fungi",
          "Great Smoky Mountains National Park",
          "GRSM",
          "Russulaceae",
          "SER",
          "Southeast Region"
        ],
        "format": "Dissertation",
        "publishDate": "1985",
        "building": [
          "Great Smoky Mountains National Park (GRSM)"
        ],
        "Title": "Ecological and Taxonomic Studies of the Russulaceae and other Ectomycorrhizal Basidiomycetes in the High-elevation Forests of the Southern Appalachians",
        "Link": "https://irma.nps.gov/DataStore/Reference/Profile/2245825"
      },
      "geometry": {
        "type": "Point",
        "coordinates": [-83.5282, 35.5716]
      }
    },
    {
      "type": "Feature",
      "properties": {
        "id": "irma-63463",
        "institution": [
          "National Park Service (NPS)"
        ],
        "collection": [
          "NPS - IRMA"
        ],
        "topic": [
          "Chemistry",
          "Commonwealth of the Northern Mariana Islands (CNMI)",
          "Guam",
          "Marine",
          "metabolites",
          "Physical Sciences",
          "Sponges (Porifera)"
        ],
        "format": "Dissertation",
        "publishDate": "1986",
        "building": [
          "Pacific Islands Network (PACN)",
          "War in the Pacific National Historical Park (WAPA)"
        ],
        "Title": "Structure determination of brominated tyrosine-derived metabolites from an unidentified marine sponge from Guam",
        "Link": "https://irma.nps.gov/DataStore/Reference/Profile/63463"
      },
      "geometry": {
        "type": "Point",
        "coordinates": [144.6534, 13.3896]
      }
    },
    {
      "type": "Feature",
      "properties": {
        "id": "irma-49044",
        "institution": [
          "National Park Service (NPS)"
        ],
        "collection": [
          "NPS - IRMA"
        ],
        "topic": [
          "Fungi",
          "Great Smoky Mountains National Park",
          "NC",
          "TN"
        ],
        "format": "Dissertation",
        "publishDate": "1985",
        "building": [
          "Great Smoky Mountains National Park (GRSM)"
        ],
        "Title": "A floristic and taxonomic study of the wood- rotting Aphyllophorales of the spruce-fir forest of the Great Smoky Mountains National Park (Resupinate fungi, history, Southern Appalachians)",
        "Link": "https://irma.nps.gov/DataStore/Reference/Profile/49044"
      },
      "geometry": {
        "type": "Point",
        "coordinates": [-83.5282, 35.5716]
      }
    },
    {
      "type": "Feature",
      "properties": {
        "id": "irma-67054",
        "institution": [
          "National Park Service (NPS)"
        ],
        "collection": [
          "NPS - IRMA"
        ],
        "topic": [
          "Abies fraseri",
          "Adelges piceae",
          "Animal Studies",
          "APHN",
          "Appalachian Highlands Network",
          "Balsam Woolly Adelgid",
          "Fraser Fir",
          "Great Smoky Mountains National Park",
          "GRSM",
          "GRSM-01756",
          "Insects (Insecta)",
          "SER",
          "Southeast Region"
        ],
        "format": "Dissertation",
        "publishDate": "1985",
        "building": [
          "Great Smoky Mountains National Park (GRSM)"
        ],
        "Title": "Investigations of Balsam Woolly Aphid-Fraser Fir Interaction: Feed Site Characteristics and Wound Response",
        "Link": "https://irma.nps.gov/DataStore/Reference/Profile/67054"
      },
      "geometry": {
        "type": "Point",
        "coordinates": [-83.5282, 35.5716]
      }
    },
    {
      "type": "Feature",
      "properties": {
        "id": "irma-338201",
        "institution": [
          "National Park Service (NPS)"
        ],
        "collection": [
          "NPS - IRMA"
        ],
        "topic": [
          "Animal Studies",
          "Elk (Cervus elaphus)",
          "Habitats",
          "Moose (Alces alces)",
          "North Fork Flathead River MT",
          "sympatry",
          "White-Tailed Deer (Odocoileus virginianus)",
          "Winter"
        ],
        "format": "Dissertation",
        "publishDate": "1985",
        "building": [
          "Glacier National Park (GLAC)"
        ],
        "Title": "Winter habitat and niche relationships of sympatric cervids along the North Fork of the Flathead River, Montana (white-tailed deer, Rocky Mountain elk, Shiras moose, competition, nutritional ecology)",
        "Link": "https://irma.nps.gov/DataStore/Reference/Profile/338201"
      },
      "geometry": {
        "type": "Point",
        "coordinates": [-113.8587, 48.7468]
      }
    },
    {
      "type": "Feature",
      "properties": {
        "id": "irma-22628",
        "institution": [
          "National Park Service (NPS)"
        ],
        "collection": [
          "NPS - IRMA"
        ],
        "topic": [
          "Grain Size",
          "Intrusion",
          "Physical Sciences",
          "Rockfalls",
          "Sediment Transport",
          "Volcanism"
        ],
        "format": "Dissertation",
        "publishDate": "1984",
        "building": [
          "Lassen Volcanic National Park (LAVO)"
        ],
        "Title": "Characteristics of volcanic blasts, mudflows and rock-fall avalanches in Lassen Volcanic National Park, California",
        "Link": "https://irma.nps.gov/DataStore/Reference/Profile/22628"
      },
      "geometry": {
        "type": "Point",
        "coordinates": [-121.4121, 40.4862]
      }
    },
    {
      "type": "Feature",
      "properties": {
        "id": "irma-63451",
        "institution": [
          "National Park Service (NPS)"
        ],
        "collection": [
          "NPS - IRMA"
        ],
        "topic": [
          "Animal Studies",
          "Asterospicularia randalli (a soft coral)",
          "Chemistry",
          "Coral",
          "Gorgonian Leptogorgia setacea",
          "Guam",
          "nudibranchs",
          "Tridachia crispata (a nudibranch)"
        ],
        "format": "Dissertation",
        "publishDate": "1984",
        "building": [
          "Pacific Islands Network (PACN)",
          "War in the Pacific National Historical Park (WAPA)"
        ],
        "Title": "I An investigation into the natural products chemistry of the soft coral Asterospicularia randalli II An investigation into the natural products chemistry of the nudibranch Tridachia crispata (See notes section for Part III)",
        "Link": "https://irma.nps.gov/DataStore/Reference/Profile/63451"
      },
      "geometry": {
        "type": "Point",
        "coordinates": [144.6534, 13.3896]
      }
    },
    {
      "type": "Feature",
      "properties": {
        "id": "irma-2227359",
        "institution": [
          "National Park Service (NPS)"
        ],
        "collection": [
          "NPS - IRMA"
        ],
        "topic": [
          "black locust",
          "chromosome number",
          "Foothills Parkway",
          "genetics",
          "Leguminosae",
          "Papilionoideae",
          "phenology",
          "Robinia",
          "taxonomy"
        ],
        "format": "Dissertation",
        "publishDate": "1984",
        "building": [
          "Great Smoky Mountains National Park (GRSM)"
        ],
        "Title": "Revision of the genus Robinia (Leguminosae: Papilionoideae)",
        "Link": "https://irma.nps.gov/DataStore/Reference/Profile/2227359"
      },
      "geometry": {
        "type": "Point",
        "coordinates": [-83.5282, 35.5716]
      }
    },
    {
      "type": "Feature",
      "properties": {
        "id": "irma-11231",
        "institution": [
          "National Park Service (NPS)"
        ],
        "collection": [
          "NPS - IRMA"
        ],
        "topic": [
          "Arrigetch Creek Valley ",
          "Bryophytes",
          "Ecology",
          "Ecosystems",
          "Flora",
          "Gates Of The Arctic National Park And Preserve",
          "Lichen (Mycophycophyta)",
          "Phytogeography",
          "Plant Studies",
          "Plants",
          "Tundra",
          "Vegetation"
        ],
        "format": "Dissertation",
        "publishDate": "1983",
        "building": [
          "Aniakchak National Monument and Preserve (ANIA)",
          "Gates of the Arctic National Park and Preserve (GAAR)"
        ],
        "Title": "Arctic-alpine tundra ecosystems of the Arrigetch Creek valley, central Brooks Range, Alaska",
        "Link": "https://irma.nps.gov/DataStore/Reference/Profile/11231"
      },
      "geometry": {
        "type": "MultiPoint",
        "coordinates": [
          [-158.0973, 56.9011],
          [-153.3869, 67.869]
        ]
      }
    },
    {
      "type": "Feature",
      "properties": {
        "id": "irma-2229433",
        "institution": [
          "National Park Service (NPS)"
        ],
        "collection": [
          "NPS - IRMA"
        ],
        "topic": [
          "Amanita",
          "APHN",
          "Appalachian Highlands Network",
          "Cades Cove",
          "chemicals",
          "chemotaxonomy",
          "fungi",
          "Great Smoky Mountains National Park",
          "GRSM",
          "metabolites",
          "SER",
          "Southeast Region",
          "toxins",
          "Tremont"
        ],
        "format": "Dissertation",
        "publishDate": "1982",
        "building": [
          "Great Smoky Mountains National Park (GRSM)"
        ],
        "Title": "A Chemotaxonomic Evaluation of Selected Members of the Genus Amanita",
        "Link": "https://irma.nps.gov/DataStore/Reference/Profile/2229433"
      },
      "geometry": {
        "type": "Point",
        "coordinates": [-83.5282, 35.5716]
      }
    },
    {
      "type": "Feature",
      "properties": {
        "id": "irma-2225421",
        "institution": [
          "National Park Service (NPS)"
        ],
        "collection": [
          "NPS - IRMA"
        ],
        "topic": [
          "APHN",
          "Appalachian Highlands Network",
          "biodiversity",
          "caddisfly",
          "Deep Creek",
          "Great Smoky Mountains National Park",
          "GRSM",
          "Insecta",
          "Limnephilidae",
          "SER",
          "Southeast Region",
          "Taxonomy",
          "Trichoptera"
        ],
        "format": "Dissertation",
        "publishDate": "1982",
        "building": [
          "Great Smoky Mountains National Park (GRSM)"
        ],
        "Title": "A Review of the Adults and Larvae of the Genus Pycnopsyche (Trichoptera: Limnephilidae) with Revision of the Pycnopsyche scabripennis (Rambur) and Pycnopsyche lepida (Hagen) Complexes",
        "Link": "https://irma.nps.gov/DataStore/Reference/Profile/2225421"
      },
      "geometry": {
        "type": "Point",
        "coordinates": [-83.5282, 35.5716]
      }
    },
    {
      "type": "Feature",
      "properties": {
        "id": "irma-20739",
        "institution": [
          "National Park Service (NPS)"
        ],
        "collection": [
          "NPS - IRMA"
        ],
        "topic": [
          "Carbonates",
          "Diagenesis",
          "Physical Sciences",
          "Salt River Bay",
          "St. Croix",
          "US Virgin Islands"
        ],
        "format": "Dissertation",
        "publishDate": "1982",
        "building": [
          "Salt River Bay National Historical Park and Ecological Preserve (SARI)"
        ],
        "Title": "Carbonate and Clay Mineral Reactions in a Modern Mixing Zone Environment, Salt River Estuary, St Croix, US Virgin Islands",
        "Link": "https://irma.nps.gov/DataStore/Reference/Profile/20739"
      },
      "geometry": {
        "type": "Point",
        "coordinates": [-64.7558, 17.7645]
      }
    },
    {
      "type": "Feature",
      "properties": {
        "id": "irma-2169857",
        "institution": [
          "National Park Service (NPS)"
        ],
        "collection": [
          "NPS - IRMA"
        ],
        "topic": [
          "Colony Characteristics of Least Terns",
          "Distribution of Least Terns",
          "Least Terns Breeding",
          "Padre Island National Seashore",
          "PAIS",
          "Population Status of Least Terns"
        ],
        "format": "Dissertation",
        "publishDate": "1982",
        "building": [
          "Padre Island National Seashore (PAIS)"
        ],
        "Title": "Distribution, Colony Characteristics, And Population Status of Least Terns Breeding on the Texas Coast",
        "Link": "https://irma.nps.gov/DataStore/Reference/Profile/2169857"
      },
      "geometry": {
        "type": "Point",
        "coordinates": [-97.3407, 26.7037]
      }
    },
    {
      "type": "Feature",
      "properties": {
        "id": "irma-2225633",
        "institution": [
          "National Park Service (NPS)"
        ],
        "collection": [
          "NPS - IRMA"
        ],
        "topic": [
          "anisoptera",
          "APHN",
          "Appalachian Highlands Network",
          "biodiversity",
          "Biogeography",
          "Distribution",
          "dragonfly",
          "Great Smoky Mountains National Park",
          "GRSM",
          "Insects",
          "Key",
          "nymphs",
          "Odonata",
          "odonate",
          "SER",
          "Southeast Region"
        ],
        "format": "Dissertation",
        "publishDate": "1982",
        "building": [
          "Great Smoky Mountains National Park (GRSM)",
          "Natchez Trace Parkway (NATR)"
        ],
        "Title": "Lotic dragonfly (Anisoptera: Odonata) nymphs of the Southeastern United States: identification, distribution and historical biogeography",
        "Link": "https://irma.nps.gov/DataStore/Reference/Profile/2225633"
      },
      "geometry": {
        "type": "MultiPoint",
        "coordinates": [
          [-83.5282, 35.5716],
          [-89.6542, 32.87]
        ]
      }
    },
    {
      "type": "Feature",
      "properties": {
        "id": "irma-2229427",
        "institution": [
          "National Park Service (NPS)"
        ],
        "collection": [
          "NPS - IRMA"
        ],
        "topic": [
          "APHN",
          "Appalachian Highlands Network",
          "basidiomycetes",
          "Fungi",
          "Glacier Bay National Park and Preserve",
          "GLBA",
          "Grand Canyon National Park",
          "GRCA",
          "Great Smoky Mountains National Park",
          "GRSM",
          "key",
          "morphology",
          "Muir Woods National Monument",
          "MUWO",
          "new species",
          "Rocky Mountain National Park",
          "ROMO",
          "SER",
          "Southeast Region",
          "taxonomy"
        ],
        "format": "Dissertation",
        "publishDate": "1982",
        "building": [
          "Glacier Bay National Park and Preserve (GLBA)",
          "Grand Canyon National Park (GRCA)",
          "Great Smoky Mountains National Park (GRSM)",
          "Mount Rainier National Park (MORA)",
          "Muir Woods National Monument (MUWO)",
          "Rocky Mountain National Park (ROMO)"
        ],
        "Title": "The Genus Laccaria in North America Excluding Mexico",
        "Link": "https://irma.nps.gov/DataStore/Reference/Profile/2229427"
      },
      "geometry": {
        "type": "MultiPoint",
        "coordinates": [
          [-136.8654, 58.7004],
          [-112.7906, 36.3291],
          [-83.5282, 35.5716],
          [-121.6826, 46.8656],
          [-122.5707, 37.8921],
          [-105.7037, 40.3571]
        ]
      }
    },
    {
      "type": "Feature",
      "properties": {
        "id": "irma-2203342",
        "institution": [
          "National Park Service (NPS)"
        ],
        "collection": [
          "NPS - IRMA"
        ],
        "topic": [
          "Andesites",
          "Crater Lake",
          "Geology"
        ],
        "topic_facet": [
          {
            "key": "1014",
            "label": "Ecological Framework: Geology and Soils | Subsurface Geologic Processes | Volcanic Features and Processes",
            "description": {}
          }
        ],
        "format": "Dissertation",
        "publishDate": "1981",
        "building": [
          "Crater Lake National Park (CRLA)"
        ],
        "Title": "A model for the origin of calc-alkaline andesites at Crater Lake, Oregon",
        "Link": "https://irma.nps.gov/DataStore/Reference/Profile/2203342"
      },
      "geometry": {
        "type": "Point",
        "coordinates": [-122.1353, 42.9443]
      }
    },
    {
      "type": "Feature",
      "properties": {
        "id": "irma-36695",
        "institution": [
          "National Park Service (NPS)"
        ],
        "collection": [
          "NPS - IRMA"
        ],
        "topic": [
          "Animal Studies",
          "APHN",
          "Appalachian Highlands Network",
          "Cades Cove",
          "Common Raccoon",
          "Ecology",
          "Great Smoky Mountains National Park",
          "GRSM",
          "Procyon lotor",
          "SER",
          "Southeast Region"
        ],
        "format": "Dissertation",
        "publishDate": "1981",
        "building": [
          "Great Smoky Mountains National Park (GRSM)"
        ],
        "Title": "The Ecology of the Raccoon (Procyon lotor) in Cades Cove, Great Smoky Mountains National Park",
        "Link": "https://irma.nps.gov/DataStore/Reference/Profile/36695"
      },
      "geometry": {
        "type": "Point",
        "coordinates": [-83.5282, 35.5716]
      }
    },
    {
      "type": "Feature",
      "properties": {
        "id": "irma-650694",
        "institution": [
          "National Park Service (NPS)"
        ],
        "collection": [
          "NPS - IRMA"
        ],
        "topic": [
          "Mammals",
          "Padre Island",
          "Padre Islands",
          "Presence (Biodiversity)",
          "Rodents",
          "vegetation terrain"
        ],
        "format": "Dissertation",
        "publishDate": "1974",
        "building": [
          "Padre Island National Seashore (PAIS)"
        ],
        "Title": "Distribution and variation of rodents in different vegetation-terrain types on Padre Island",
        "Link": "https://irma.nps.gov/DataStore/Reference/Profile/650694"
      },
      "geometry": {
        "type": "Point",
        "coordinates": [-97.3407, 26.7037]
      }
    },
    {
      "type": "Feature",
      "properties": {
        "id": "irma-2195003",
        "institution": [
          "National Park Service (NPS)"
        ],
        "collection": [
          "NPS - IRMA"
        ],
        "topic": [
          "Dredging",
          "Impact",
          "Wetland"
        ],
        "topic_facet": [
          {
            "key": "1008",
            "label": "Ecological Framework: Geology and Soils | Geomorphology | Coastal/Oceanographic Features and Processes",
            "description": {}
          }
        ],
        "format": "Dissertation",
        "publishDate": "1978",
        "building": [
          "Jean Lafitte National Historical Park and Preserve (JELA)"
        ],
        "Title": "The Impact of Petroleum Dredging on Louisiana's Coastal Landscape: A Plant Biogeographical Analysis and Resouce Assessment of Spoil Bank Habitats in the Bayou Lafourche Delta",
        "Link": "https://irma.nps.gov/DataStore/Reference/Profile/2195003"
      },
      "geometry": {
        "type": "Point",
        "coordinates": [-90.1702, 29.802]
      }
    },
    {
      "type": "Feature",
      "properties": {
        "id": "irma-2225231",
        "institution": [
          "National Park Service (NPS)"
        ],
        "collection": [
          "NPS - IRMA"
        ],
        "topic": [
          "allelopathy",
          "Appalachian",
          "heath balds",
          "inhibition",
          "interference",
          "Kalmia",
          "litterfall",
          "Persistence",
          "phenols",
          "phytotoxins",
          "Resilience",
          "rhododendron",
          "root biomass",
          "seed rain",
          "Stability",
          "Succession"
        ],
        "topic_facet": [
          {
            "key": "1050",
            "label": "Ecological Framework: Biological Integrity | Focal Species or Communities | Vegetation Complex",
            "description": {}
          }
        ],
        "format": "Dissertation",
        "publishDate": "1978",
        "building": [
          "Blue Ridge Parkway (BLRI)",
          "Great Smoky Mountains National Park (GRSM)"
        ],
        "Title": "The Role of Allelopathic Interference in the Maintenance of Southern Appalachian Heath Balds",
        "Link": "https://irma.nps.gov/DataStore/Reference/Profile/2225231"
      },
      "geometry": {
        "type": "MultiPoint",
        "coordinates": [
          [-81.0706, 36.4365],
          [-83.5282, 35.5716]
        ]
      }
    },
    {
      "type": "Feature",
      "properties": {
        "id": "irma-2229345",
        "institution": [
          "National Park Service (NPS)"
        ],
        "collection": [
          "NPS - IRMA"
        ],
        "topic": [
          "Agaricales",
          "Agaricus",
          "Agaricus rodmani Peck",
          "Agaricus rubribrunnescens Murrill",
          "APHN",
          "Appalachian Highlands Network",
          "Cades Cove",
          "Elkmont",
          "fungi",
          "Great Smoky Mountains National Park",
          "GRSM",
          "Mt. LeConte",
          "new species",
          "Pickett State Park",
          "Rock Creek Park",
          "ROCR",
          "SER",
          "Southeast Region",
          "taxonomy"
        ],
        "format": "Dissertation",
        "publishDate": "1977",
        "building": [
          "Great Smoky Mountains National Park (GRSM)",
          "Rock Creek Park (ROCR)"
        ],
        "Title": "A Floristic Study of the Genus Agaricus for the Southeastern United States",
        "Link": "https://irma.nps.gov/DataStore/Reference/Profile/2229345"
      },
      "geometry": {
        "type": "MultiPoint",
        "coordinates": [
          [-83.5282, 35.5716],
          [-77.046, 38.9315]
        ]
      }
    },
    {
      "type": "Feature",
      "properties": {
        "id": "irma-2245866",
        "institution": [
          "National Park Service (NPS)"
        ],
        "collection": [
          "NPS - IRMA"
        ],
        "topic": [
          "APHN",
          "Appalachian Highlands Network",
          "benthic macroinvertebrates",
          "biodiversity",
          "caddisflies",
          "Great Smoky Mountains National Park",
          "GRSM",
          "Hydropsyche alhedra",
          "Hydropsyche bronta",
          "Hydropsyche macleodi",
          "Hydropsyche morosa",
          "Hydropsyche slossonae",
          "Insecata",
          "SER",
          "Southeast Region",
          "Trichoptera"
        ],
        "format": "Dissertation",
        "publishDate": "1977",
        "building": [
          "Blue Ridge Parkway (BLRI)",
          "Great Smoky Mountains National Park (GRSM)"
        ],
        "Title": "Larval Taxonomy of the Caddisfly Genus Hydropsyche in Eastern North America, with Notes on Biology and Distribution",
        "Link": "https://irma.nps.gov/DataStore/Reference/Profile/2245866"
      },
      "geometry": {
        "type": "MultiPoint",
        "coordinates": [
          [-81.0706, 36.4365],
          [-83.5282, 35.5716]
        ]
      }
    },
    {
      "type": "Feature",
      "properties": {
        "id": "irma-19958",
        "institution": [
          "National Park Service (NPS)"
        ],
        "collection": [
          "NPS - IRMA"
        ],
        "topic": [
          "APHN",
          "Appalachian Highlands Network",
          "Cades Cove",
          "Great Smoky Mountains National Park",
          "GRSM",
          "History",
          "Land Use",
          "SER",
          "Southeast Region"
        ],
        "format": "Dissertation",
        "publishDate": "1976",
        "building": [
          "Great Smoky Mountains National Park (GRSM)"
        ],
        "Title": "Cades Cove During the Nineteenth Century",
        "Link": "https://irma.nps.gov/DataStore/Reference/Profile/19958"
      },
      "geometry": {
        "type": "Point",
        "coordinates": [-83.5282, 35.5716]
      }
    },
    {
      "type": "Feature",
      "properties": {
        "id": "irma-338748",
        "institution": [
          "National Park Service (NPS)"
        ],
        "collection": [
          "NPS - IRMA"
        ],
        "topic": [
          "Clastic Rocks",
          "Montana disturbed belt",
          "Petrology",
          "Physical Sciences",
          "Sediment",
          "Shale"
        ],
        "format": "Dissertation",
        "publishDate": "1976",
        "building": [
          "Glacier National Park (GLAC)"
        ],
        "Title": "Relation of shale petrology to variations in physical properties of clastic sediment across the Montana Distrubed Belt",
        "Link": "https://irma.nps.gov/DataStore/Reference/Profile/338748"
      },
      "geometry": {
        "type": "Point",
        "coordinates": [-113.8587, 48.7468]
      }
    },
    {
      "type": "Feature",
      "properties": {
        "id": "irma-2226157",
        "institution": [
          "National Park Service (NPS)"
        ],
        "collection": [
          "NPS - IRMA"
        ],
        "topic": [
          "Abrams Creek",
          "beetle",
          "Cades Cove",
          "‎Calycanthaceae",
          "Cosby",
          "insect. coleopteran",
          "Park Headquarters",
          "pollinator",
          "sweetshrub",
          "vascular plants"
        ],
        "format": "Dissertation",
        "publishDate": "1975",
        "building": [
          "Great Smoky Mountains National Park (GRSM)"
        ],
        "Title": "Beetle Pollination of Calycanthus floridus L.: Pollinator Behavior as a Function of the Volatile Flower Oils.",
        "Link": "https://irma.nps.gov/DataStore/Reference/Profile/2226157"
      },
      "geometry": {
        "type": "Point",
        "coordinates": [-83.5282, 35.5716]
      }
    },
    {
      "type": "Feature",
      "properties": {
        "id": "irma-36927",
        "institution": [
          "National Park Service (NPS)"
        ],
        "collection": [
          "NPS - IRMA"
        ],
        "topic": [
          "coral sand",
          "Ecology",
          "Ecoregions",
          "Geomorphology",
          "Grain Size",
          "Lagoon Point Reef",
          "Mary Creek Reef",
          "Physical Sciences",
          "Reef Bay",
          "Sediment (Marine)",
          "Sediment Transport",
          "St. John",
          "Substrate",
          "US Virgin Islands",
          "Volcanic Rocks"
        ],
        "format": "Dissertation",
        "publishDate": "1975",
        "building": [
          "Virgin Islands National Park (VIIS)"
        ],
        "Title": "Ecozonation and Sediment Distribution of Three Reef Areas on St John, US Virgin Islands",
        "Link": "https://irma.nps.gov/DataStore/Reference/Profile/36927"
      },
      "geometry": {
        "type": "Point",
        "coordinates": [-64.7399, 18.3439]
      }
    },
    {
      "type": "Feature",
      "properties": {
        "id": "irma-71945",
        "institution": [
          "National Park Service (NPS)"
        ],
        "collection": [
          "NPS - IRMA"
        ],
        "topic": [
          "APHN",
          "Appalachian Highlands Network",
          "FIRE",
          "Great Smoky Mountains National Park",
          "GRSM",
          "Impacts",
          "Lightning",
          "Plant Studies",
          "SER",
          "Southeast Region"
        ],
        "format": "Dissertation",
        "publishDate": "1974",
        "building": [
          "Great Smoky Mountains National Park (GRSM)"
        ],
        "Title": "Lightning Fires in Southern Appalachian Forests",
        "Link": "https://irma.nps.gov/DataStore/Reference/Profile/71945"
      },
      "geometry": {
        "type": "Point",
        "coordinates": [-83.5282, 35.5716]
      }
    },
    {
      "type": "Feature",
      "properties": {
        "id": "irma-36724",
        "institution": [
          "National Park Service (NPS)"
        ],
        "collection": [
          "NPS - IRMA"
        ],
        "topic": [
          "Animal Studies",
          "Ecology",
          "White Ibis (Eudocimus albus)"
        ],
        "format": "Dissertation",
        "publishDate": "1974",
        "building": [
          "Biscayne National Park (BISC)",
          "Everglades National Park (EVER)"
        ],
        "Title": "The ecology of the white ibis in southern Florida, a regional study",
        "Link": "https://irma.nps.gov/DataStore/Reference/Profile/36724"
      },
      "geometry": {
        "type": "MultiPoint",
        "coordinates": [
          [-80.2183, 25.4696],
          [-80.9535, 25.2718]
        ]
      }
    },
    {
      "type": "Feature",
      "properties": {
        "id": "irma-2247510",
        "institution": [
          "National Park Service (NPS)"
        ],
        "collection": [
          "NPS - IRMA"
        ],
        "topic": [
          "APHN",
          "Appalachian Highlands Network",
          "biodiversity",
          "Diptera",
          "Eutreta",
          "Great Smoky Mountains National Park",
          "GRSM",
          "Insecta",
          "SER",
          "Southeast Region",
          "taxonomy",
          "Tephritidae"
        ],
        "format": "Dissertation",
        "publishDate": "1974",
        "building": [
          "Great Smoky Mountains National Park (GRSM)",
          "Grand Teton National Park (GRTE)",
          "Rocky Mountain National Park (ROMO)"
        ],
        "Title": "The Biology and Taxonomy of Eutreta (Diptera: Tephritidae)",
        "Link": "https://irma.nps.gov/DataStore/Reference/Profile/2247510"
      },
      "geometry": {
        "type": "MultiPoint",
        "coordinates": [
          [-83.5282, 35.5716],
          [-110.6856, 43.8259],
          [-105.7037, 40.3571]
        ]
      }
    },
    {
      "type": "Feature",
      "properties": {
        "id": "irma-67036",
        "institution": [
          "National Park Service (NPS)"
        ],
        "collection": [
          "NPS - IRMA"
        ],
        "topic": [
          "Animal Studies",
          "Behavior",
          "Black Bear (Ursus americanus)",
          "Great Smoky Mountains National Park NC TN",
          "Mammals (Mammalia)"
        ],
        "format": "Dissertation",
        "publishDate": "1973",
        "building": [
          "Great Smoky Mountains National Park (GRSM)"
        ],
        "Title": "Investigation on Perception and Behavior of the American Black Bear (Ursus Americanus)",
        "Link": "https://irma.nps.gov/DataStore/Reference/Profile/67036"
      },
      "geometry": {
        "type": "Point",
        "coordinates": [-83.5282, 35.5716]
      }
    },
    {
      "type": "Feature",
      "properties": {
        "id": "irma-336634",
        "institution": [
          "National Park Service (NPS)"
        ],
        "collection": [
          "NPS - IRMA"
        ],
        "topic": [
          "Chert",
          "Hydrogen (H)",
          "Isotopes",
          "Oxygen (O)",
          "Petrology",
          "Physical Sciences"
        ],
        "format": "Dissertation",
        "publishDate": "1973",
        "building": [
          "Glacier National Park (GLAC)"
        ],
        "Title": "Oxygen and hydrogen isotope ratios in cherts and related rocks",
        "Link": "https://irma.nps.gov/DataStore/Reference/Profile/336634"
      },
      "geometry": {
        "type": "Point",
        "coordinates": [-113.8587, 48.7468]
      }
    },
    {
      "type": "Feature",
      "properties": {
        "id": "irma-94538",
        "institution": [
          "National Park Service (NPS)"
        ],
        "collection": [
          "NPS - IRMA"
        ],
        "topic": [
          "activities",
          "Animal Studies",
          "Black Bear (Ursus americanus)",
          "Ecology",
          "Great Smoky Mountains National Park NC TN",
          "GRSM-00025",
          "Movement (Animal)",
          "Population"
        ],
        "format": "Dissertation",
        "publishDate": "1973",
        "building": [
          "Great Smoky Mountains National Park (GRSM)"
        ],
        "Title": "Population Characteristics, Movements, and Activities of the Black Bear in the Great Smoky Mountains National Park",
        "Link": "https://irma.nps.gov/DataStore/Reference/Profile/94538"
      },
      "geometry": {
        "type": "Point",
        "coordinates": [-83.5282, 35.5716]
      }
    },
    {
      "type": "Feature",
      "properties": {
        "id": "irma-2229425",
        "institution": [
          "National Park Service (NPS)"
        ],
        "collection": [
          "NPS - IRMA"
        ],
        "topic": [
          "American chestnut",
          "APHN",
          "Appalachian Highlands Network",
          "BLRI",
          "Blue Ridge Parkway",
          "chestnut blight",
          "Endothia parasitica",
          "pehnolics",
          "resistance",
          "SER",
          "Southeast Region"
        ],
        "format": "Dissertation",
        "publishDate": "1972",
        "building": [
          "Blue Ridge Parkway (BLRI)"
        ],
        "Title": "Comparative Study of Phenolics in Chestnut (Castanea), and Their Relationships with Resistance to Endothia parasitica",
        "Link": "https://irma.nps.gov/DataStore/Reference/Profile/2229425"
      },
      "geometry": {
        "type": "Point",
        "coordinates": [-81.0706, 36.4365]
      }
    },
    {
      "type": "Feature",
      "properties": {
        "id": "irma-2225423",
        "institution": [
          "National Park Service (NPS)"
        ],
        "collection": [
          "NPS - IRMA"
        ],
        "topic": [
          ""
        ],
        "topic_facet": [
          {
            "key": "1042",
            "label": "Ecological Framework: Biological Integrity | Focal Species or Communities | Forest/Woodland Communities",
            "description": {}
          }
        ],
        "format": "Dissertation",
        "publishDate": "1972",
        "building": [
          "Blue Ridge Parkway (BLRI)"
        ],
        "Title": "Dry Matter and Nutrient Dynamics in Red Spruce-Fraser Fir and Yellow Birch Ecosystems in the Balsam Mountains, Western North Carolina",
        "Link": "https://irma.nps.gov/DataStore/Reference/Profile/2225423"
      },
      "geometry": {
        "type": "Point",
        "coordinates": [-81.0706, 36.4365]
      }
    },
    {
      "type": "Feature",
      "properties": {
        "id": "irma-2224685",
        "institution": [
          "National Park Service (NPS)"
        ],
        "collection": [
          "NPS - IRMA"
        ],
        "topic": [
          "APHN",
          "Appalachian Highlands Network",
          "Biodiversity",
          "BLRI",
          "Blue Ridge Parkway",
          "Floyd County",
          "Great Smoky Mountains National Park",
          "GRSM",
          "Mt. Mitchell",
          "Pseudoscorpionida",
          "pseudoscorpions",
          "SER",
          "Southeast Region"
        ],
        "topic_facet": [
          {
            "key": "1045",
            "label": "Ecological Framework: Biological Integrity | Focal Species or Communities | Terrestrial Invertebrates",
            "description": {}
          }
        ],
        "format": "Dissertation",
        "publishDate": "1967",
        "building": [
          "Blue Ridge Parkway (BLRI)",
          "Great Smoky Mountains National Park (GRSM)",
          "Mammoth Cave National Park (MACA)",
          "Rock Creek Park (ROCR)"
        ],
        "Title": "Systematic Studies of Some Pseudoscorpions (Arachnida: Pseudoscorpionida) from the Southeastern United States",
        "Link": "https://irma.nps.gov/DataStore/Reference/Profile/2224685"
      },
      "geometry": {
        "type": "MultiPoint",
        "coordinates": [
          [-81.0706, 36.4365],
          [-83.5282, 35.5716],
          [-86.1454, 37.1316],
          [-77.046, 38.9315]
        ]
      }
    },
    {
      "type": "Feature",
      "properties": {
        "id": "irma-2255919",
        "institution": [
          "National Park Service (NPS)"
        ],
        "collection": [
          "NPS - IRMA"
        ],
        "topic": [
          "APHN",
          "Appalachian Highlands Network",
          "Diptera",
          "Empididae",
          "Great Smoky Mountains National Park",
          "GRSM",
          "Hilara caesia",
          "Hilara melanderi",
          "Hilara montana",
          "Insecta",
          "new species",
          "SER",
          "Southeast Region"
        ],
        "format": "Dissertation",
        "publishDate": "1971",
        "building": [
          "Great Smoky Mountains National Park (GRSM)"
        ],
        "Title": "A Revision of the Genus Hilara in Eastern North America (Diptera: Empididae)",
        "Link": "https://irma.nps.gov/DataStore/Reference/Profile/2255919"
      },
      "geometry": {
        "type": "Point",
        "coordinates": [-83.5282, 35.5716]
      }
    },
    {
      "type": "Feature",
      "properties": {
        "id": "irma-2227952",
        "institution": [
          "National Park Service (NPS)"
        ],
        "collection": [
          "NPS - IRMA"
        ],
        "topic": [
          "APHN",
          "Appalachian Highlands Network",
          "Cades Cove",
          "Crambidae",
          "Crambinae",
          "flight period",
          "Great Smoky Mountains National Park",
          "GRSM",
          "Insects",
          "Lepidoptera",
          "light trap",
          "moths",
          "Pyralidae",
          "SER",
          "sod webworms",
          "Southeast Region"
        ],
        "format": "Dissertation",
        "publishDate": "1971",
        "building": [
          "Great Smoky Mountains National Park (GRSM)"
        ],
        "Title": "Seasonal Abundance, Distribution and Egg Studies of Sod Webworm Moths (Lepidoptera: Pyralidae: Crambinae) in Tennessee",
        "Link": "https://irma.nps.gov/DataStore/Reference/Profile/2227952"
      },
      "geometry": {
        "type": "Point",
        "coordinates": [-83.5282, 35.5716]
      }
    },
    {
      "type": "Feature",
      "properties": {
        "id": "irma-2227815",
        "institution": [
          "National Park Service (NPS)"
        ],
        "collection": [
          "NPS - IRMA"
        ],
        "topic": [
          "APHN",
          "Appalachian Highlands Network",
          "aquatic resources",
          "Emory River",
          "fish",
          "Great Smoky Mountains National Park",
          "GRSM",
          "Little River",
          "Obed Wild and Scenic River",
          "parasites",
          "Percina",
          "SER",
          "Southeast Region",
          "tangerine darter"
        ],
        "topic_facet": [
          {
            "key": "1046",
            "label": "Ecological Framework: Biological Integrity | Focal Species or Communities | Fishes",
            "description": {}
          }
        ],
        "format": "Dissertation",
        "publishDate": "1971",
        "building": [
          "Great Smoky Mountains National Park (GRSM)",
          "Obed Wild and Scenic River (OBRI)"
        ],
        "Title": "The Life History, Behavior, and Ecology of Percina aurantiaca (Cope)",
        "Link": "https://irma.nps.gov/DataStore/Reference/Profile/2227815"
      },
      "geometry": {
        "type": "MultiPoint",
        "coordinates": [
          [-83.5282, 35.5716],
          [-84.8, 36.0887]
        ]
      }
    },
    {
      "type": "Feature",
      "properties": {
        "id": "irma-2252656",
        "institution": [
          "National Park Service (NPS)"
        ],
        "collection": [
          "NPS - IRMA"
        ],
        "topic": [
          "Apsena rufipes",
          "biodiversity",
          "Cerenopini",
          "Coleoptera",
          "darling beetles",
          "Eulabini",
          "Insecta",
          "taxonomy"
        ],
        "format": "Dissertation",
        "publishDate": "1970",
        "building": [
          "Big Bend National Park (BIBE)",
          "Carlsbad Caverns National Park (CAVE)",
          "Chiricahua National Monument (CHIR)",
          "Coronado National Memorial (CORO)",
          "Death Valley National Park (DEVA)",
          "Joshua Tree National Park (JOTR)",
          "Organ Pipe Cactus National Monument (ORPI)",
          "Saguaro National Park (SAGU)",
          "Sequoia National Park (SEQU)",
          "Tumacacori National Historical Park (TUMA)"
        ],
        "Title": "A Revision of the Tribes Cerenopini and Eulabini (Formerly Scaurini, in part) of North America (Coleoptera: Tenebrionidae)",
        "Link": "https://irma.nps.gov/DataStore/Reference/Profile/2252656"
      },
      "geometry": {
        "type": "MultiPoint",
        "coordinates": [
          [-103.3111, 29.0104],
          [-104.5278, 32.1523],
          [-109.3454, 32.011],
          [-110.2565, 31.3491],
          [-117.139, 36.5676],
          [-115.8601, 33.827],
          [-112.8466, 32.0447],
          [-110.619, 32.1803],
          [-118.515, 36.509],
          [-111.0476, 31.5622]
        ]
      }
    },
    {
      "type": "Feature",
      "properties": {
        "id": "irma-2246120",
        "institution": [
          "National Park Service (NPS)"
        ],
        "collection": [
          "NPS - IRMA"
        ],
        "topic": [
          "APHN",
          "Appalachian Highlands Network",
          "biodiversity",
          "Diptera",
          "Great Smoky Mountains National Park",
          "GRSM",
          "Insecta",
          "Megaselia fungivora",
          "Megaselia marginalis",
          "Megaselia nigriceps",
          "Megaselia pleuralis",
          "Megaselia winnemana",
          "Phoridae",
          "SER",
          "Southeast Region",
          "taxonomy"
        ],
        "format": "Dissertation",
        "publishDate": "1970",
        "building": [
          "Great Smoky Mountains National Park (GRSM)",
          "Rock Creek Park (ROCR)",
          "Shenandoah National Park (SHEN)",
          "Yellowstone National Park (YELL)"
        ],
        "Title": "A Revision of the Nearctic Species of Groups I and II of Megaselia (Diptera: Phoridae)",
        "Link": "https://irma.nps.gov/DataStore/Reference/Profile/2246120"
      },
      "geometry": {
        "type": "MultiPoint",
        "coordinates": [
          [-83.5282, 35.5716],
          [-77.046, 38.9315],
          [-78.5008, 38.3518],
          [-110.4901, 44.5813]
        ]
      }
    },
    {
      "type": "Feature",
      "properties": {
        "id": "irma-29786",
        "institution": [
          "National Park Service (NPS)"
        ],
        "collection": [
          "NPS - IRMA"
        ],
        "topic": [
          "Debris Flows",
          "Geology",
          "Great Smoky Mountains National Park NC TN",
          "Landslides",
          "Mount LeConte",
          "Research & Studies"
        ],
        "format": "Dissertation",
        "publishDate": "1970",
        "building": [
          "Great Smoky Mountains National Park (GRSM)"
        ],
        "Title": "Debris Slides and Related Flood Damage Associated with the September 1, 1951, Cloudbursts in the Mount LeConte - Sugarland Mountain area, Great Smoky Mountains National Park",
        "Link": "https://irma.nps.gov/DataStore/Reference/Profile/29786"
      },
      "geometry": {
        "type": "Point",
        "coordinates": [-83.5282, 35.5716]
      }
    },
    {
      "type": "Feature",
      "properties": {
        "id": "irma-38302",
        "institution": [
          "National Park Service (NPS)"
        ],
        "collection": [
          "NPS - IRMA"
        ],
        "topic": [
          "Animals",
          "Aquatic Sciences",
          "Capture",
          "Ecology",
          "Fish",
          "Hydrology",
          "Impacts",
          "Invertebrates (Invertebrata)",
          "Mangrove Communities",
          "Population",
          "Power Plants",
          "Water Temperature"
        ],
        "format": "Dissertation",
        "publishDate": "1970",
        "building": [
          "Biscayne National Park (BISC)"
        ],
        "Title": "The Effects of Thermal Effluent on some of the Macrofauna of a Subtropical Estuary",
        "Link": "https://irma.nps.gov/DataStore/Reference/Profile/38302"
      },
      "geometry": {
        "type": "Point",
        "coordinates": [-80.2183, 25.4696]
      }
    },
    {
      "type": "Feature",
      "properties": {
        "id": "irma-2227949",
        "institution": [
          "National Park Service (NPS)"
        ],
        "collection": [
          "NPS - IRMA"
        ],
        "topic": [
          "Alum Cave Bluffs",
          "amphibian",
          "APHN",
          "Appalachian Highlands Network",
          "black-bellied salamander",
          "critical activity period",
          "Desmognathus",
          "Desmognathus monicola",
          "Desmognathus ochrophaeus",
          "Desmognathus ocoee",
          "Desmognathus quadramaculatus",
          "Great Smoky Mountains National Park",
          "GRSM",
          "Husky Gap",
          "Indian Gap",
          "mountain dusky salamander",
          "Newfound Gap",
          "Ocoee salamander",
          "salamander",
          "seal salamander",
          "SER",
          "Southeast Region",
          "temperature",
          "water loss"
        ],
        "format": "Dissertation",
        "publishDate": "1970",
        "building": [
          "Great Smoky Mountains National Park (GRSM)"
        ],
        "Title": "Water Relations in Four Species of the Salamander Genus Desmognathus",
        "Link": "https://irma.nps.gov/DataStore/Reference/Profile/2227949"
      },
      "geometry": {
        "type": "Point",
        "coordinates": [-83.5282, 35.5716]
      }
    },
    {
      "type": "Feature",
      "properties": {
        "id": "irma-2168571",
        "institution": [
          "National Park Service (NPS)"
        ],
        "collection": [
          "NPS - IRMA"
        ],
        "topic": [
          "Animal Communities (Wildlife)",
          "Animal Studies",
          "Competition",
          "Competition (Species)",
          "Eastern Red-Backed Salamander (Plethodon cinereus)",
          "Environmental",
          "Research Report",
          "Shenandoah Salamander (Plethodon shenandoah)",
          "Terrestrial"
        ],
        "format": "Dissertation",
        "publishDate": "1969",
        "building": [
          "Shenandoah National Park (SHEN)"
        ],
        "Title": "Competitive Exclusion and Environmental Tolerances in the Distributions of Two Species of Salamanders (Genus Plethodon) in Virginia",
        "Link": "https://irma.nps.gov/DataStore/Reference/Profile/2168571"
      },
      "geometry": {
        "type": "Point",
        "coordinates": [-78.5008, 38.3518]
      }
    },
    {
      "type": "Feature",
      "properties": {
        "id": "irma-2217582",
        "institution": [
          "National Park Service (NPS)"
        ],
        "collection": [
          "NPS - IRMA"
        ],
        "topic": [
          ""
        ],
        "format": "Dissertation",
        "publishDate": "1969",
        "building": [
          "Point Reyes National Seashore (PORE)"
        ],
        "Title": "Ecology of High and Low Populations of the Limpet, Acmaea scabra (Gould). [Ph.D. Thesis]",
        "Link": "https://irma.nps.gov/DataStore/Reference/Profile/2217582"
      },
      "geometry": {
        "type": "Point",
        "coordinates": [-122.8649, 38.0556]
      }
    },
    {
      "type": "Feature",
      "properties": {
        "id": "irma-2217932",
        "institution": [
          "National Park Service (NPS)"
        ],
        "collection": [
          "NPS - IRMA"
        ],
        "topic": [
          ""
        ],
        "format": "Dissertation",
        "publishDate": "1969",
        "building": [
          "Point Reyes National Seashore (PORE)"
        ],
        "Title": "Quantitative Studies of Salt Marsh Faunas from the North American Pacific Coast",
        "Link": "https://irma.nps.gov/DataStore/Reference/Profile/2217932"
      },
      "geometry": {
        "type": "Point",
        "coordinates": [-122.8649, 38.0556]
      }
    },
    {
      "type": "Feature",
      "properties": {
        "id": "irma-601663",
        "institution": [
          "National Park Service (NPS)"
        ],
        "collection": [
          "NPS - IRMA"
        ],
        "topic": [
          "Abundance",
          "American Creek",
          "Bristol Bay",
          "Brooks Lake",
          "Coregonus sardinella",
          "Distribution",
          "Ecology",
          "Fishes",
          "Gasterosteus aculeatus",
          "Grosvenor Lake",
          "Hypomesus olidus",
          "Idavain Lake",
          "Iliuk Arm",
          "Lake Coville",
          "Least cisco",
          "Naknek Lake",
          "Naknek river",
          "ninespine stickleback",
          "Oncorhynchus nerka",
          "pond smelt",
          "Pungitius pungitius",
          "Salmon",
          "Savonoski River",
          "Sockeye Salmon",
          "threespine stickleback"
        ],
        "format": "Dissertation",
        "publishDate": "1969",
        "building": [
          "Katmai National Park and Preserve (KATM)",
          "Southwest Alaska Network (SWAN)"
        ],
        "Title": "Some aspects of the comparative ecology of fishes associated with juvenile sockeye salmon, Oncorhynchus nerka (Walbaum), in the lakes of Naknek River System, Alaska",
        "Link": "https://irma.nps.gov/DataStore/Reference/Profile/601663"
      },
      "geometry": {
        "type": "Point",
        "coordinates": [-154.8894, 58.5661]
      }
    },
    {
      "type": "Feature",
      "properties": {
        "id": "irma-2179790",
        "institution": [
          "National Park Service (NPS)"
        ],
        "collection": [
          "NPS - IRMA"
        ],
        "topic": [
          "Age Distribution",
          "Air Temperature",
          "Aluminum (Al)",
          "Amphibians (Amphibia)",
          "Bass Harbor Head",
          "Beech Hill",
          "Beetles (Coleoptera)",
          "Birds (Aves)",
          "Blackwoods",
          "Breeding",
          "Checklist",
          "Climate",
          "fir trees (Abies)",
          "Forest",
          "Insects (Insecta)",
          "Inventory (Baseline)",
          "Iron (Fe)",
          "Ironbound Island",
          "Islands",
          "Lichen",
          "Liverworts (Hepaticopsida)",
          "Mammals",
          "Manganese (Mn)",
          "Mosses (Musci)",
          "Mount Desert Island",
          "New World Rats & Mice (Cricetidae)",
          "Oak Hill",
          "Otter Point",
          "Pemetic Mountain",
          "Permanent Plots",
          "pH",
          "Phosphorus (P)",
          "Plants",
          "Population Density",
          "Reproduction",
          "Reptiles (Reptilia)",
          "Salamanders (Caudata)",
          "Snakes (Serpentes)",
          "Soil Chemistry",
          "Soil Types",
          "Spruce (Picea)",
          "Western Mountain",
          "Winter"
        ],
        "format": "Dissertation",
        "publishDate": "1961",
        "building": [
          "Acadia National Park (ACAD)"
        ],
        "Title": "The spruce-fir forests of the coast of Maine",
        "Link": "https://irma.nps.gov/DataStore/Reference/Profile/2179790"
      },
      "geometry": {
        "type": "Point",
        "coordinates": [-68.2397, 44.3594]
      }
    },
    {
      "type": "Feature",
      "properties": {
        "id": "irma-97715",
        "institution": [
          "National Park Service (NPS)"
        ],
        "collection": [
          "NPS - IRMA"
        ],
        "topic": [
          "Epiphytes",
          "Plant Studies",
          "Primary Productivity",
          "Turtlegrass (Thalassia testudina)"
        ],
        "format": "Dissertation",
        "publishDate": "1968",
        "building": [
          "Biscayne National Park (BISC)"
        ],
        "Title": "Primary Productivity by the Tropical Marine Turtle Grass, Thalassia Testudinum Konig, and its Epiphytes",
        "Link": "https://irma.nps.gov/DataStore/Reference/Profile/97715"
      },
      "geometry": {
        "type": "Point",
        "coordinates": [-80.2183, 25.4696]
      }
    },
    {
      "type": "Feature",
      "properties": {
        "id": "irma-50040",
        "institution": [
          "National Park Service (NPS)"
        ],
        "collection": [
          "NPS - IRMA"
        ],
        "topic": [
          "APHN",
          "Appalachian Highlands Network",
          "BLRI",
          "Blue Ridge Parkway",
          "Great Smoky Mountains National Park",
          "GRSM",
          "High Elevation",
          "Net primary productivity of terrestrial communities: prediction from climatological data",
          "Physical Sciences",
          "SER",
          "Soils",
          "Southeast Region"
        ],
        "format": "Dissertation",
        "publishDate": "1967",
        "building": [
          "Blue Ridge Parkway (BLRI)",
          "Great Smoky Mountains National Park (GRSM)"
        ],
        "Title": "Forest Soil Characteristics as Influenced by Vegetation and Bedrock in the Spruce-Fir Zone of the Great Smoky Mountains",
        "Link": "https://irma.nps.gov/DataStore/Reference/Profile/50040"
      },
      "geometry": {
        "type": "MultiPoint",
        "coordinates": [
          [-81.0706, 36.4365],
          [-83.5282, 35.5716]
        ]
      }
    },
    {
      "type": "Feature",
      "properties": {
        "id": "irma-31901",
        "institution": [
          "National Park Service (NPS)"
        ],
        "collection": [
          "NPS - IRMA"
        ],
        "topic": [
          "Fractures (Geologic)",
          "Geomorphology",
          "Hydrology",
          "Physical Sciences",
          "Speleogenesis"
        ],
        "format": "Dissertation",
        "publishDate": "1967",
        "building": [
          "Mammoth Cave National Park (MACA)"
        ],
        "Title": "The Development of Caverns of the Mammoth Cave Region",
        "Link": "https://irma.nps.gov/DataStore/Reference/Profile/31901"
      },
      "geometry": {
        "type": "Point",
        "coordinates": [-86.1454, 37.1316]
      }
    },
    {
      "type": "Feature",
      "properties": {
        "id": "irma-132430",
        "institution": [
          "National Park Service (NPS)"
        ],
        "collection": [
          "NPS - IRMA"
        ],
        "topic": [
          "Chilhowee Mountain",
          "Flora",
          "Great Smoky Mountains National Park NC TN",
          "Plant Studies",
          "Vegetation"
        ],
        "format": "Dissertation",
        "publishDate": "1966",
        "building": [
          "Great Smoky Mountains National Park (GRSM)"
        ],
        "Title": "The Vegetation and Flora of Chilhowee Mountain",
        "Link": "https://irma.nps.gov/DataStore/Reference/Profile/132430"
      },
      "geometry": {
        "type": "Point",
        "coordinates": [-83.5282, 35.5716]
      }
    },
    {
      "type": "Feature",
      "properties": {
        "id": "irma-2247649",
        "institution": [
          "National Park Service (NPS)"
        ],
        "collection": [
          "NPS - IRMA"
        ],
        "topic": [
          "Alydini",
          "APHN",
          "Appalachian Highlands Network",
          "biodiversity",
          "Coreidae",
          "Great Smoky Mountains National Park",
          "GRSM",
          "Heteroptera",
          "Insecta",
          "SER",
          "Southeast Region",
          "taxonomy"
        ],
        "format": "Dissertation",
        "publishDate": "1964",
        "building": [
          "Blue Ridge Parkway (BLRI)",
          "Great Smoky Mountains National Park (GRSM)",
          "Rocky Mountain National Park (ROMO)",
          "Yellowstone National Park (YELL)"
        ],
        "Title": "A Taxonomic Revision of Certain Genera of the Tribe Alydini (Heteroptera: Coreidae)",
        "Link": "https://irma.nps.gov/DataStore/Reference/Profile/2247649"
      },
      "geometry": {
        "type": "MultiPoint",
        "coordinates": [
          [-81.0706, 36.4365],
          [-83.5282, 35.5716],
          [-105.7037, 40.3571],
          [-110.4901, 44.5813]
        ]
      }
    },
    {
      "type": "Feature",
      "properties": {
        "id": "irma-19390",
        "institution": [
          "National Park Service (NPS)"
        ],
        "collection": [
          "NPS - IRMA"
        ],
        "topic": [
          "APHN",
          "Appalachian Highlands Network",
          "Bryophytes (Bryophyta)",
          "Great Smoky Mountains National Park",
          "GRSM",
          "Plant Studies",
          "SER",
          "Southeast Region",
          "Spruce-Fir Forest"
        ],
        "format": "Dissertation",
        "publishDate": "1964",
        "building": [
          "Great Smoky Mountains National Park (GRSM)"
        ],
        "Title": "Bryoecology of the Appalachian Spruce-Fir Zone",
        "Link": "https://irma.nps.gov/DataStore/Reference/Profile/19390"
      },
      "geometry": {
        "type": "Point",
        "coordinates": [-83.5282, 35.5716]
      }
    },
    {
      "type": "Feature",
      "properties": {
        "id": "irma-109475",
        "institution": [
          "National Park Service (NPS)"
        ],
        "collection": [
          "NPS - IRMA"
        ],
        "topic": [
          "American beech (Fagus grandifolia)",
          "APHN",
          "Appalachian Highlands Network",
          "GGRSM",
          "Great Smoky Mountains National Park",
          "High Elevation",
          "Plant Studies",
          "Plots",
          "SER",
          "Southeast Region"
        ],
        "format": "Dissertation",
        "publishDate": "1964",
        "building": [
          "Great Smoky Mountains National Park (GRSM)"
        ],
        "Title": "The Sampling, Pattern, and Survival of the Higher Elevation Beech in the Great Smoky Mountains",
        "Link": "https://irma.nps.gov/DataStore/Reference/Profile/109475"
      },
      "geometry": {
        "type": "Point",
        "coordinates": [-83.5282, 35.5716]
      }
    },
    {
      "type": "Feature",
      "properties": {
        "id": "irma-2256066",
        "institution": [
          "National Park Service (NPS)"
        ],
        "collection": [
          "NPS - IRMA"
        ],
        "topic": [
          "Amphibia",
          "APHN",
          "Appalachian Highlands Network",
          "Caudata",
          "Desmognathus imitator",
          "Great Smoky Mountains National Park",
          "GRSM",
          "imitator salamander",
          "mimicry",
          "Plethodon jordani",
          "red-cheeked salamander",
          "SER",
          "Southeast Region"
        ],
        "format": "Dissertation",
        "publishDate": "1962",
        "building": [
          "Great Smoky Mountains National Park (GRSM)"
        ],
        "Title": "The Possibility of the Existence of Mimicry Between Two Species of Southern Appalachian Salamanders",
        "Link": "https://irma.nps.gov/DataStore/Reference/Profile/2256066"
      },
      "geometry": {
        "type": "Point",
        "coordinates": [-83.5282, 35.5716]
      }
    },
    {
      "type": "Feature",
      "properties": {
        "id": "irma-2294674",
        "institution": [
          "National Park Service (NPS)"
        ],
        "collection": [
          "NPS - IRMA"
        ],
        "topic": [
          "bedrock",
          "geology",
          "Katahdin",
          "Maine",
          "ME",
          "Traveler"
        ],
        "format": "Dissertation",
        "publishDate": "1961",
        "building": [
          "Katahdin Woods and Waters National Monument (KAWW)"
        ],
        "Title": "Bedrock Geology of the Katahdin-Traveler Area, Maine",
        "Link": "https://irma.nps.gov/DataStore/Reference/Profile/2294674"
      },
      "geometry": {
        "type": "Point",
        "coordinates": [-68.7475, 45.879]
      }
    },
    {
      "type": "Feature",
      "properties": {
        "id": "irma-52379",
        "institution": [
          "National Park Service (NPS)"
        ],
        "collection": [
          "NPS - IRMA"
        ],
        "topic": [
          "APHN",
          "Appalachian Highlands Network",
          "Great Smoky Mountains National Park",
          "GRSM",
          "Saxifraga",
          "SER",
          "Southeast Region",
          "vascular plants"
        ],
        "format": "Dissertation",
        "publishDate": "1961",
        "building": [
          "Great Smoky Mountains National Park (GRSM)"
        ],
        "Title": "The genus Saxifraga L in the Southern Appalachians",
        "Link": "https://irma.nps.gov/DataStore/Reference/Profile/52379"
      },
      "geometry": {
        "type": "Point",
        "coordinates": [-83.5282, 35.5716]
      }
    },
    {
      "type": "Feature",
      "properties": {
        "id": "irma-36921",
        "institution": [
          "National Park Service (NPS)"
        ],
        "collection": [
          "NPS - IRMA"
        ],
        "topic": [
          "APHN",
          "Appalachian Highlands Network",
          "Great Smoky Mountains National Park",
          "GRSM",
          "Plant Studies",
          "SER",
          "Southeast Region",
          "Spruce-Fir Forest",
          "Succession"
        ],
        "format": "Dissertation",
        "publishDate": "1960",
        "building": [
          "Great Smoky Mountains National Park (GRSM)"
        ],
        "Title": "The Ecotone between Spruce-Fir and Deciduous Forests in the Great Smoky Mountains",
        "Link": "https://irma.nps.gov/DataStore/Reference/Profile/36921"
      },
      "geometry": {
        "type": "Point",
        "coordinates": [-83.5282, 35.5716]
      }
    },
    {
      "type": "Feature",
      "properties": {
        "id": "irma-2249791",
        "institution": [
          "National Park Service (NPS)"
        ],
        "collection": [
          "NPS - IRMA"
        ],
        "topic": [
          "APHN",
          "Appalachian Highlands Network",
          "biodiversity",
          "fungi",
          "Great Smoky Mountains National Park",
          "GRSM",
          "SER",
          "Southeast Region",
          "taxonomy",
          "Tremella",
          "Tremellaceae"
        ],
        "format": "Dissertation",
        "publishDate": "1957",
        "building": [
          "Great Smoky Mountains National Park (GRSM)"
        ],
        "Title": "A Taxonomic Study of Tremella in North America",
        "Link": "https://irma.nps.gov/DataStore/Reference/Profile/2249791"
      },
      "geometry": {
        "type": "Point",
        "coordinates": [-83.5282, 35.5716]
      }
    },
    {
      "type": "Feature",
      "properties": {
        "id": "irma-2245875",
        "institution": [
          "National Park Service (NPS)"
        ],
        "collection": [
          "NPS - IRMA"
        ],
        "topic": [
          "APHN",
          "Appalachian Highlands Network",
          "ecology",
          "Great Smoky Mountains National Park",
          "ground cover",
          "GRSM",
          "herbaceous plants",
          "SER",
          "Southeast Region",
          "Spruce-fir forest",
          "vascular plants",
          "vegetation"
        ],
        "format": "Dissertation",
        "publishDate": "1957",
        "building": [
          "Great Smoky Mountains National Park (GRSM)"
        ],
        "Title": "Ground Vegetation Patterns of the Spruce-Fir Area of the Great Smoky Mountains National Park",
        "Link": "https://irma.nps.gov/DataStore/Reference/Profile/2245875"
      },
      "geometry": {
        "type": "Point",
        "coordinates": [-83.5282, 35.5716]
      }
    },
    {
      "type": "Feature",
      "properties": {
        "id": "irma-2256067",
        "institution": [
          "National Park Service (NPS)"
        ],
        "collection": [
          "NPS - IRMA"
        ],
        "topic": [
          "APHN",
          "Appalachian Highlands Network",
          "Caprifoliaceae",
          "exotics",
          "Great Smoky Mountains National Park",
          "GRSM",
          "invasive species",
          "Lonicera japonica",
          "SER",
          "Southeast Region",
          "vascular plant"
        ],
        "format": "Dissertation",
        "publishDate": "1955",
        "building": [
          "Great Smoky Mountains National Park (GRSM)"
        ],
        "Title": "Ecological Life-history of Lonicera japonica Thunb.",
        "Link": "https://irma.nps.gov/DataStore/Reference/Profile/2256067"
      },
      "geometry": {
        "type": "Point",
        "coordinates": [-83.5282, 35.5716]
      }
    },
    {
      "type": "Feature",
      "properties": {
        "id": "irma-2245896",
        "institution": [
          "National Park Service (NPS)"
        ],
        "collection": [
          "NPS - IRMA"
        ],
        "topic": [
          "APHN",
          "Appalachian Highlands Network",
          "Baccha scutellata",
          "biodiversity",
          "Cheilosia leucoparea",
          "Diptera",
          "EVER",
          "Everglades National Park",
          "Great Smoky Mountains National Park",
          "GRSM",
          "hover flies",
          "Insecta",
          "Microdon flugens",
          "Microdon pseudoglobosus",
          "Pepiza cevelata",
          "Pipiza salax",
          "SER",
          "Southeast Region",
          "Syrphidae",
          "taxonomy"
        ],
        "format": "Dissertation",
        "publishDate": "1953",
        "building": [
          "Everglades National Park (EVER)",
          "Great Smoky Mountains National Park (GRSM)"
        ],
        "Title": "The Syrphid Flies of Southeastern United States (Diptera: Syrphidae)",
        "Link": "https://irma.nps.gov/DataStore/Reference/Profile/2245896"
      },
      "geometry": {
        "type": "MultiPoint",
        "coordinates": [
          [-80.9535, 25.2718],
          [-83.5282, 35.5716]
        ]
      }
    },
    {
      "type": "Feature",
      "properties": {
        "id": "irma-2214034",
        "institution": [
          "National Park Service (NPS)"
        ],
        "collection": [
          "NPS - IRMA"
        ],
        "topic": [
          "botanical classification",
          "climate regions",
          "Floral",
          "mammalian fauna",
          "species habitat",
          "species survey",
          "Topography"
        ],
        "format": "Dissertation",
        "publishDate": "1952",
        "building": [
          "Everglades National Park (EVER)",
          "South Florida/Caribbean Network (SFCN)"
        ],
        "Title": "The Land Mammals of Southern Florida and the Upper Florida Keys",
        "Link": "https://irma.nps.gov/DataStore/Reference/Profile/2214034"
      },
      "geometry": {
        "type": "Point",
        "coordinates": [-80.9535, 25.2718]
      }
    },
    {
      "type": "Feature",
      "properties": {
        "id": "irma-2301160",
        "institution": [
          "National Park Service (NPS)"
        ],
        "collection": [
          "NPS - IRMA"
        ],
        "topic": [
          "air quality",
          "approximate Bayesian computation",
          "biogeography",
          "genetic diversity and population structure",
          "glacial refugia",
          "GRSM-00435",
          "interspecific hybridization",
          "molecular evolution",
          "Picea rubra",
          "postglacial migration",
          "red spruce"
        ],
        "format": "Dissertation",
        "publishDate": "2010",
        "building": [
          "Great Smoky Mountains National Park (GRSM)"
        ],
        "Title": "Genetic Diversity and Evolution of Red Spruce",
        "Link": "https://irma.nps.gov/DataStore/Reference/Profile/2301160"
      },
      "geometry": {
        "type": "Point",
        "coordinates": [-83.5282, 35.5716]
      }
    },
    {
      "type": "Feature",
      "properties": {
        "id": "irma-2251419",
        "institution": [
          "National Park Service (NPS)"
        ],
        "collection": [
          "NPS - IRMA"
        ],
        "topic": [
          "amphibian",
          "APHN",
          "Appalachian Highlands Network",
          "caudata",
          "climate change",
          "ecology",
          "Great Smoky Mountains National Park",
          "GRSM",
          "GRSM-01098",
          "microclimate",
          "microhabitat",
          "niche",
          "plethodontidae",
          "salamander",
          "SER",
          "Southeast Region"
        ],
        "format": "Dissertation",
        "publishDate": "2018",
        "building": [
          "Great Smoky Mountains National Park (GRSM)"
        ],
        "Title": "Notes from the Underground: Linking Microhabitat and Species Distributions of Plethodontid Salamanders",
        "Link": "https://irma.nps.gov/DataStore/Reference/Profile/2251419"
      },
      "geometry": {
        "type": "Point",
        "coordinates": [-83.5282, 35.5716]
      }
    },
    {
      "type": "Feature",
      "properties": {
        "id": "irma-2182389",
        "institution": [
          "National Park Service (NPS)"
        ],
        "collection": [
          "NPS - IRMA"
        ],
        "topic": [
          ""
        ],
        "format": "Dissertation",
        "publishDate": "2011",
        "building": [
          "Cabrillo National Monument (CABR)"
        ],
        "Title": "A natural history of coastal sage scrub in southern California: regional floristic patterns and relations to physical geography, how it changes over time, and how well reserves represent its biodiversity",
        "Link": "https://irma.nps.gov/DataStore/Reference/Profile/2182389"
      },
      "geometry": {
        "type": "Point",
        "coordinates": [-117.2415, 32.6724]
      }
    },
    {
      "type": "Feature",
      "properties": {
        "id": "irma-2227544",
        "institution": [
          "National Park Service (NPS)"
        ],
        "collection": [
          "NPS - IRMA"
        ],
        "topic": [
          "anthropology",
          "ethnography",
          "hunting sea mammal",
          "Inupiaq",
          "Shishmaref",
          "subsistence",
          "TEK",
          "traditional ecological knowledge"
        ],
        "format": "Dissertation",
        "publishDate": "2010",
        "building": [
          "Bering Land Bridge National Preserve (BELA)"
        ],
        "Title": "Come on Ugzruk, let me win : experience, relationality, and knowing in Kigiqtaamiut hunting and ethnography",
        "Link": "https://irma.nps.gov/DataStore/Reference/Profile/2227544"
      },
      "geometry": {
        "type": "Point",
        "coordinates": [-165.1266, 66.2151]
      }
    },
    {
      "type": "Feature",
      "properties": {
        "id": "irma-2205131",
        "institution": [
          "National Park Service (NPS)"
        ],
        "collection": [
          "NPS - IRMA"
        ],
        "topic": [
          "canopy soils",
          "decomposition rates",
          "Nutrient Cycling",
          "old-growth rainforest",
          "Queets River Watershed"
        ],
        "topic_facet": [
          {
            "key": "1062",
            "label": "Ecological Framework: Landscapes | Nutrient Dynamics | Nutrient Dynamics",
            "description": {}
          }
        ],
        "format": "Dissertation",
        "publishDate": "2013",
        "building": [
          "Olympic National Park (OLYM)"
        ],
        "Title": "Canopy soils, litterfal and litter decomposition in a coastal old-growth temperate rainforest, Washington",
        "Link": "https://irma.nps.gov/DataStore/Reference/Profile/2205131"
      },
      "geometry": {
        "type": "Point",
        "coordinates": [-123.6996, 47.7886]
      }
    },
    {
      "type": "Feature",
      "properties": {
        "id": "irma-2224613",
        "institution": [
          "National Park Service (NPS)"
        ],
        "collection": [
          "NPS - IRMA"
        ],
        "topic": [
          "antimycin A",
          "Benthic",
          "Brook Trout",
          "Fintrol",
          "Macroinvertebrates",
          "Oncorhynchus",
          "Rainbow Trout",
          "Restoration",
          "Salvelinus"
        ],
        "topic_facet": [
          {
            "key": "1025",
            "label": "Ecological Framework: Water | Water Quality | Aquatic Macroinvertebrates and Algae",
            "description": {}
          },
          {
            "key": "1036",
            "label": "Ecological Framework: Biological Integrity | Focal Species or Communities | Freshwater Communities",
            "description": {}
          },
          {
            "key": "1046",
            "label": "Ecological Framework: Biological Integrity | Focal Species or Communities | Fishes",
            "description": {}
          }
        ],
        "format": "Dissertation",
        "publishDate": "2013",
        "building": [
          "Great Smoky Mountains National Park (GRSM)"
        ],
        "Title": "Effects of Fintrol (Antimycin A) Application on Benthic Macroinvertebrate Communities in the Lynn Camp Prong Watershed, Great Smoky Mountains National Park",
        "Link": "https://irma.nps.gov/DataStore/Reference/Profile/2224613"
      },
      "geometry": {
        "type": "Point",
        "coordinates": [-83.5282, 35.5716]
      }
    },
    {
      "type": "Feature",
      "properties": {
        "id": "irma-2258298",
        "institution": [
          "National Park Service (NPS)"
        ],
        "collection": [
          "NPS - IRMA"
        ],
        "topic": [
          "APHN",
          "Appalachian Highlands Network",
          "Great Smoky Mountains National Park",
          "GRSM",
          "GRSM-00796",
          "Prenanthes roanensis",
          "SER",
          "Southeast Region",
          "vascular plant"
        ],
        "format": "Dissertation",
        "publishDate": "2013",
        "building": [
          "Great Smoky Mountains National Park (GRSM)"
        ],
        "Title": "Population Dynamics Across the Range of the Southern Appalachian Endemic Plant, Prenanthes roanensis",
        "Link": "https://irma.nps.gov/DataStore/Reference/Profile/2258298"
      },
      "geometry": {
        "type": "Point",
        "coordinates": [-83.5282, 35.5716]
      }
    },
    {
      "type": "Feature",
      "properties": {
        "id": "irma-2191952",
        "institution": [
          "National Park Service (NPS)"
        ],
        "collection": [
          "NPS - IRMA"
        ],
        "topic": [
          "Botrychium",
          "Botrypus",
          "Grand Sable Dunes",
          "grape fern",
          "Phylogeny"
        ],
        "topic_facet": [
          {
            "key": "1037",
            "label": "Ecological Framework: Biological Integrity | Focal Species or Communities | Sparsely Vegetated Communities",
            "description": {}
          }
        ],
        "format": "Dissertation",
        "publishDate": "2012",
        "building": [
          "Pictured Rocks National Lakeshore (PIRO)"
        ],
        "Title": "Exploring cryptic species in Botrychium S.S. ferns using genetics, morphology, and demographpy",
        "Link": "https://irma.nps.gov/DataStore/Reference/Profile/2191952"
      },
      "geometry": {
        "type": "Point",
        "coordinates": [-86.3079, 46.5691]
      }
    },
    {
      "type": "Feature",
      "properties": {
        "id": "irma-627587",
        "institution": [
          "National Park Service (NPS)"
        ],
        "collection": [
          "NPS - IRMA"
        ],
        "topic": [
          "beargrass (Xerophyllum tenax)",
          "Ethnobotany",
          "FIRE",
          "historical ecology",
          "Plant Studies"
        ],
        "format": "Dissertation",
        "publishDate": "2006",
        "building": [
          "Olympic National Park (OLYM)"
        ],
        "Title": "The historical role and current restoration applications of fire in maintaining beargrass (Xerophyllum tenax (Pursh) Nutt.) habitat on the Olympic Peninsula, Washington State",
        "Link": "https://irma.nps.gov/DataStore/Reference/Profile/627587"
      },
      "geometry": {
        "type": "Point",
        "coordinates": [-123.6996, 47.7886]
      }
    },
    {
      "type": "Feature",
      "properties": {
        "id": "irma-26161",
        "institution": [
          "National Park Service (NPS)"
        ],
        "collection": [
          "NPS - IRMA"
        ],
        "topic": [
          "`Oha (Clermontia kakeana meyen)",
          "Genetic Diversity",
          "Haha (Cyanea mceldowneyi) (Campanulaceae: Lobelioideae)",
          "Moloka`i HI",
          "Plant Studies"
        ],
        "format": "Dissertation",
        "publishDate": "2010",
        "building": [
          "Kalaupapa National Historical Park (KALA)"
        ],
        "Title": "A comparison of the genetic diversity of the common endemic Hawai`ian plant, Clermontia kakeana meyen, and an endangered species, Cyanea mceldowneyi rock (Campanulaceae: Lobelioideae)",
        "Link": "https://irma.nps.gov/DataStore/Reference/Profile/26161"
      },
      "geometry": {
        "type": "Point",
        "coordinates": [-156.9565, 21.1558]
      }
    },
    {
      "type": "Feature",
      "properties": {
        "id": "irma-23540",
        "institution": [
          "National Park Service (NPS)"
        ],
        "collection": [
          "NPS - IRMA"
        ],
        "topic": [
          "Aerosols",
          "Air Quality",
          "Atmospheric Sciences",
          "Chemistry",
          "Mauna Loa Volcano HI"
        ],
        "format": "Dissertation",
        "publishDate": "2010",
        "building": [
          "Hawaii Volcanoes National Park (HAVO)"
        ],
        "Title": "A chemical study of tropospheric aerosol components at Hawai`i",
        "Link": "https://irma.nps.gov/DataStore/Reference/Profile/23540"
      },
      "geometry": {
        "type": "Point",
        "coordinates": [-155.4073, 19.235]
      }
    },
    {
      "type": "Feature",
      "properties": {
        "id": "irma-7033",
        "institution": [
          "National Park Service (NPS)"
        ],
        "collection": [
          "NPS - IRMA"
        ],
        "topic": [
          "Birds (Aves)",
          "Firetree (Myrica faya ait.)",
          "Hawai`i",
          "Japanese white-eye (Zosterops japonicus)",
          "Plant Studies",
          "Seed Dispersal",
          "yellow Himalayan raspberry (Rubus ellipticus Sm.)"
        ],
        "format": "Dissertation",
        "publishDate": "2010",
        "building": [
          "Hawaii Volcanoes National Park (HAVO)"
        ],
        "Title": "Alien plant-disperser interactions in Hawai`ian forest ecosystems",
        "Link": "https://irma.nps.gov/DataStore/Reference/Profile/7033"
      },
      "geometry": {
        "type": "Point",
        "coordinates": [-155.4073, 19.235]
      }
    },
    {
      "type": "Feature",
      "properties": {
        "id": "irma-8136",
        "institution": [
          "National Park Service (NPS)"
        ],
        "collection": [
          "NPS - IRMA"
        ],
        "topic": [
          "Anderson Air Force Base Guam",
          "Animal Studies",
          "Compliance",
          "Endangered Species Act",
          "Guam"
        ],
        "format": "Dissertation",
        "publishDate": "2010",
        "building": [
          "War in the Pacific National Historical Park (WAPA)"
        ],
        "Title": "An analysis of consistency of application of the endangered species act on selected Air Force installations",
        "Link": "https://irma.nps.gov/DataStore/Reference/Profile/8136"
      },
      "geometry": {
        "type": "Point",
        "coordinates": [144.6534, 13.3896]
      }
    },
    {
      "type": "Feature",
      "properties": {
        "id": "irma-8060",
        "institution": [
          "National Park Service (NPS)"
        ],
        "collection": [
          "NPS - IRMA"
        ],
        "topic": [
          "Grazing",
          "Growth",
          "Hawai`i",
          "Koa (Acacia koa)",
          "Plant Studies"
        ],
        "format": "Dissertation",
        "publishDate": "2010",
        "building": [
          "Hawaii Volcanoes National Park (HAVO)"
        ],
        "Title": "Analysis and prediction of growth, grazing impacts, and economic production of Acacia koa",
        "Link": "https://irma.nps.gov/DataStore/Reference/Profile/8060"
      },
      "geometry": {
        "type": "Point",
        "coordinates": [-155.4073, 19.235]
      }
    },
    {
      "type": "Feature",
      "properties": {
        "id": "irma-18542",
        "institution": [
          "National Park Service (NPS)"
        ],
        "collection": [
          "NPS - IRMA"
        ],
        "topic": [
          "Aquatic Sciences",
          "Guam",
          "Modeling",
          "Salt Water Intrusion"
        ],
        "format": "Dissertation",
        "publishDate": "2010",
        "building": [
          "War in the Pacific National Historical Park (WAPA)"
        ],
        "Title": "Boundary element simulation of three-dimensional salt water intrusion problems",
        "Link": "https://irma.nps.gov/DataStore/Reference/Profile/18542"
      },
      "geometry": {
        "type": "Point",
        "coordinates": [144.6534, 13.3896]
      }
    },
    {
      "type": "Feature",
      "properties": {
        "id": "irma-71850",
        "institution": [
          "National Park Service (NPS)"
        ],
        "collection": [
          "NPS - IRMA"
        ],
        "topic": [
          "Mauna Kea silversword (Argyroxiphium sandwicense DC)",
          "Mauna Kea Volcano HI",
          "Plant Studies",
          "silversword alliance (Compositae: Madiinae)"
        ],
        "format": "Dissertation",
        "publishDate": "2010",
        "building": [
          "Hawaii Volcanoes National Park (HAVO)"
        ],
        "Title": "Life history, reproductive biology, and conservation of the Mauna Kea silversword, Argyroxiphium sandwicense DC (Asteraceae), an endangered plant of Hawai`i",
        "Link": "https://irma.nps.gov/DataStore/Reference/Profile/71850"
      },
      "geometry": {
        "type": "Point",
        "coordinates": [-155.4073, 19.235]
      }
    },
    {
      "type": "Feature",
      "properties": {
        "id": "irma-2181071",
        "institution": [
          "National Park Service (NPS)"
        ],
        "collection": [
          "NPS - IRMA"
        ],
        "topic": [
          "Amphibians",
          "BOREAL CHORUS FROGS",
          "Pseudacris maculata",
          "Rana sylvatica",
          "Wood Frogs"
        ],
        "format": "Dissertation",
        "publishDate": "2010",
        "building": [
          "Rocky Mountain National Park (ROMO)"
        ],
        "Title": "MONITORING AMPHIBIAN POPULATIONS AND THE STATUS OF WOOD FROGS AND BOREAL CHORUS FROGS IN THE KAWUNEECHE VALLEY OF ROCKY MOUNTAIN NATIONAL PARK",
        "Link": "https://irma.nps.gov/DataStore/Reference/Profile/2181071"
      },
      "geometry": {
        "type": "Point",
        "coordinates": [-105.7037, 40.3571]
      }
    },
    {
      "type": "Feature",
      "properties": {
        "id": "irma-2216728",
        "institution": [
          "National Park Service (NPS)"
        ],
        "collection": [
          "NPS - IRMA"
        ],
        "topic": [
          "All Taxa Biodiveristy Inventory",
          "ATBI",
          "crane flies",
          "Diptera",
          "GRSM-00019",
          "Insects",
          "Tipulioidea"
        ],
        "topic_facet": [
          {
            "key": "1045",
            "label": "Ecological Framework: Biological Integrity | Focal Species or Communities | Terrestrial Invertebrates",
            "description": {}
          }
        ],
        "format": "Dissertation",
        "publishDate": "2003",
        "building": [
          "Great Smoky Mountains National Park (GRSM)"
        ],
        "Title": "Crane flies (Tipulomorpha; Diptera) collected during the All-Taxa Biodiversity Inventory of Great Smoky Mountains National Park, Tennessee and North Carolina: An ecological study.",
        "Link": "https://irma.nps.gov/DataStore/Reference/Profile/2216728"
      },
      "geometry": {
        "type": "Point",
        "coordinates": [-83.5282, 35.5716]
      }
    },
    {
      "type": "Feature",
      "properties": {
        "id": "irma-2124681",
        "institution": [
          "National Park Service (NPS)"
        ],
        "collection": [
          "NPS - IRMA"
        ],
        "topic": [
          "Asphondylia auripila",
          "Larrea tridentata",
          "Plant Studies",
          "Sweeney Granite Mountains Desert Research Center Mojave National Preserve California"
        ],
        "format": "Dissertation",
        "publishDate": "2008",
        "building": [
          "Mojave National Preserve (MOJA)"
        ],
        "Title": "Gall morphology and the effects of host plant water status on the Asphondylia auripila group on Larrea tridentata in the Mojave Desert, Granite Mountains, California",
        "Link": "https://irma.nps.gov/DataStore/Reference/Profile/2124681"
      },
      "geometry": {
        "type": "Point",
        "coordinates": [-115.557, 35.0998]
      }
    },
    {
      "type": "Feature",
      "properties": {
        "id": "irma-564292",
        "institution": [
          "National Park Service (NPS)"
        ],
        "collection": [
          "NPS - IRMA"
        ],
        "topic": [
          "Atmosphere/Climate/Weather",
          "Boreal Forest",
          "Climate Change",
          "Fire Ecology",
          "Fire History",
          "Fire Regime",
          "natural disturbance",
          "Paleoecology",
          "Palynology",
          "Taiga",
          "Vegetation"
        ],
        "format": "Dissertation",
        "publishDate": "2001",
        "building": [
          "Denali National Park and Preserve (DENA)",
          "Wrangell-St. Elias National Park and Preserve (WRST)",
          "Yukon-Charley Rivers National Preserve (YUCH)"
        ],
        "Title": "Fire history of boreal forests : implications for past climate change",
        "Link": "https://irma.nps.gov/DataStore/Reference/Profile/564292"
      },
      "geometry": {
        "type": "MultiPoint",
        "coordinates": [
          [-150.6029, 63.3183],
          [-142.1319, 60.6918],
          [-142.5708, 65.1668]
        ]
      }
    },
    {
      "type": "Feature",
      "properties": {
        "id": "irma-630221",
        "institution": [
          "National Park Service (NPS)"
        ],
        "collection": [
          "NPS - IRMA"
        ],
        "topic": [
          "Coastal",
          "Ecosystem Studies",
          "Human Impact",
          "Logging",
          "marine intertidal",
          "marine invertebrate",
          "Nutrient Cycling"
        ],
        "format": "Dissertation",
        "publishDate": "2006",
        "building": [
          "Olympic National Park (OLYM)"
        ],
        "Title": "Human impacts on the coupling of terrestrial and marine ecosystems",
        "Link": "https://irma.nps.gov/DataStore/Reference/Profile/630221"
      },
      "geometry": {
        "type": "Point",
        "coordinates": [-123.6996, 47.7886]
      }
    },
    {
      "type": "Feature",
      "properties": {
        "id": "irma-2221974",
        "institution": [
          "National Park Service (NPS)"
        ],
        "collection": [
          "NPS - IRMA"
        ],
        "topic": [
          ""
        ],
        "format": "Dissertation",
        "publishDate": "2006",
        "building": [
          "Great Smoky Mountains National Park (GRSM)"
        ],
        "Title": "Understanding Local Reactions to National Parks: the Nature and Consequences of Local Interpretations of Park Policies, Management, and Outreach",
        "Link": "https://irma.nps.gov/DataStore/Reference/Profile/2221974"
      },
      "geometry": {
        "type": "Point",
        "coordinates": [-83.5282, 35.5716]
      }
    },
    {
      "type": "Feature",
      "properties": {
        "id": "irma-2169030",
        "institution": [
          "National Park Service (NPS)"
        ],
        "collection": [
          "NPS - IRMA"
        ],
        "topic": [
          "California gray whale Eschrichtius robustus)",
          "Ethnology",
          "marine protection",
          "marine space",
          "The Makah",
          "traditional whale harvest",
          "treaty rights"
        ],
        "format": "Dissertation",
        "publishDate": "2000",
        "building": [
          "Olympic National Park (OLYM)"
        ],
        "Title": "\"Red Waters\": Contesting Marine Space as Indian Place in the U.S. Pacific Northwest",
        "Link": "https://irma.nps.gov/DataStore/Reference/Profile/2169030"
      },
      "geometry": {
        "type": "Point",
        "coordinates": [-123.6996, 47.7886]
      }
    },
    {
      "type": "Feature",
      "properties": {
        "id": "irma-2227540",
        "institution": [
          "National Park Service (NPS)"
        ],
        "collection": [
          "NPS - IRMA"
        ],
        "topic": [
          "adaptation",
          "archeology",
          "history",
          "technology"
        ],
        "format": "Dissertation",
        "publishDate": "2000",
        "building": [
          "Bering Land Bridge National Preserve (BELA)",
          "Cape Krusenstern National Monument (CAKR)",
          "Kobuk Valley National Park (KOVA)",
          "Noatak National Preserve (NOAT)"
        ],
        "Title": "Technology, Culture Change, and the Introduction of Firearms to Northwest Alaska, 1791-1930",
        "Link": "https://irma.nps.gov/DataStore/Reference/Profile/2227540"
      },
      "geometry": {
        "type": "MultiPoint",
        "coordinates": [
          [-165.1266, 66.2151],
          [-163.4533, 67.4268],
          [-159.0631, 67.2802],
          [-159.3945, 68.1814]
        ]
      }
    },
    {
      "type": "Feature",
      "properties": {
        "id": "irma-2253526",
        "institution": [
          "National Park Service (NPS)"
        ],
        "collection": [
          "NPS - IRMA"
        ],
        "topic": [
          "APHN",
          "Appalachian Highlands Network",
          "Cades Cove",
          "Great Smoky Mountains National Park",
          "GRSM",
          "planning",
          "SER",
          "Southeast Region",
          "transportation"
        ],
        "format": "Dissertation",
        "publishDate": "2004",
        "building": [
          "Great Smoky Mountains National Park (GRSM)"
        ],
        "Title": "Alternative Transportation in Cades Cove: Preserving the Past by Planning for the Future",
        "Link": "https://irma.nps.gov/DataStore/Reference/Profile/2253526"
      },
      "geometry": {
        "type": "Point",
        "coordinates": [-83.5282, 35.5716]
      }
    },
    {
      "type": "Feature",
      "properties": {
        "id": "irma-599231",
        "institution": [
          "National Park Service (NPS)"
        ],
        "collection": [
          "NPS - IRMA"
        ],
        "topic": [
          "Black Spruce",
          "Carbon Cycling",
          "carbon sinks",
          "Climate Change",
          "Fairbanks",
          "forest soils",
          "Forests",
          "Global Warming",
          "Taiga",
          "Vegetation"
        ],
        "format": "Dissertation",
        "publishDate": "2004",
        "building": [
          "Arctic Network (ARCN)",
          "Central Alaska Network (CAKN)",
          "Denali National Park and Preserve (DENA)",
          "Kobuk Valley National Park (KOVA)",
          "Noatak National Preserve (NOAT)",
          "Wrangell-St. Elias National Park and Preserve (WRST)",
          "Yukon-Charley Rivers National Preserve (YUCH)"
        ],
        "Title": "Carbon cycling in three mature black spruce (Picea mariana [Mill.] B.S.P) forests in interior Alaska",
        "Link": "https://irma.nps.gov/DataStore/Reference/Profile/599231"
      },
      "geometry": {
        "type": "MultiPoint",
        "coordinates": [
          [-150.6029, 63.3183],
          [-159.0631, 67.2802],
          [-159.3945, 68.1814],
          [-142.1319, 60.6918],
          [-142.5708, 65.1668]
        ]
      }
    },
    {
      "type": "Feature",
      "properties": {
        "id": "irma-650816",
        "institution": [
          "National Park Service (NPS)"
        ],
        "collection": [
          "NPS - IRMA"
        ],
        "topic": [
          "American Samoa",
          "benthic community",
          "Coral",
          "Fish",
          "Fisheries",
          "Marine Protected Area (MPA)",
          "Marine Resources"
        ],
        "format": "Dissertation",
        "publishDate": "2004",
        "building": [
          "National Park of American Samoa (NPSA)",
          "Pacific Islands Network (PACN)"
        ],
        "Title": "Evaluation of the effects of community-based fisheries management on coral reef communities of American Samoa",
        "Link": "https://irma.nps.gov/DataStore/Reference/Profile/650816"
      },
      "geometry": {
        "type": "Point",
        "coordinates": [-170.689, -14.259]
      }
    },
    {
      "type": "Feature",
      "properties": {
        "id": "irma-599237",
        "institution": [
          "National Park Service (NPS)"
        ],
        "collection": [
          "NPS - IRMA"
        ],
        "topic": [
          "blubber",
          "bowhead whale",
          "Diet",
          "Harbor Seal",
          "Lipids",
          "Mammals",
          "Marine Mammals",
          "Metabolism"
        ],
        "format": "Dissertation",
        "publishDate": "2004",
        "building": [
          "Glacier Bay National Park and Preserve (GLBA)",
          "Southeast Alaska Network (SEAN)"
        ],
        "Title": "Investigations of the role of lipids in marine mammal diets, health and ecology",
        "Link": "https://irma.nps.gov/DataStore/Reference/Profile/599237"
      },
      "geometry": {
        "type": "Point",
        "coordinates": [-136.8654, 58.7004]
      }
    },
    {
      "type": "Feature",
      "properties": {
        "id": "irma-599240",
        "institution": [
          "National Park Service (NPS)"
        ],
        "collection": [
          "NPS - IRMA"
        ],
        "topic": [
          "Abundance",
          "Escapement",
          "Fish",
          "Kuskokwim River",
          "Pacific Salmon",
          "Populations",
          "Recruitment",
          "Salmonids",
          "stock assessement",
          "Yukon River"
        ],
        "format": "Dissertation",
        "publishDate": "2004",
        "building": [
          "Central Alaska Network (CAKN)",
          "Glacier Bay National Park and Preserve (GLBA)",
          "Southeast Alaska Network (SEAN)",
          "Wrangell-St. Elias National Park and Preserve (WRST)",
          "Yukon-Charley Rivers National Preserve (YUCH)"
        ],
        "Title": "Utilizing multi-source abundance estimation and climate variability to forecast Pacific salmon populations",
        "Link": "https://irma.nps.gov/DataStore/Reference/Profile/599240"
      },
      "geometry": {
        "type": "MultiPoint",
        "coordinates": [
          [-136.8654, 58.7004],
          [-142.1319, 60.6918],
          [-142.5708, 65.1668]
        ]
      }
    },
    {
      "type": "Feature",
      "properties": {
        "id": "irma-564236",
        "institution": [
          "National Park Service (NPS)"
        ],
        "collection": [
          "NPS - IRMA"
        ],
        "topic": [
          "Animal Communities (Wildlife)",
          "Coastal/Marine Systems",
          "declining populations",
          "Foods",
          "Gulf Of Alaska",
          "Harbor Seal",
          "Health",
          "Herring",
          "Marine Mammals",
          "Metabolism",
          "Nutrition",
          "Pinnipeds",
          "pollock",
          "prey selection",
          "Prince William Sound",
          "Tugidak Island"
        ],
        "format": "Dissertation",
        "publishDate": "2003",
        "building": [
          "Glacier Bay National Park and Preserve (GLBA)",
          "Southeast Alaska Network (SEAN)"
        ],
        "Title": "Assessing the health of harbor seals in Alaska",
        "Link": "https://irma.nps.gov/DataStore/Reference/Profile/564236"
      },
      "geometry": {
        "type": "Point",
        "coordinates": [-136.8654, 58.7004]
      }
    },
    {
      "type": "Feature",
      "properties": {
        "id": "irma-2227619",
        "institution": [
          "National Park Service (NPS)"
        ],
        "collection": [
          "NPS - IRMA"
        ],
        "topic": [
          "archeology",
          "chert",
          "geology"
        ],
        "format": "Dissertation",
        "publishDate": "1998",
        "building": [
          "Gates of the Arctic National Park and Preserve (GAAR)",
          "Kobuk Valley National Park (KOVA)",
          "Noatak National Preserve (NOAT)"
        ],
        "Title": "Determination of geological sources for prehistoric chert artifacts, northwestern Alaska",
        "Link": "https://irma.nps.gov/DataStore/Reference/Profile/2227619"
      },
      "geometry": {
        "type": "MultiPoint",
        "coordinates": [
          [-153.3869, 67.869],
          [-159.0631, 67.2802],
          [-159.3945, 68.1814]
        ]
      }
    },
    {
      "type": "Feature",
      "properties": {
        "id": "irma-564268",
        "institution": [
          "National Park Service (NPS)"
        ],
        "collection": [
          "NPS - IRMA"
        ],
        "topic": [
          "Aspen",
          "Boreal Forest",
          "Climate Change",
          "Ecological succession",
          "Fire (Behavior Ecology Effects)",
          "Fire Ecology",
          "Forest Fires",
          "Forest regeneration",
          "Lodgepole Pine",
          "microclimatology",
          "range expansion",
          "Taiga",
          "Vegetation succession"
        ],
        "format": "Dissertation",
        "publishDate": "2003",
        "building": [
          "Central Alaska Network (CAKN)",
          "Denali National Park and Preserve (DENA)",
          "Wrangell-St. Elias National Park and Preserve (WRST)",
          "Yukon-Charley Rivers National Preserve (YUCH)"
        ],
        "Title": "Fire and successional trajectories in boreal forest: implications for response to a changing climate",
        "Link": "https://irma.nps.gov/DataStore/Reference/Profile/564268"
      },
      "geometry": {
        "type": "MultiPoint",
        "coordinates": [
          [-150.6029, 63.3183],
          [-142.1319, 60.6918],
          [-142.5708, 65.1668]
        ]
      }
    },
    {
      "type": "Feature",
      "properties": {
        "id": "irma-564231",
        "institution": [
          "National Park Service (NPS)"
        ],
        "collection": [
          "NPS - IRMA"
        ],
        "topic": [
          "climate modeling",
          "Coastal/Marine Systems",
          "Gulf Of Alaska",
          "Ocean currents",
          "Seasonal variation"
        ],
        "format": "Dissertation",
        "publishDate": "2003",
        "building": [
          "Glacier Bay National Park and Preserve (GLBA)",
          "Sitka National Historical Park (SITK)"
        ],
        "Title": "Idealized modeling of seasonal variation in the Alaska Coastal current",
        "Link": "https://irma.nps.gov/DataStore/Reference/Profile/564231"
      },
      "geometry": {
        "type": "MultiPoint",
        "coordinates": [
          [-136.8654, 58.7004],
          [-135.3156, 57.047]
        ]
      }
    },
    {
      "type": "Feature",
      "properties": {
        "id": "irma-580109",
        "institution": [
          "National Park Service (NPS)"
        ],
        "collection": [
          "NPS - IRMA"
        ],
        "topic": [
          "Birds",
          "Feathers",
          "genetic markers",
          "Genetics",
          "Identification",
          "Population Genetics",
          "Stable Isotopes"
        ],
        "format": "Dissertation",
        "publishDate": "2003",
        "building": [
          "Alagnak Wild River (ALAG)",
          "Aniakchak National Monument and Preserve (ANIA)",
          "Arctic Network (ARCN)",
          "Bering Land Bridge National Preserve (BELA)",
          "Central Alaska Network (CAKN)",
          "Cape Krusenstern National Monument (CAKR)",
          "Denali National Park and Preserve (DENA)",
          "Gates of the Arctic National Park and Preserve (GAAR)",
          "Glacier Bay National Park and Preserve (GLBA)",
          "Katmai National Park and Preserve (KATM)",
          "Kenai Fjords National Park (KEFJ)",
          "Klondike Gold Rush National Historical Park (KLGO)",
          "Kobuk Valley National Park (KOVA)",
          "Lake Clark National Park and Preserve (LACL)",
          "Noatak National Preserve (NOAT)",
          "Southeast Alaska Network (SEAN)",
          "Sitka National Historical Park (SITK)",
          "Southwest Alaska Network (SWAN)",
          "Wrangell-St. Elias National Park and Preserve (WRST)",
          "Yukon-Charley Rivers National Preserve (YUCH)"
        ],
        "Title": "Intrinsic markers in avian populations: explorations in stable isotopes, contaminants, and genetics",
        "Link": "https://irma.nps.gov/DataStore/Reference/Profile/580109"
      },
      "geometry": {
        "type": "MultiPoint",
        "coordinates": [
          [-156.0822, 59.0031],
          [-158.0973, 56.9011],
          [-165.1266, 66.2151],
          [-163.4533, 67.4268],
          [-150.6029, 63.3183],
          [-153.3869, 67.869],
          [-136.8654, 58.7004],
          [-154.8894, 58.5661],
          [-150.2466, 59.504],
          [-135.2926, 59.6316],
          [-159.0631, 67.2802],
          [-153.2619, 60.5804],
          [-159.3945, 68.1814],
          [-135.3156, 57.047],
          [-142.1319, 60.6918],
          [-142.5708, 65.1668]
        ]
      }
    },
    {
      "type": "Feature",
      "properties": {
        "id": "irma-600436",
        "institution": [
          "National Park Service (NPS)"
        ],
        "collection": [
          "NPS - IRMA"
        ],
        "topic": [
          "Boreal Forest",
          "Ecology (Terrestrial)",
          "Subarctic",
          "Treeline"
        ],
        "format": "Dissertation",
        "publishDate": "2003",
        "building": [
          "Denali National Park and Preserve (DENA)",
          "Wrangell-St. Elias National Park and Preserve (WRST)",
          "Yukon-Charley Rivers National Preserve (YUCH)"
        ],
        "Title": "The treeline ecotone in interior Alaska: from theory to planning and the ecology in between",
        "Link": "https://irma.nps.gov/DataStore/Reference/Profile/600436"
      },
      "geometry": {
        "type": "MultiPoint",
        "coordinates": [
          [-150.6029, 63.3183],
          [-142.1319, 60.6918],
          [-142.5708, 65.1668]
        ]
      }
    },
    {
      "type": "Feature",
      "properties": {
        "id": "irma-2190752",
        "institution": [
          "National Park Service (NPS)"
        ],
        "collection": [
          "NPS - IRMA"
        ],
        "topic": [
          "Brook Trout Restoration",
          "Leconte Creek",
          "macroinvertebrate communities",
          "Macroinvertebrates"
        ],
        "format": "Dissertation",
        "publishDate": "2002",
        "building": [
          "Great Smoky Mountains National Park (GRSM)"
        ],
        "Title": "Characterization of Aquatic Macroinvertebrate Communities and Their Response to Brook Trout Restoration in Great Smoky Mountains National Park",
        "Link": "https://irma.nps.gov/DataStore/Reference/Profile/2190752"
      },
      "geometry": {
        "type": "Point",
        "coordinates": [-83.5282, 35.5716]
      }
    },
    {
      "type": "Feature",
      "properties": {
        "id": "irma-592245",
        "institution": [
          "National Park Service (NPS)"
        ],
        "collection": [
          "NPS - IRMA"
        ],
        "topic": [
          "aquatic macroinvertebrate communities",
          "Brook Trout",
          "Leconte Creek",
          "Rainbow Trout",
          "Restoration"
        ],
        "format": "Dissertation",
        "publishDate": "2002",
        "building": [
          "Great Smoky Mountains National Park (GRSM)"
        ],
        "Title": "Characterization of aquatic macroinvertebrate communities and their response to brook trout restoration in Great Smoky Mountains national Park",
        "Link": "https://irma.nps.gov/DataStore/Reference/Profile/592245"
      },
      "geometry": {
        "type": "Point",
        "coordinates": [-83.5282, 35.5716]
      }
    },
    {
      "type": "Feature",
      "properties": {
        "id": "irma-564273",
        "institution": [
          "National Park Service (NPS)"
        ],
        "collection": [
          "NPS - IRMA"
        ],
        "topic": [
          "bioremediation",
          "constructed wetlands",
          "environmental contaminant",
          "Freshwater flora",
          "Heavy Metals",
          "Human Disturbance",
          "Plant Communities",
          "Sewage",
          "Subarctic",
          "Wetlands",
          "Wetlands/Floodplains"
        ],
        "format": "Dissertation",
        "publishDate": "2002",
        "building": [
          "Denali National Park and Preserve (DENA)",
          "Wrangell-St. Elias National Park and Preserve (WRST)",
          "Yukon-Charley Rivers National Preserve (YUCH)"
        ],
        "Title": "Constructed wetlands for wastewater treatment in the subarctic",
        "Link": "https://irma.nps.gov/DataStore/Reference/Profile/564273"
      },
      "geometry": {
        "type": "MultiPoint",
        "coordinates": [
          [-150.6029, 63.3183],
          [-142.1319, 60.6918],
          [-142.5708, 65.1668]
        ]
      }
    },
    {
      "type": "Feature",
      "properties": {
        "id": "irma-654127",
        "institution": [
          "National Park Service (NPS)"
        ],
        "collection": [
          "NPS - IRMA"
        ],
        "topic": [
          "Denali fault Alaska",
          "Geology",
          "tectonic activity",
          "Tectonics"
        ],
        "format": "Dissertation",
        "publishDate": "2002",
        "building": [
          "Denali National Park and Preserve (DENA)"
        ],
        "Title": "Crustal deformation in Alaska measured using the global positioning system",
        "Link": "https://irma.nps.gov/DataStore/Reference/Profile/654127"
      },
      "geometry": {
        "type": "Point",
        "coordinates": [-150.6029, 63.3183]
      }
    },
    {
      "type": "Feature",
      "properties": {
        "id": "irma-565188",
        "institution": [
          "National Park Service (NPS)"
        ],
        "collection": [
          "NPS - IRMA"
        ],
        "topic": [
          "Birds/Ornithology",
          "Black brandt",
          "Branta bernicla",
          "brood rearing",
          "Carex subspathacea",
          "foraging habits",
          "Growth",
          "Triglochin palustris",
          "Waterfowl",
          "Wildlife"
        ],
        "format": "Dissertation",
        "publishDate": "2002",
        "building": [
          "Bering Land Bridge National Preserve (BELA)",
          "Cape Krusenstern National Monument (CAKR)",
          "Gates of the Arctic National Park and Preserve (GAAR)",
          "Kobuk Valley National Park (KOVA)",
          "Noatak National Preserve (NOAT)"
        ],
        "Title": "Environmental regulation of growth in black brant",
        "Link": "https://irma.nps.gov/DataStore/Reference/Profile/565188"
      },
      "geometry": {
        "type": "MultiPoint",
        "coordinates": [
          [-165.1266, 66.2151],
          [-163.4533, 67.4268],
          [-153.3869, 67.869],
          [-159.0631, 67.2802],
          [-159.3945, 68.1814]
        ]
      }
    },
    {
      "type": "Feature",
      "properties": {
        "id": "irma-648935",
        "institution": [
          "National Park Service (NPS)"
        ],
        "collection": [
          "NPS - IRMA"
        ],
        "topic": [
          "forest habitat fragmentation",
          "Forest Management",
          "Old Growth Forest",
          "Plant Studies",
          "Understory"
        ],
        "format": "Dissertation",
        "publishDate": "2002",
        "building": [
          "Olympic National Park (OLYM)"
        ],
        "Title": "Forests of the western Olympic Peninsulla: understory plant species diversity, forest policy, and landscape pattern",
        "Link": "https://irma.nps.gov/DataStore/Reference/Profile/648935"
      },
      "geometry": {
        "type": "Point",
        "coordinates": [-123.6996, 47.7886]
      }
    },
    {
      "type": "Feature",
      "properties": {
        "id": "irma-565190",
        "institution": [
          "National Park Service (NPS)"
        ],
        "collection": [
          "NPS - IRMA"
        ],
        "topic": [
          "Arctic",
          "Brooks Range",
          "Climate Change",
          "Paleobotany",
          "Paleontology",
          "pollen assemblages",
          "Soils",
          "Tundra",
          "Vegetation"
        ],
        "format": "Dissertation",
        "publishDate": "2002",
        "building": [
          "Gates of the Arctic National Park and Preserve (GAAR)",
          "Kobuk Valley National Park (KOVA)",
          "Noatak National Preserve (NOAT)"
        ],
        "Title": "Holocene vegetational history of the central arctic foothills, northern Alaska: pollen representation of tundra and edaphic controls on the response of tundra to climate change",
        "Link": "https://irma.nps.gov/DataStore/Reference/Profile/565190"
      },
      "geometry": {
        "type": "MultiPoint",
        "coordinates": [
          [-153.3869, 67.869],
          [-159.0631, 67.2802],
          [-159.3945, 68.1814]
        ]
      }
    },
    {
      "type": "Feature",
      "properties": {
        "id": "irma-565193",
        "institution": [
          "National Park Service (NPS)"
        ],
        "collection": [
          "NPS - IRMA"
        ],
        "topic": [
          "Arctic",
          "melting",
          "remote sensing - microwave",
          "Snow",
          "thermal properties",
          "Water - Hydrology"
        ],
        "format": "Dissertation",
        "publishDate": "2002",
        "building": [
          "Bering Land Bridge National Preserve (BELA)",
          "Cape Krusenstern National Monument (CAKR)",
          "Gates of the Arctic National Park and Preserve (GAAR)",
          "Kobuk Valley National Park (KOVA)",
          "Noatak National Preserve (NOAT)"
        ],
        "Title": "Initiation of snow melt on the North Slope of Alaska as observed with spaceborne passive microwave data",
        "Link": "https://irma.nps.gov/DataStore/Reference/Profile/565193"
      },
      "geometry": {
        "type": "MultiPoint",
        "coordinates": [
          [-165.1266, 66.2151],
          [-163.4533, 67.4268],
          [-153.3869, 67.869],
          [-159.0631, 67.2802],
          [-159.3945, 68.1814]
        ]
      }
    },
    {
      "type": "Feature",
      "properties": {
        "id": "irma-564278",
        "institution": [
          "National Park Service (NPS)"
        ],
        "collection": [
          "NPS - IRMA"
        ],
        "topic": [
          "Atmosphere/Climate/Weather",
          "Boreal Forest",
          "Climate Change",
          "Dendrochronology",
          "lake sediments",
          "Paleoclimatology",
          "Subarctic",
          "Tree Rings",
          "White Spruce"
        ],
        "format": "Dissertation",
        "publishDate": "2002",
        "building": [
          "Denali National Park and Preserve (DENA)",
          "Wrangell-St. Elias National Park and Preserve (WRST)",
          "Yukon-Charley Rivers National Preserve (YUCH)"
        ],
        "Title": "Millennial to annual scale paleoclimatic change in central Alaska during the late quaternary interpreted from lake sediments and tree rings",
        "Link": "https://irma.nps.gov/DataStore/Reference/Profile/564278"
      },
      "geometry": {
        "type": "MultiPoint",
        "coordinates": [
          [-150.6029, 63.3183],
          [-142.1319, 60.6918],
          [-142.5708, 65.1668]
        ]
      }
    },
    {
      "type": "Feature",
      "properties": {
        "id": "irma-565194",
        "institution": [
          "National Park Service (NPS)"
        ],
        "collection": [
          "NPS - IRMA"
        ],
        "topic": [
          "Arctic",
          "National Parks",
          "Philosophy",
          "Recreation/Aesthetics",
          "visitors - experiences",
          "wilderness - uses concepts of",
          "Wilderness Act (1964)",
          "Wilderness Management"
        ],
        "format": "Dissertation",
        "publishDate": "2002",
        "building": [
          "Bering Land Bridge National Preserve (BELA)",
          "Cape Krusenstern National Monument (CAKR)",
          "Gates of the Arctic National Park and Preserve (GAAR)",
          "Kobuk Valley National Park (KOVA)",
          "Noatak National Preserve (NOAT)"
        ],
        "Title": "Minding the meaning of wilderness: Investigating the tensions and complexities inherent in wilderness visitors experience narratives",
        "Link": "https://irma.nps.gov/DataStore/Reference/Profile/565194"
      },
      "geometry": {
        "type": "MultiPoint",
        "coordinates": [
          [-165.1266, 66.2151],
          [-163.4533, 67.4268],
          [-153.3869, 67.869],
          [-159.0631, 67.2802],
          [-159.3945, 68.1814]
        ]
      }
    },
    {
      "type": "Feature",
      "properties": {
        "id": "irma-580111",
        "institution": [
          "National Park Service (NPS)"
        ],
        "collection": [
          "NPS - IRMA"
        ],
        "topic": [
          "Bench Glacier",
          "Chugach Mountains",
          "Cirques",
          "glacial landforms",
          "Landscape change",
          "Mathematical Models",
          "Sedimentation"
        ],
        "format": "Dissertation",
        "publishDate": "2002",
        "building": [
          "Central Alaska Network (CAKN)",
          "Glacier Bay National Park and Preserve (GLBA)",
          "Klondike Gold Rush National Historical Park (KLGO)",
          "Southeast Alaska Network (SEAN)",
          "Sitka National Historical Park (SITK)",
          "Wrangell-St. Elias National Park and Preserve (WRST)"
        ],
        "Title": "Modeling and field constraints on glacier dynamics, erosion, and alpine landscape evolution",
        "Link": "https://irma.nps.gov/DataStore/Reference/Profile/580111"
      },
      "geometry": {
        "type": "MultiPoint",
        "coordinates": [
          [-136.8654, 58.7004],
          [-135.2926, 59.6316],
          [-135.3156, 57.047],
          [-142.1319, 60.6918]
        ]
      }
    },
    {
      "type": "Feature",
      "properties": {
        "id": "irma-565195",
        "institution": [
          "National Park Service (NPS)"
        ],
        "collection": [
          "NPS - IRMA"
        ],
        "topic": [
          "Arctic",
          "arctic ground squirrel",
          "Hibernation",
          "leptin",
          "Mammals",
          "Metabolism",
          "Small Mammals",
          "Spermophilus parryii",
          "Wildlife"
        ],
        "format": "Dissertation",
        "publishDate": "2002",
        "building": [
          "Bering Land Bridge National Preserve (BELA)",
          "Cape Krusenstern National Monument (CAKR)",
          "Gates of the Arctic National Park and Preserve (GAAR)",
          "Kobuk Valley National Park (KOVA)",
          "Noatak National Preserve (NOAT)"
        ],
        "Title": "Molecular mechanisms of metabolic control in the arctic ground squirrel",
        "Link": "https://irma.nps.gov/DataStore/Reference/Profile/565195"
      },
      "geometry": {
        "type": "MultiPoint",
        "coordinates": [
          [-165.1266, 66.2151],
          [-163.4533, 67.4268],
          [-153.3869, 67.869],
          [-159.0631, 67.2802],
          [-159.3945, 68.1814]
        ]
      }
    },
    {
      "type": "Feature",
      "properties": {
        "id": "irma-648253",
        "institution": [
          "National Park Service (NPS)"
        ],
        "collection": [
          "NPS - IRMA"
        ],
        "topic": [
          "Archaeology",
          "CRBIB",
          "Ethnoarchaeology",
          "Pajarito Plateau (N.M.)",
          "Petroglyphs-New Mexico-Bandelier National Monument",
          "Pueblo Indians-Agriculture",
          "Rock art-New Mexico-Bandelier National Monument"
        ],
        "format": "Dissertation",
        "publishDate": "2002",
        "building": [
          "Bandelier National Monument (BAND)"
        ],
        "Title": "On boundaries and beliefs: rock art and identity on the Pajarito Plateau",
        "Link": "https://irma.nps.gov/DataStore/Reference/Profile/648253"
      },
      "geometry": {
        "type": "Point",
        "coordinates": [-106.3573, 35.8188]
      }
    },
    {
      "type": "Feature",
      "properties": {
        "id": "irma-565197",
        "institution": [
          "National Park Service (NPS)"
        ],
        "collection": [
          "NPS - IRMA"
        ],
        "topic": [
          "Arctic",
          "Beringia",
          "Birds/Ornithology",
          "Calidris ptilocnemis",
          "Community Ecology",
          "Landbirds",
          "Melospiza melodia",
          "Pleistocene",
          "Rock sandpiper",
          "Siberia",
          "Song sparrows",
          "Speciation"
        ],
        "format": "Dissertation",
        "publishDate": "2002",
        "building": [
          "Bering Land Bridge National Preserve (BELA)",
          "Cape Krusenstern National Monument (CAKR)",
          "Gates of the Arctic National Park and Preserve (GAAR)",
          "Kobuk Valley National Park (KOVA)",
          "Noatak National Preserve (NOAT)"
        ],
        "Title": "Phylogeography and population genetic structure of Beringian landbirds",
        "Link": "https://irma.nps.gov/DataStore/Reference/Profile/565197"
      },
      "geometry": {
        "type": "MultiPoint",
        "coordinates": [
          [-165.1266, 66.2151],
          [-163.4533, 67.4268],
          [-153.3869, 67.869],
          [-159.0631, 67.2802],
          [-159.3945, 68.1814]
        ]
      }
    },
    {
      "type": "Feature",
      "properties": {
        "id": "irma-564280",
        "institution": [
          "National Park Service (NPS)"
        ],
        "collection": [
          "NPS - IRMA"
        ],
        "topic": [
          "Animal Communities (Wildlife)",
          "Genetics",
          "large ungulate",
          "Mammal",
          "Moose",
          "North America",
          "Phylogeography"
        ],
        "format": "Dissertation",
        "publishDate": "2002",
        "building": [
          "Denali National Park and Preserve (DENA)",
          "Wrangell-St. Elias National Park and Preserve (WRST)",
          "Yukon-Charley Rivers National Preserve (YUCH)"
        ],
        "Title": "Phylogeography of moose (Alces alces) : genetic signatures of population history",
        "Link": "https://irma.nps.gov/DataStore/Reference/Profile/564280"
      },
      "geometry": {
        "type": "MultiPoint",
        "coordinates": [
          [-150.6029, 63.3183],
          [-142.1319, 60.6918],
          [-142.5708, 65.1668]
        ]
      }
    },
    {
      "type": "Feature",
      "properties": {
        "id": "irma-596947",
        "institution": [
          "National Park Service (NPS)"
        ],
        "collection": [
          "NPS - IRMA"
        ],
        "topic": [
          "Black Bears",
          "Poaching",
          "Population Ecology",
          "Ursus americanus"
        ],
        "format": "Dissertation",
        "publishDate": "2002",
        "building": [
          "Great Smoky Mountains National Park (GRSM)"
        ],
        "Title": "Population ecology of black bears in Great Smoky Mountains National Park",
        "Link": "https://irma.nps.gov/DataStore/Reference/Profile/596947"
      },
      "geometry": {
        "type": "Point",
        "coordinates": [-83.5282, 35.5716]
      }
    },
    {
      "type": "Feature",
      "properties": {
        "id": "irma-564244",
        "institution": [
          "National Park Service (NPS)"
        ],
        "collection": [
          "NPS - IRMA"
        ],
        "topic": [
          "Coastal/Marine Systems",
          "Cook Inlet",
          "Genetics",
          "Gulf Of Alaska",
          "Halichondria",
          "Intertidal",
          "Kachemak Bay",
          "Marine Ecology",
          "nudibranchia",
          "sponges"
        ],
        "format": "Dissertation",
        "publishDate": "2002",
        "building": [
          "Glacier Bay National Park and Preserve (GLBA)"
        ],
        "Title": "Sponges dominant in the Alaska intertidal : biology, ecology, and genetic diversity",
        "Link": "https://irma.nps.gov/DataStore/Reference/Profile/564244"
      },
      "geometry": {
        "type": "Point",
        "coordinates": [-136.8654, 58.7004]
      }
    },
    {
      "type": "Feature",
      "properties": {
        "id": "irma-564265",
        "institution": [
          "National Park Service (NPS)"
        ],
        "collection": [
          "NPS - IRMA"
        ],
        "topic": [
          "atmospheric carbon dioxide",
          "Boreal Forest",
          "carbon exchange",
          "Fire (Behavior Ecology Effects)",
          "Fire Ecology",
          "Heat Flow",
          "Subarctic",
          "Taiga",
          "terrestrial heat flow"
        ],
        "format": "Dissertation",
        "publishDate": "2002",
        "building": [
          "Denali National Park and Preserve (DENA)",
          "Wrangell-St. Elias National Park and Preserve (WRST)",
          "Yukon-Charley Rivers National Preserve (YUCH)"
        ],
        "Title": "The impact of fire disturbance on carbon and energy exchange in the Alaskan boreal region : a geospatial data analysis",
        "Link": "https://irma.nps.gov/DataStore/Reference/Profile/564265"
      },
      "geometry": {
        "type": "MultiPoint",
        "coordinates": [
          [-150.6029, 63.3183],
          [-142.1319, 60.6918],
          [-142.5708, 65.1668]
        ]
      }
    },
    {
      "type": "Feature",
      "properties": {
        "id": "irma-600065",
        "institution": [
          "National Park Service (NPS)"
        ],
        "collection": [
          "NPS - IRMA"
        ],
        "topic": [
          "Birds/Ornithology",
          "Calidris mauri",
          "Feathers",
          "Life History",
          "Migration",
          "Shorebirds",
          "Western Sandpiper"
        ],
        "format": "Dissertation",
        "publishDate": "2002",
        "building": [
          "Bering Land Bridge National Preserve (BELA)",
          "Cape Krusenstern National Monument (CAKR)",
          "Gates of the Arctic National Park and Preserve (GAAR)",
          "Kobuk Valley National Park (KOVA)",
          "Noatak National Preserve (NOAT)"
        ],
        "Title": "The role of feather wear in alternative life history strategies of a long-distance migratory shorebird, the western sandpiper (Calidris mauri)",
        "Link": "https://irma.nps.gov/DataStore/Reference/Profile/600065"
      },
      "geometry": {
        "type": "MultiPoint",
        "coordinates": [
          [-165.1266, 66.2151],
          [-163.4533, 67.4268],
          [-153.3869, 67.869],
          [-159.0631, 67.2802],
          [-159.3945, 68.1814]
        ]
      }
    },
    {
      "type": "Feature",
      "properties": {
        "id": "irma-564246",
        "institution": [
          "National Park Service (NPS)"
        ],
        "collection": [
          "NPS - IRMA"
        ],
        "topic": [
          "Coastal/Marine Systems",
          "Food Web",
          "Harbor Seal",
          "Herring",
          "Marine Mammal",
          "Metabolism",
          "Phoca vitulina",
          "pollock"
        ],
        "format": "Dissertation",
        "publishDate": "2002",
        "building": [
          "Glacier Bay National Park and Preserve (GLBA)"
        ],
        "Title": "Tracing amino acid metabolism of harbor seals (Phoca vitulina) using stable isotope techniques",
        "Link": "https://irma.nps.gov/DataStore/Reference/Profile/564246"
      },
      "geometry": {
        "type": "Point",
        "coordinates": [-136.8654, 58.7004]
      }
    },
    {
      "type": "Feature",
      "properties": {
        "id": "irma-564248",
        "institution": [
          "National Park Service (NPS)"
        ],
        "collection": [
          "NPS - IRMA"
        ],
        "topic": [
          "Anadromous Fish",
          "Fish/Ichthyology",
          "Gulf Of Alaska",
          "management goals",
          "model development",
          "Pink Salmon",
          "Prince William Sound"
        ],
        "format": "Dissertation",
        "publishDate": "2002",
        "building": [
          "Glacier Bay National Park and Preserve (GLBA)",
          "Sitka National Historical Park (SITK)"
        ],
        "Title": "Variability of pink salmon family size has implications for conservation and management models",
        "Link": "https://irma.nps.gov/DataStore/Reference/Profile/564248"
      },
      "geometry": {
        "type": "MultiPoint",
        "coordinates": [
          [-136.8654, 58.7004],
          [-135.3156, 57.047]
        ]
      }
    },
    {
      "type": "Feature",
      "properties": {
        "id": "irma-564249",
        "institution": [
          "National Park Service (NPS)"
        ],
        "collection": [
          "NPS - IRMA"
        ],
        "topic": [
          "Alexander Archipelago",
          "Animal Communities (Wildlife)",
          "animal ecology",
          "Conservation",
          "Habitat Use",
          "Home Range",
          "human access",
          "Human Disturbance",
          "Mammal",
          "modification of habitat",
          "Predation",
          "Prince of Wales Island",
          "Sitka Black-Tailed Deer",
          "Timber Harvest",
          "Wolf",
          "wolf mortality"
        ],
        "format": "Dissertation",
        "publishDate": "2001",
        "building": [
          "Glacier Bay National Park and Preserve (GLBA)",
          "Klondike Gold Rush National Historical Park (KLGO)",
          "Sitka National Historical Park (SITK)"
        ],
        "Title": "Alexander Archipelago wolves : ecology and population viability in a disturbed, insular landscape",
        "Link": "https://irma.nps.gov/DataStore/Reference/Profile/564249"
      },
      "geometry": {
        "type": "MultiPoint",
        "coordinates": [
          [-136.8654, 58.7004],
          [-135.2926, 59.6316],
          [-135.3156, 57.047]
        ]
      }
    },
    {
      "type": "Feature",
      "properties": {
        "id": "irma-574073",
        "institution": [
          "National Park Service (NPS)"
        ],
        "collection": [
          "NPS - IRMA"
        ],
        "topic": [
          "cloud water deposition dry deposition wet deposition rainforest"
        ],
        "format": "Dissertation",
        "publishDate": "2001",
        "building": [
          "Hawaii Volcanoes National Park (HAVO)"
        ],
        "Title": "Atmospheric nutrient deposition in Hawaii: methods, rates and sources",
        "Link": "https://irma.nps.gov/DataStore/Reference/Profile/574073"
      },
      "geometry": {
        "type": "Point",
        "coordinates": [-155.4073, 19.235]
      }
    },
    {
      "type": "Feature",
      "properties": {
        "id": "irma-565200",
        "institution": [
          "National Park Service (NPS)"
        ],
        "collection": [
          "NPS - IRMA"
        ],
        "topic": [
          "Arctic",
          "Bacteria",
          "Fungi",
          "Microbiology",
          "North Slope",
          "Organic Matter",
          "Soil biochemistry",
          "Soils",
          "Tundra"
        ],
        "format": "Dissertation",
        "publishDate": "2001",
        "building": [
          "Bering Land Bridge National Preserve (BELA)",
          "Cape Krusenstern National Monument (CAKR)",
          "Gates of the Arctic National Park and Preserve (GAAR)",
          "Kobuk Valley National Park (KOVA)",
          "Noatak National Preserve (NOAT)"
        ],
        "Title": "Bioavailability and chemical characterization of soil organic matter in Arctic soils",
        "Link": "https://irma.nps.gov/DataStore/Reference/Profile/565200"
      },
      "geometry": {
        "type": "MultiPoint",
        "coordinates": [
          [-165.1266, 66.2151],
          [-163.4533, 67.4268],
          [-153.3869, 67.869],
          [-159.0631, 67.2802],
          [-159.3945, 68.1814]
        ]
      }
    },
    {
      "type": "Feature",
      "properties": {
        "id": "irma-600335",
        "institution": [
          "National Park Service (NPS)"
        ],
        "collection": [
          "NPS - IRMA"
        ],
        "topic": [
          "Bark Beetle",
          "beetle damage",
          "Boreal Forest",
          "Subarctic"
        ],
        "format": "Dissertation",
        "publishDate": "2001",
        "building": [
          "Denali National Park and Preserve (DENA)",
          "Wrangell-St. Elias National Park and Preserve (WRST)",
          "Yukon-Charley Rivers National Preserve (YUCH)"
        ],
        "Title": "Density related variability in host selection by bark beetles: feedback between individual and population level processes",
        "Link": "https://irma.nps.gov/DataStore/Reference/Profile/600335"
      },
      "geometry": {
        "type": "MultiPoint",
        "coordinates": [
          [-150.6029, 63.3183],
          [-142.1319, 60.6918],
          [-142.5708, 65.1668]
        ]
      }
    },
    {
      "type": "Feature",
      "properties": {
        "id": "irma-564251",
        "institution": [
          "National Park Service (NPS)"
        ],
        "collection": [
          "NPS - IRMA"
        ],
        "topic": [
          "Anadromous Fish",
          "Aquatic Ecology",
          "Fish/Ichthyology",
          "Fisheries Management",
          "Gulf Of Alaska",
          "Pink Salmon",
          "Prince William Sound",
          "Zooplankton"
        ],
        "format": "Dissertation",
        "publishDate": "2001",
        "building": [
          "Glacier Bay National Park and Preserve (GLBA)",
          "Sitka National Historical Park (SITK)"
        ],
        "Title": "Ecology of juvenile pink salmon in the north Gulf of Alaska and Prince William Sound",
        "Link": "https://irma.nps.gov/DataStore/Reference/Profile/564251"
      },
      "geometry": {
        "type": "MultiPoint",
        "coordinates": [
          [-136.8654, 58.7004],
          [-135.3156, 57.047]
        ]
      }
    },
    {
      "type": "Feature",
      "properties": {
        "id": "irma-579920",
        "institution": [
          "National Park Service (NPS)"
        ],
        "collection": [
          "NPS - IRMA"
        ],
        "topic": [
          "Birds",
          "Brant",
          "Canada Goose",
          "carex",
          "forage quality",
          "Foraging",
          "Geese",
          "gosling growth",
          "Herbivory",
          "salt marsh vegetation",
          "Sedges",
          "Subarctic",
          "Waterfowl"
        ],
        "format": "Dissertation",
        "publishDate": "2001",
        "building": [
          "Arctic Network (ARCN)",
          "Bering Land Bridge National Preserve (BELA)",
          "Cape Krusenstern National Monument (CAKR)",
          "Gates of the Arctic National Park and Preserve (GAAR)",
          "Kobuk Valley National Park (KOVA)",
          "Noatak National Preserve (NOAT)"
        ],
        "Title": "Herbivore-mediated effects on ecosystem processes in a near-arctic salt marsh",
        "Link": "https://irma.nps.gov/DataStore/Reference/Profile/579920"
      },
      "geometry": {
        "type": "MultiPoint",
        "coordinates": [
          [-165.1266, 66.2151],
          [-163.4533, 67.4268],
          [-153.3869, 67.869],
          [-159.0631, 67.2802],
          [-159.3945, 68.1814]
        ]
      }
    },
    {
      "type": "Feature",
      "properties": {
        "id": "irma-2165472",
        "institution": [
          "National Park Service (NPS)"
        ],
        "collection": [
          "NPS - IRMA"
        ],
        "topic": [
          "historical development",
          "Interpretation",
          "Point Reyes National Seashore"
        ],
        "format": "Dissertation",
        "publishDate": "2001",
        "building": [
          "Point Reyes National Seashore (PORE)"
        ],
        "Title": "Managing Cultural Landscapes: Reconciling Local Preservation and Institutional Ideology in the National Park Service",
        "Link": "https://irma.nps.gov/DataStore/Reference/Profile/2165472"
      },
      "geometry": {
        "type": "Point",
        "coordinates": [-122.8649, 38.0556]
      }
    },
    {
      "type": "Feature",
      "properties": {
        "id": "irma-591151",
        "institution": [
          "National Park Service (NPS)"
        ],
        "collection": [
          "NPS - IRMA"
        ],
        "topic": [
          "Ecosystem Studies",
          "Floodplain",
          "Freshwater River",
          "hyporheic zone",
          "Nutrient Cycling",
          "Queets River Watershed",
          "Riparian"
        ],
        "format": "Dissertation",
        "publishDate": "2001",
        "building": [
          "Olympic National Park (OLYM)"
        ],
        "Title": "Microbial metabolism, enzyme activity and production in the hyporheic zone of a floodplain river",
        "Link": "https://irma.nps.gov/DataStore/Reference/Profile/591151"
      },
      "geometry": {
        "type": "Point",
        "coordinates": [-123.6996, 47.7886]
      }
    },
    {
      "type": "Feature",
      "properties": {
        "id": "irma-564295",
        "institution": [
          "National Park Service (NPS)"
        ],
        "collection": [
          "NPS - IRMA"
        ],
        "topic": [
          "Arctic",
          "Atmosphere/Climate/Weather",
          "Boreal Forest",
          "carbon budget",
          "Carbon Cycling",
          "FIRE",
          "Fire Ecology",
          "Forests",
          "Global Climate Change",
          "Nutrients",
          "Permafrost",
          "Seral Stages",
          "soil thermal model",
          "Soils",
          "Subarctic",
          "Succession",
          "Taiga",
          "Thermokarst",
          "Vegetation"
        ],
        "format": "Dissertation",
        "publishDate": "2001",
        "building": [
          "Central Alaska Network (CAKN)",
          "Denali National Park and Preserve (DENA)",
          "Yukon-Charley Rivers National Preserve (YUCH)"
        ],
        "Title": "Modeling the influences of climate change, permafrost dynamics, and fire disturbance on carbon dynamics of high latitude ecosystems",
        "Link": "https://irma.nps.gov/DataStore/Reference/Profile/564295"
      },
      "geometry": {
        "type": "MultiPoint",
        "coordinates": [
          [-150.6029, 63.3183],
          [-142.5708, 65.1668]
        ]
      }
    },
    {
      "type": "Feature",
      "properties": {
        "id": "irma-651925",
        "institution": [
          "National Park Service (NPS)"
        ],
        "collection": [
          "NPS - IRMA"
        ],
        "topic": [
          "Anthropogenic Activities",
          "Bryopsidales",
          "calcium carbonate",
          "Florida",
          "Green algae",
          "Halimeda",
          "Hawaii",
          "hurricane impact",
          "Natural History",
          "reef algae",
          "Sediment"
        ],
        "format": "Dissertation",
        "publishDate": "2001",
        "building": [
          "Ala Kahakai National Historic Trail (ALKA)",
          "Pacific Islands Network (PACN)"
        ],
        "Title": "Natural history and reproductive strategies of tropical reef algae, with an emphasis on the green algal order Bryopsidales and the genus Halimeda",
        "Link": "https://irma.nps.gov/DataStore/Reference/Profile/651925"
      },
      "geometry": {
        "type": "Point",
        "coordinates": [-156.0255, 19.6788]
      }
    },
    {
      "type": "Feature",
      "properties": {
        "id": "irma-564254",
        "institution": [
          "National Park Service (NPS)"
        ],
        "collection": [
          "NPS - IRMA"
        ],
        "topic": [
          "Animal Communities (Wildlife)",
          "animal ecology",
          "Behavior",
          "coastal systems",
          "Dispersal",
          "DNA",
          "Genetics",
          "Indicator Species",
          "Mammals",
          "Predation",
          "Prince William Sound",
          "radio-tracking",
          "Reintroduction",
          "River Otter",
          "stable isotope analysis"
        ],
        "format": "Dissertation",
        "publishDate": "2001",
        "building": [
          "Glacier Bay National Park and Preserve (GLBA)",
          "Sitka National Historical Park (SITK)"
        ],
        "Title": "Social organization and spatial relationships in coastal river otters : assessing form and function of social groups, sex-biased dispersal, and gene flow",
        "Link": "https://irma.nps.gov/DataStore/Reference/Profile/564254"
      },
      "geometry": {
        "type": "MultiPoint",
        "coordinates": [
          [-136.8654, 58.7004],
          [-135.3156, 57.047]
        ]
      }
    },
    {
      "type": "Feature",
      "properties": {
        "id": "irma-564293",
        "institution": [
          "National Park Service (NPS)"
        ],
        "collection": [
          "NPS - IRMA"
        ],
        "topic": [
          "Abundance",
          "Agriculture",
          "Birds",
          "Birds/Ornithology",
          "Branta Canadensis",
          "Canada Goose",
          "Delta Junction",
          "Distribution",
          "Environmental Impacts",
          "fall staging",
          "Foraging",
          "Geese",
          "Human Use",
          "Migration",
          "Nesting Habitat",
          "Population Ecology",
          "Population Trends",
          "spring staging",
          "Subarctic",
          "Terrestrial Ecology",
          "Waterfowl"
        ],
        "format": "Dissertation",
        "publishDate": "2001",
        "building": [
          "Central Alaska Network (CAKN)",
          "Denali National Park and Preserve (DENA)",
          "Yukon-Charley Rivers National Preserve (YUCH)"
        ],
        "Title": "The implications of agriculture in Interior Alaska for population dynamics of Canada geese",
        "Link": "https://irma.nps.gov/DataStore/Reference/Profile/564293"
      },
      "geometry": {
        "type": "MultiPoint",
        "coordinates": [
          [-150.6029, 63.3183],
          [-142.5708, 65.1668]
        ]
      }
    },
    {
      "type": "Feature",
      "properties": {
        "id": "irma-651774",
        "institution": [
          "National Park Service (NPS)"
        ],
        "collection": [
          "NPS - IRMA"
        ],
        "topic": [
          "Abundance",
          "Abundance (Biodiversity)",
          "acoustic variation",
          "Cetaceans",
          "Distribution (Biodiversity)",
          "feeding patterns",
          "French Polynesia",
          "Galapagos gray shark (Carcharhinus galapagensis)",
          "Geographic Variation",
          "Hawaii",
          "Northwestern Hawaiian Islands (NWHI)",
          "Observations",
          "pods",
          "Presence (Biodiversity)",
          "prey abundance",
          "spinner dolphin (Stenella longirostris)",
          "spotted dolphins",
          "tiger shark (Galeocerdo cuvier or cuvien)",
          "whistles"
        ],
        "format": "Dissertation",
        "publishDate": "2001",
        "building": [
          "Ala Kahakai National Historic Trail (ALKA)",
          "Haleakala National Park (HALE)",
          "Kaloko-Honokohau National Historical Park (KAHO)",
          "Kalaupapa National Historical Park (KALA)",
          "Pacific Islands Network (PACN)",
          "Puukohola Heiau National Historic Site (PUHE)",
          "Pu'uhonua o Honaunau National Historical Park (PUHO)",
          "World War II Valor in the Pacific National Monument (VALR)"
        ],
        "Title": "The whistles of Hawaiian spinner dolphins (Stenella longirostris): description and geographic variations",
        "Link": "https://irma.nps.gov/DataStore/Reference/Profile/651774"
      },
      "geometry": {
        "type": "MultiPoint",
        "coordinates": [
          [-156.0255, 19.6788],
          [-156.1471, 20.7045],
          [-156.0313, 19.6782],
          [-156.9565, 21.1558],
          [-155.8207, 20.0276],
          [-155.8997, 19.409],
          [-157.9386, 21.3676]
        ]
      }
    },
    {
      "type": "Feature",
      "properties": {
        "id": "irma-564255",
        "institution": [
          "National Park Service (NPS)"
        ],
        "collection": [
          "NPS - IRMA"
        ],
        "topic": [
          "Animal Communities (Wildlife)",
          "Bering Sea",
          "Coastal/Marine Systems",
          "Gulf Of Alaska",
          "Harbor Seal",
          "Marine Ecology",
          "Marine Mammal",
          "Northern Fur Seal",
          "ocean primary production",
          "Steller Sea Lion"
        ],
        "format": "Dissertation",
        "publishDate": "2001",
        "building": [
          "Glacier Bay National Park and Preserve (GLBA)"
        ],
        "Title": "Trophic dynamics of pinniped populations in Alaska using stable carbon and nitrogen isotope ratios",
        "Link": "https://irma.nps.gov/DataStore/Reference/Profile/564255"
      },
      "geometry": {
        "type": "Point",
        "coordinates": [-136.8654, 58.7004]
      }
    },
    {
      "type": "Feature",
      "properties": {
        "id": "irma-120793",
        "institution": [
          "National Park Service (NPS)"
        ],
        "collection": [
          "NPS - IRMA"
        ],
        "topic": [
          "Aerial Photograph",
          "Database",
          "Ecology",
          "FIRE",
          "General Land Office Survey",
          "History",
          "Kingston Plains",
          "Logging",
          "Map",
          "Physical Sciences",
          "Plant Studies",
          "Soils",
          "spodosol",
          "stump prairie",
          "Vegetation"
        ],
        "format": "Dissertation",
        "publishDate": "1995",
        "building": [
          "Pictured Rocks National Lakeshore (PIRO)"
        ],
        "Title": "A Stump Prairie Landscape in Northern Michigan: Soils, Forest Vegetation, Logging, and Fire",
        "Link": "https://irma.nps.gov/DataStore/Reference/Profile/120793"
      },
      "geometry": {
        "type": "Point",
        "coordinates": [-86.3079, 46.5691]
      }
    },
    {
      "type": "Feature",
      "properties": {
        "id": "irma-557573",
        "institution": [
          "National Park Service (NPS)"
        ],
        "collection": [
          "NPS - IRMA"
        ],
        "topic": [
          "avian malaria",
          "Invertebrates",
          "Mosquitoes"
        ],
        "format": "Dissertation",
        "publishDate": "2000",
        "building": [
          "Hawaii Volcanoes National Park (HAVO)"
        ],
        "Title": "Avian malaria in Hawaii: The distribution, ecology, and vector potential of forest-dwelling mosquitoes",
        "Link": "https://irma.nps.gov/DataStore/Reference/Profile/557573"
      },
      "geometry": {
        "type": "Point",
        "coordinates": [-155.4073, 19.235]
      }
    },
    {
      "type": "Feature",
      "properties": {
        "id": "irma-580071",
        "institution": [
          "National Park Service (NPS)"
        ],
        "collection": [
          "NPS - IRMA"
        ],
        "topic": [
          "Carbon Cycling",
          "Global Climate Change",
          "peat bog",
          "Primary Production",
          "Soil Temperature",
          "Subarctic",
          "Taiga",
          "Vegetation"
        ],
        "format": "Dissertation",
        "publishDate": "2000",
        "building": [
          "Central Alaska Network (CAKN)",
          "Denali National Park and Preserve (DENA)",
          "Wrangell-St. Elias National Park and Preserve (WRST)",
          "Yukon-Charley Rivers National Preserve (YUCH)"
        ],
        "Title": "Carbon cycle dynamics in a taiga peatland",
        "Link": "https://irma.nps.gov/DataStore/Reference/Profile/580071"
      },
      "geometry": {
        "type": "MultiPoint",
        "coordinates": [
          [-150.6029, 63.3183],
          [-142.1319, 60.6918],
          [-142.5708, 65.1668]
        ]
      }
    },
    {
      "type": "Feature",
      "properties": {
        "id": "irma-580100",
        "institution": [
          "National Park Service (NPS)"
        ],
        "collection": [
          "NPS - IRMA"
        ],
        "topic": [
          "Birds",
          "estuarine ecosystems",
          "Grazing",
          "Habitat Use",
          "Kenai Peninsula",
          "Migration",
          "Nutrients",
          "Snow Goose",
          "staging",
          "Vegetation",
          "Waterfowl"
        ],
        "format": "Dissertation",
        "publishDate": "2000",
        "building": [
          "Glacier Bay National Park and Preserve (GLBA)",
          "Southeast Alaska Network (SEAN)"
        ],
        "Title": "Effects of migratory geese on plant communities and nitrogen dynamics in an Alaskan marsh",
        "Link": "https://irma.nps.gov/DataStore/Reference/Profile/580100"
      },
      "geometry": {
        "type": "Point",
        "coordinates": [-136.8654, 58.7004]
      }
    },
    {
      "type": "Feature",
      "properties": {
        "id": "irma-580116",
        "institution": [
          "National Park Service (NPS)"
        ],
        "collection": [
          "NPS - IRMA"
        ],
        "topic": [
          "Breeding",
          "Foraging",
          "Mammals",
          "Marine Mammals",
          "Nutrition",
          "Sea Lions",
          "Steller's Sea Lion",
          "Subarctic"
        ],
        "format": "Dissertation",
        "publishDate": "2000",
        "building": [
          "Glacier Bay National Park and Preserve (GLBA)",
          "Southeast Alaska Network (SEAN)",
          "Sitka National Historical Park (SITK)"
        ],
        "Title": "Foraging differences and early maternal investment in adult female Alaskan Steller sea lions (Eumetopias jubatus)",
        "Link": "https://irma.nps.gov/DataStore/Reference/Profile/580116"
      },
      "geometry": {
        "type": "MultiPoint",
        "coordinates": [
          [-136.8654, 58.7004],
          [-135.3156, 57.047]
        ]
      }
    },
    {
      "type": "Feature",
      "properties": {
        "id": "irma-2217779",
        "institution": [
          "National Park Service (NPS)"
        ],
        "collection": [
          "NPS - IRMA"
        ],
        "topic": [
          "Anatomy & physiology",
          "Animals",
          "biological sciences",
          "Birds",
          "dunlin",
          "Ecology",
          "energy balance",
          "Foraging",
          "Shorebirds",
          "TBBI\\n",
          "Wintering"
        ],
        "format": "Dissertation",
        "publishDate": "2000",
        "building": [
          "Point Reyes National Seashore (PORE)",
          "San Francisco Bay Area Network (SFAN)"
        ],
        "Title": "Foraging distribution and energy balance in wintering Dunlin",
        "Link": "https://irma.nps.gov/DataStore/Reference/Profile/2217779"
      },
      "geometry": {
        "type": "Point",
        "coordinates": [-122.8649, 38.0556]
      }
    },
    {
      "type": "Feature",
      "properties": {
        "id": "irma-565208",
        "institution": [
          "National Park Service (NPS)"
        ],
        "collection": [
          "NPS - IRMA"
        ],
        "topic": [
          "Arctic",
          "Climate Change",
          "Espenberg coastal plain",
          "Geomorphology",
          "Ice wedges",
          "patterned ground",
          "polygons",
          "Ponds",
          "thermal stress",
          "Water - Hydrology"
        ],
        "format": "Dissertation",
        "publishDate": "2000",
        "building": [
          "Bering Land Bridge National Preserve (BELA)"
        ],
        "Title": "Ice-wedge networks and whale-hole ponds in frozen ground",
        "Link": "https://irma.nps.gov/DataStore/Reference/Profile/565208"
      },
      "geometry": {
        "type": "Point",
        "coordinates": [-165.1266, 66.2151]
      }
    },
    {
      "type": "Feature",
      "properties": {
        "id": "irma-564259",
        "institution": [
          "National Park Service (NPS)"
        ],
        "collection": [
          "NPS - IRMA"
        ],
        "topic": [
          "Coastal/Marine Systems",
          "Fish/Ichthyology",
          "Forage Fish",
          "Herring",
          "Marine Ecology",
          "Prince William Sound"
        ],
        "format": "Dissertation",
        "publishDate": "2000",
        "building": [
          "Glacier Bay National Park and Preserve (GLBA)"
        ],
        "Title": "Juvenile Pacific herring (Clupea pallasi) feeding ecology in Prince William Sound, Alaska",
        "Link": "https://irma.nps.gov/DataStore/Reference/Profile/564259"
      },
      "geometry": {
        "type": "Point",
        "coordinates": [-136.8654, 58.7004]
      }
    },
    {
      "type": "Feature",
      "properties": {
        "id": "irma-580117",
        "institution": [
          "National Park Service (NPS)"
        ],
        "collection": [
          "NPS - IRMA"
        ],
        "topic": [
          "Breeding",
          "Mammals",
          "Marine Mammals",
          "Sea Lions",
          "Steller's Sea Lion",
          "Subarctic"
        ],
        "format": "Dissertation",
        "publishDate": "2000",
        "building": [
          "Glacier Bay National Park and Preserve (GLBA)",
          "Sitka National Historical Park (SITK)"
        ],
        "Title": "Maternal investment in Steller sea lions in Alaska",
        "Link": "https://irma.nps.gov/DataStore/Reference/Profile/580117"
      },
      "geometry": {
        "type": "MultiPoint",
        "coordinates": [
          [-136.8654, 58.7004],
          [-135.3156, 57.047]
        ]
      }
    },
    {
      "type": "Feature",
      "properties": {
        "id": "irma-564304",
        "institution": [
          "National Park Service (NPS)"
        ],
        "collection": [
          "NPS - IRMA"
        ],
        "topic": [
          "Animal Communities (Wildlife)",
          "cladistic analysis",
          "Evolution",
          "Furbearer",
          "Genetics",
          "Mammals",
          "Marten",
          "Morphology",
          "Phylogenetic relationships",
          "Phylogeny",
          "Population Ecology",
          "Small Mammal",
          "Subarctic"
        ],
        "format": "Dissertation",
        "publishDate": "2000",
        "building": [
          "Central Alaska Network (CAKN)",
          "Denali National Park and Preserve (DENA)",
          "Wrangell-St. Elias National Park and Preserve (WRST)",
          "Yukon-Charley Rivers National Preserve (YUCH)"
        ],
        "Title": "Molecular evolution of martens (genus Martes)",
        "Link": "https://irma.nps.gov/DataStore/Reference/Profile/564304"
      },
      "geometry": {
        "type": "MultiPoint",
        "coordinates": [
          [-150.6029, 63.3183],
          [-142.1319, 60.6918],
          [-142.5708, 65.1668]
        ]
      }
    },
    {
      "type": "Feature",
      "properties": {
        "id": "irma-592163",
        "institution": [
          "National Park Service (NPS)"
        ],
        "collection": [
          "NPS - IRMA"
        ],
        "topic": [
          "Aquatic Sciences",
          "floodplain development",
          "Geomorphology",
          "Model",
          "Queets River Watershed",
          "terrace development",
          "woody debris jam"
        ],
        "format": "Dissertation",
        "publishDate": "2000",
        "building": [
          "Olympic National Park (OLYM)"
        ],
        "Title": "Patterns, mechanics and geomorphic effects of wood debris accumulations in a forest river system",
        "Link": "https://irma.nps.gov/DataStore/Reference/Profile/592163"
      },
      "geometry": {
        "type": "Point",
        "coordinates": [-123.6996, 47.7886]
      }
    },
    {
      "type": "Feature",
      "properties": {
        "id": "irma-564305",
        "institution": [
          "National Park Service (NPS)"
        ],
        "collection": [
          "NPS - IRMA"
        ],
        "topic": [
          "Alder",
          "Boreal Forest",
          "Forests",
          "Photosynthesis",
          "plant adaptation",
          "Plant Communities (Vegetation)",
          "Plant Physiology",
          "Subarctic",
          "Succession",
          "White Spruce"
        ],
        "format": "Dissertation",
        "publishDate": "2000",
        "building": [
          "Denali National Park and Preserve (DENA)",
          "Wrangell-St. Elias National Park and Preserve (WRST)",
          "Yukon-Charley Rivers National Preserve (YUCH)"
        ],
        "Title": "Photosynthetic acclimation of white spruce (Picea glauca) to canopy microhabitats",
        "Link": "https://irma.nps.gov/DataStore/Reference/Profile/564305"
      },
      "geometry": {
        "type": "MultiPoint",
        "coordinates": [
          [-150.6029, 63.3183],
          [-142.1319, 60.6918],
          [-142.5708, 65.1668]
        ]
      }
    },
    {
      "type": "Feature",
      "properties": {
        "id": "irma-2124676",
        "institution": [
          "National Park Service (NPS)"
        ],
        "collection": [
          "NPS - IRMA"
        ],
        "topic": [
          "Animal Studies",
          "Breeding Biology",
          "Breeding success",
          "mating behavior",
          "National Audubon Society's Starr Ranch Sanctuary Trabuco Canyon Orange County California",
          "Phainopepla nitens",
          "Philip L. Boyd Deep Canyon Desert Research Center",
          "Sweeney Granite Mountains Desert Research Center Mojave National Preserve"
        ],
        "format": "Dissertation",
        "publishDate": "1999",
        "building": [
          "Mojave National Preserve (MOJA)"
        ],
        "Title": "Ecology and breeding biology of Phainopeplas (Phainopepla nitens) in the desert and costal woodlands of southern California",
        "Link": "https://irma.nps.gov/DataStore/Reference/Profile/2124676"
      },
      "geometry": {
        "type": "Point",
        "coordinates": [-115.557, 35.0998]
      }
    },
    {
      "type": "Feature",
      "properties": {
        "id": "irma-580110",
        "institution": [
          "National Park Service (NPS)"
        ],
        "collection": [
          "NPS - IRMA"
        ],
        "topic": [
          "ecotourism",
          "human recreation",
          "Nature",
          "Wilderness"
        ],
        "format": "Dissertation",
        "publishDate": "1999",
        "building": [
          "Glacier Bay National Park and Preserve (GLBA)",
          "Klondike Gold Rush National Historical Park (KLGO)",
          "Southeast Alaska Network (SEAN)",
          "Sitka National Historical Park (SITK)"
        ],
        "Title": "Invitations to an icy land: textual constructions for nature tourism in John Burroughs' and John Muir's narratives of Alaska and the Far North",
        "Link": "https://irma.nps.gov/DataStore/Reference/Profile/580110"
      },
      "geometry": {
        "type": "MultiPoint",
        "coordinates": [
          [-136.8654, 58.7004],
          [-135.2926, 59.6316],
          [-135.3156, 57.047]
        ]
      }
    },
    {
      "type": "Feature",
      "properties": {
        "id": "irma-564263",
        "institution": [
          "National Park Service (NPS)"
        ],
        "collection": [
          "NPS - IRMA"
        ],
        "topic": [
          "Alexander Archipelago",
          "Animal Communities (Wildlife)",
          "Distribution",
          "DNA",
          "Flying Squirrel",
          "Genetics",
          "glacial refugia",
          "Mammals",
          "Range",
          "Shrews",
          "Small Mammal",
          "squirrels",
          "Subarctic",
          "Systematics"
        ],
        "format": "Dissertation",
        "publishDate": "1999",
        "building": [
          "Central Alaska Network (CAKN)",
          "Denali National Park and Preserve (DENA)",
          "Glacier Bay National Park and Preserve (GLBA)",
          "Klondike Gold Rush National Historical Park (KLGO)",
          "Sitka National Historical Park (SITK)",
          "Wrangell-St. Elias National Park and Preserve (WRST)",
          "Yukon-Charley Rivers National Preserve (YUCH)"
        ],
        "Title": "Molecular systematics and biogeography of long-tailed shrews (Insectivora: Sorex) and northern flying squirrels (Rodentia: Glaucomys)",
        "Link": "https://irma.nps.gov/DataStore/Reference/Profile/564263"
      },
      "geometry": {
        "type": "MultiPoint",
        "coordinates": [
          [-150.6029, 63.3183],
          [-136.8654, 58.7004],
          [-135.2926, 59.6316],
          [-135.3156, 57.047],
          [-142.1319, 60.6918],
          [-142.5708, 65.1668]
        ]
      }
    },
    {
      "type": "Feature",
      "properties": {
        "id": "irma-564310",
        "institution": [
          "National Park Service (NPS)"
        ],
        "collection": [
          "NPS - IRMA"
        ],
        "topic": [
          "Boreal",
          "floodplain colonization",
          "Plant Communities (Vegetation)",
          "Seedlings",
          "Seeds",
          "Subarctic",
          "Succession",
          "Taiga",
          "Tanana River",
          "White Spruce"
        ],
        "format": "Dissertation",
        "publishDate": "1999",
        "building": [
          "Denali National Park and Preserve (DENA)",
          "Yukon-Charley Rivers National Preserve (YUCH)"
        ],
        "Title": "The dynamics of white spruce populations on a boreal river floodplain",
        "Link": "https://irma.nps.gov/DataStore/Reference/Profile/564310"
      },
      "geometry": {
        "type": "MultiPoint",
        "coordinates": [
          [-150.6029, 63.3183],
          [-142.5708, 65.1668]
        ]
      }
    },
    {
      "type": "Feature",
      "properties": {
        "id": "irma-2124457",
        "institution": [
          "National Park Service (NPS)"
        ],
        "collection": [
          "NPS - IRMA"
        ],
        "topic": [
          "Dungeness River Watershed/land use/planning/history"
        ],
        "format": "Dissertation",
        "publishDate": "1998",
        "building": [
          "Olympic National Park (OLYM)"
        ],
        "Title": "A social construction of a watershed",
        "Link": "https://irma.nps.gov/DataStore/Reference/Profile/2124457"
      },
      "geometry": {
        "type": "Point",
        "coordinates": [-123.6996, 47.7886]
      }
    },
    {
      "type": "Feature",
      "properties": {
        "id": "irma-599802",
        "institution": [
          "National Park Service (NPS)"
        ],
        "collection": [
          "NPS - IRMA"
        ],
        "topic": [
          "Alaska",
          "Boreal Forest",
          "Ecology (Aquatic Marine Terrestrial)",
          "Ecology (Terrestrial)",
          "Establishment",
          "Forest regeneration",
          "Forest Succession",
          "Interior",
          "Model",
          "Subarctic",
          "Succession",
          "Taiga"
        ],
        "format": "Dissertation",
        "publishDate": "1998",
        "building": [
          "Denali National Park and Preserve (DENA)",
          "Wrangell-St. Elias National Park and Preserve (WRST)",
          "Yukon-Charley Rivers National Preserve (YUCH)"
        ],
        "Title": "Boreal forest regeneration dynamics: modeling early forest establishment patterns in interior Alaska",
        "Link": "https://irma.nps.gov/DataStore/Reference/Profile/599802"
      },
      "geometry": {
        "type": "MultiPoint",
        "coordinates": [
          [-150.6029, 63.3183],
          [-142.1319, 60.6918],
          [-142.5708, 65.1668]
        ]
      }
    },
    {
      "type": "Feature",
      "properties": {
        "id": "irma-599610",
        "institution": [
          "National Park Service (NPS)"
        ],
        "collection": [
          "NPS - IRMA"
        ],
        "topic": [
          "Alaska",
          "Arctic",
          "Mammals",
          "Muskoxen",
          "Population Ecology",
          "Ungulates"
        ],
        "format": "Dissertation",
        "publishDate": "1998",
        "building": [
          "Bering Land Bridge National Preserve (BELA)",
          "Cape Krusenstern National Monument (CAKR)",
          "Gates of the Arctic National Park and Preserve (GAAR)",
          "Kobuk Valley National Park (KOVA)",
          "Noatak National Preserve (NOAT)"
        ],
        "Title": "Ecology of a reestablished population of muskoxen in northeastern Alaska",
        "Link": "https://irma.nps.gov/DataStore/Reference/Profile/599610"
      },
      "geometry": {
        "type": "MultiPoint",
        "coordinates": [
          [-165.1266, 66.2151],
          [-163.4533, 67.4268],
          [-153.3869, 67.869],
          [-159.0631, 67.2802],
          [-159.3945, 68.1814]
        ]
      }
    },
    {
      "type": "Feature",
      "properties": {
        "id": "irma-600326",
        "institution": [
          "National Park Service (NPS)"
        ],
        "collection": [
          "NPS - IRMA"
        ],
        "topic": [
          "Boreal Forest",
          "Hydrology",
          "Soil",
          "Subarctic"
        ],
        "format": "Dissertation",
        "publishDate": "1998",
        "building": [
          "Denali National Park and Preserve (DENA)",
          "Wrangell-St. Elias National Park and Preserve (WRST)",
          "Yukon-Charley Rivers National Preserve (YUCH)"
        ],
        "Title": "Effects of rainfall exclusion on soil carbon gases and water relations in two boreal forest ecosystems",
        "Link": "https://irma.nps.gov/DataStore/Reference/Profile/600326"
      },
      "geometry": {
        "type": "MultiPoint",
        "coordinates": [
          [-150.6029, 63.3183],
          [-142.1319, 60.6918],
          [-142.5708, 65.1668]
        ]
      }
    },
    {
      "type": "Feature",
      "properties": {
        "id": "irma-579900",
        "institution": [
          "National Park Service (NPS)"
        ],
        "collection": [
          "NPS - IRMA"
        ],
        "topic": [
          "Arctic",
          "Artificial nest sites",
          "Barrow",
          "Birds",
          "Breeding Biology",
          "Global Climate Change",
          "Growth",
          "Nesting",
          "North Slope",
          "Seabirds"
        ],
        "format": "Dissertation",
        "publishDate": "1998",
        "building": [
          "Arctic Network (ARCN)",
          "Bering Land Bridge National Preserve (BELA)",
          "Cape Krusenstern National Monument (CAKR)",
          "Gates of the Arctic National Park and Preserve (GAAR)",
          "Kobuk Valley National Park (KOVA)",
          "Noatak National Preserve (NOAT)"
        ],
        "Title": "Factors affecting the growth of a black guillemot colony in northern Alaska",
        "Link": "https://irma.nps.gov/DataStore/Reference/Profile/579900"
      },
      "geometry": {
        "type": "MultiPoint",
        "coordinates": [
          [-165.1266, 66.2151],
          [-163.4533, 67.4268],
          [-153.3869, 67.869],
          [-159.0631, 67.2802],
          [-159.3945, 68.1814]
        ]
      }
    },
    {
      "type": "Feature",
      "properties": {
        "id": "irma-646412",
        "institution": [
          "National Park Service (NPS)"
        ],
        "collection": [
          "NPS - IRMA"
        ],
        "topic": [
          "1983",
          "1995-06-30",
          "1997",
          "Earthquake",
          "East Rift Zone",
          "Geodesy",
          "Global Positioning System (GPS)",
          "Hawaii (Big Island)",
          "Intrusion",
          "Kilauea South Flank",
          "Kilauea Volcano",
          "Mechanism",
          "Modeling",
          "Volcanic Eruption"
        ],
        "format": "Dissertation",
        "publishDate": "1998",
        "building": [
          "Hawaii Volcanoes National Park (HAVO)"
        ],
        "Title": "GPS measurements and kinematic models of the surface deformation on Kilauea Volcano, Hawaii",
        "Link": "https://irma.nps.gov/DataStore/Reference/Profile/646412"
      },
      "geometry": {
        "type": "Point",
        "coordinates": [-155.4073, 19.235]
      }
    },
    {
      "type": "Feature",
      "properties": {
        "id": "irma-169204",
        "institution": [
          "National Park Service (NPS)"
        ],
        "collection": [
          "NPS - IRMA"
        ],
        "topic": [
          "Algae",
          "Freshwater",
          "Periphyton"
        ],
        "format": "Dissertation",
        "publishDate": "1998",
        "building": [
          "Glacier Bay National Park and Preserve (GLBA)"
        ],
        "Title": "Mechanisms controlling long-term changes in periphytic diatom community structure",
        "Link": "https://irma.nps.gov/DataStore/Reference/Profile/169204"
      },
      "geometry": {
        "type": "Point",
        "coordinates": [-136.8654, 58.7004]
      }
    },
    {
      "type": "Feature",
      "properties": {
        "id": "irma-580093",
        "institution": [
          "National Park Service (NPS)"
        ],
        "collection": [
          "NPS - IRMA"
        ],
        "topic": [
          "Genetics",
          "Lemmings",
          "Mammals",
          "microtine",
          "Small Mammals",
          "Subarctic",
          "Taxonomy",
          "Voles"
        ],
        "format": "Dissertation",
        "publishDate": "1998",
        "building": [
          "Central Alaska Network (CAKN)",
          "Denali National Park and Preserve (DENA)",
          "Wrangell-St. Elias National Park and Preserve (WRST)",
          "Yukon-Charley Rivers National Preserve (YUCH)"
        ],
        "Title": "Molecular phylogenetics of Arvicoline rodents",
        "Link": "https://irma.nps.gov/DataStore/Reference/Profile/580093"
      },
      "geometry": {
        "type": "MultiPoint",
        "coordinates": [
          [-150.6029, 63.3183],
          [-142.1319, 60.6918],
          [-142.5708, 65.1668]
        ]
      }
    },
    {
      "type": "Feature",
      "properties": {
        "id": "irma-580113",
        "institution": [
          "National Park Service (NPS)"
        ],
        "collection": [
          "NPS - IRMA"
        ],
        "topic": [
          "Bears",
          "Brown Bear",
          "Foraging",
          "Hibernation",
          "Kenai Peninsula",
          "Mammals",
          "Nutrition"
        ],
        "format": "Dissertation",
        "publishDate": "1998",
        "building": [
          "Central Alaska Network (CAKN)",
          "Glacier Bay National Park and Preserve (GLBA)",
          "Klondike Gold Rush National Historical Park (KLGO)",
          "Southeast Alaska Network (SEAN)",
          "Sitka National Historical Park (SITK)",
          "Wrangell-St. Elias National Park and Preserve (WRST)"
        ],
        "Title": "Studies of the nutritional ecology of coastal brown bears",
        "Link": "https://irma.nps.gov/DataStore/Reference/Profile/580113"
      },
      "geometry": {
        "type": "MultiPoint",
        "coordinates": [
          [-136.8654, 58.7004],
          [-135.2926, 59.6316],
          [-135.3156, 57.047],
          [-142.1319, 60.6918]
        ]
      }
    },
    {
      "type": "Feature",
      "properties": {
        "id": "irma-651883",
        "institution": [
          "National Park Service (NPS)"
        ],
        "collection": [
          "NPS - IRMA"
        ],
        "topic": [
          "American Samoa",
          "Animal Studies",
          "bird s(aves)",
          "Tutuila"
        ],
        "format": "Dissertation",
        "publishDate": "1998",
        "building": [
          "National Park of American Samoa (NPSA)",
          "Pacific Islands Network (PACN)"
        ],
        "Title": "Temporal and spatial variation in forest birds on Tutuila Island, American Samoa",
        "Link": "https://irma.nps.gov/DataStore/Reference/Profile/651883"
      },
      "geometry": {
        "type": "Point",
        "coordinates": [-170.689, -14.259]
      }
    },
    {
      "type": "Feature",
      "properties": {
        "id": "irma-564247",
        "institution": [
          "National Park Service (NPS)"
        ],
        "collection": [
          "NPS - IRMA"
        ],
        "topic": [
          "Atmosphere/Climate/Weather",
          "Climate Change",
          "Climatology",
          "Dendrochronology",
          "dendroclimatology",
          "Gulf Of Alaska",
          "Prince William Sound"
        ],
        "format": "Dissertation",
        "publishDate": "1998",
        "building": [
          "Glacier Bay National Park and Preserve (GLBA)",
          "Sitka National Historical Park (SITK)"
        ],
        "Title": "Tree-ring and glacial records of holocene climate change, Northern Gulf of Alaska Region",
        "Link": "https://irma.nps.gov/DataStore/Reference/Profile/564247"
      },
      "geometry": {
        "type": "MultiPoint",
        "coordinates": [
          [-136.8654, 58.7004],
          [-135.3156, 57.047]
        ]
      }
    },
    {
      "type": "Feature",
      "properties": {
        "id": "irma-556073",
        "institution": [
          "National Park Service (NPS)"
        ],
        "collection": [
          "NPS - IRMA"
        ],
        "topic": [
          "Keywords Empty"
        ],
        "format": "Dissertation",
        "publishDate": "1997",
        "building": [
          "Boston Harbor Islands National Recreation Area (BOHA)"
        ],
        "Title": "Bioconcentration of eight metals by the mussel mytilus edulis in Boston Harbor",
        "Link": "https://irma.nps.gov/DataStore/Reference/Profile/556073"
      },
      "geometry": {
        "type": "Point",
        "coordinates": [-70.8762, 42.2622]
      }
    },
    {
      "type": "Feature",
      "properties": {
        "id": "irma-171987",
        "institution": [
          "National Park Service (NPS)"
        ],
        "collection": [
          "NPS - IRMA"
        ],
        "topic": [
          "Grand Sable Dunes",
          "Natural Resource Management",
          "North Manitou Island",
          "Pitcher's Thistle (Cirsium pitcheri)",
          "Plants (Plantae)",
          "Rare Species",
          "Sand Dunes",
          "South Manitou Island",
          "Threatened & Endangered Species"
        ],
        "format": "Dissertation",
        "publishDate": "1992",
        "building": [
          "Pictured Rocks National Lakeshore (PIRO)",
          "Sleeping Bear Dunes National Lakeshore (SLBE)"
        ],
        "Title": "Disturbance dynamics of Pitchers thistle (Cirsium pitcheri) populations in Great Lakes sand dune landscapes",
        "Link": "https://irma.nps.gov/DataStore/Reference/Profile/171987"
      },
      "geometry": {
        "type": "MultiPoint",
        "coordinates": [
          [-86.3079, 46.5691],
          [-86.0129, 45.1078]
        ]
      }
    },
    {
      "type": "Feature",
      "properties": {
        "id": "irma-580140",
        "institution": [
          "National Park Service (NPS)"
        ],
        "collection": [
          "NPS - IRMA"
        ],
        "topic": [
          "Aquatic Insects",
          "Arctic",
          "Arctic LTER Site",
          "Brooks Range Foothills",
          "Grazing",
          "Growth",
          "Invertebrates",
          "Limnology",
          "Metabolism",
          "Toolik Lake",
          "Zooplankton"
        ],
        "format": "Dissertation",
        "publishDate": "1997",
        "building": [
          "Arctic Network (ARCN)",
          "Bering Land Bridge National Preserve (BELA)",
          "Cape Krusenstern National Monument (CAKR)",
          "Gates of the Arctic National Park and Preserve (GAAR)",
          "Kobuk Valley National Park (KOVA)",
          "Noatak National Preserve (NOAT)"
        ],
        "Title": "Effect of temperature on the biology of two cladocerans",
        "Link": "https://irma.nps.gov/DataStore/Reference/Profile/580140"
      },
      "geometry": {
        "type": "MultiPoint",
        "coordinates": [
          [-165.1266, 66.2151],
          [-163.4533, 67.4268],
          [-153.3869, 67.869],
          [-159.0631, 67.2802],
          [-159.3945, 68.1814]
        ]
      }
    },
    {
      "type": "Feature",
      "properties": {
        "id": "irma-582411",
        "institution": [
          "National Park Service (NPS)"
        ],
        "collection": [
          "NPS - IRMA"
        ],
        "topic": [
          "Birds",
          "Breeding Biology",
          "Productivity",
          "Semipalmated sandpiper",
          "Seward Peninsula",
          "Shorebirds",
          "Western Sandpiper"
        ],
        "format": "Dissertation",
        "publishDate": "1997",
        "building": [
          "Arctic Network (ARCN)",
          "Bering Land Bridge National Preserve (BELA)",
          "Cape Krusenstern National Monument (CAKR)"
        ],
        "Title": "Factors affecting the breeding demography of western sandpipers (Calidris mauri) and semipalmated sandpipers (Calidris pusilla) at Nome, Alaska",
        "Link": "https://irma.nps.gov/DataStore/Reference/Profile/582411"
      },
      "geometry": {
        "type": "MultiPoint",
        "coordinates": [
          [-165.1266, 66.2151],
          [-163.4533, 67.4268]
        ]
      }
    },
    {
      "type": "Feature",
      "properties": {
        "id": "irma-564277",
        "institution": [
          "National Park Service (NPS)"
        ],
        "collection": [
          "NPS - IRMA"
        ],
        "topic": [
          "Atmosphere/Climate/Weather",
          "Boreal Forest",
          "Climate Change",
          "Hydrology",
          "Interior Alaska",
          "Paleoclimatology",
          "Taiga"
        ],
        "format": "Dissertation",
        "publishDate": "1997",
        "building": [
          "Denali National Park and Preserve (DENA)",
          "Wrangell-St. Elias National Park and Preserve (WRST)",
          "Yukon-Charley Rivers National Preserve (YUCH)"
        ],
        "Title": "Holocene climatic variability for lake sites in the Bolivian Andes and interior Alaska based on sedimentology and radiocarbon dating by accelerator mass spectrometry",
        "Link": "https://irma.nps.gov/DataStore/Reference/Profile/564277"
      },
      "geometry": {
        "type": "MultiPoint",
        "coordinates": [
          [-150.6029, 63.3183],
          [-142.1319, 60.6918],
          [-142.5708, 65.1668]
        ]
      }
    },
    {
      "type": "Feature",
      "properties": {
        "id": "irma-622218",
        "institution": [
          "National Park Service (NPS)"
        ],
        "collection": [
          "NPS - IRMA"
        ],
        "topic": [
          "flctuate",
          "Glacier",
          "Glaciology",
          "Holocene",
          "IAR",
          "Kenai Fjords National Park",
          "Quaternary"
        ],
        "format": "Dissertation",
        "publishDate": "1992",
        "building": [
          "Kenai Fjords National Park (KEFJ)"
        ],
        "Title": "Holocene glacial fluctuations in the southern Kenai Mountains, Alaska",
        "Link": "https://irma.nps.gov/DataStore/Reference/Profile/622218"
      },
      "geometry": {
        "type": "Point",
        "coordinates": [-150.2466, 59.504]
      }
    },
    {
      "type": "Feature",
      "properties": {
        "id": "irma-566752",
        "institution": [
          "National Park Service (NPS)"
        ],
        "collection": [
          "NPS - IRMA"
        ],
        "topic": [
          "Alaska",
          "Carbon Cycle",
          "Data Processing",
          "Ecology",
          "fractionation",
          "Fungi",
          "geochemical cycle",
          "Glacier Bay",
          "Isotope",
          "Isotope ratios",
          "Isotopes",
          "Models",
          "n-15/n-14",
          "Nitrogen",
          "Soils",
          "Stable Isotopes",
          "Vegetation"
        ],
        "format": "Dissertation",
        "publishDate": "1997",
        "building": [
          "Glacier Bay National Park and Preserve (GLBA)"
        ],
        "Title": "Insights into N dynamics during succession; linking isotopic evidence and modeling",
        "Link": "https://irma.nps.gov/DataStore/Reference/Profile/566752"
      },
      "geometry": {
        "type": "Point",
        "coordinates": [-136.8654, 58.7004]
      }
    },
    {
      "type": "Feature",
      "properties": {
        "id": "irma-600311",
        "institution": [
          "National Park Service (NPS)"
        ],
        "collection": [
          "NPS - IRMA"
        ],
        "topic": [
          "Geology",
          "lake-level changes",
          "Subarctic",
          "Taiga",
          "Vegetation"
        ],
        "format": "Dissertation",
        "publishDate": "1997",
        "building": [
          "Denali National Park and Preserve (DENA)",
          "Wrangell-St. Elias National Park and Preserve (WRST)",
          "Yukon-Charley Rivers National Preserve (YUCH)"
        ],
        "Title": "Late Quaternary vegetation and lake level changes in central Alaska",
        "Link": "https://irma.nps.gov/DataStore/Reference/Profile/600311"
      },
      "geometry": {
        "type": "MultiPoint",
        "coordinates": [
          [-150.6029, 63.3183],
          [-142.1319, 60.6918],
          [-142.5708, 65.1668]
        ]
      }
    },
    {
      "type": "Feature",
      "properties": {
        "id": "irma-579915",
        "institution": [
          "National Park Service (NPS)"
        ],
        "collection": [
          "NPS - IRMA"
        ],
        "topic": [
          "Boreal Forest",
          "Forests",
          "Human Disturbance",
          "Nutrients",
          "Oil Spills",
          "Soils",
          "Subarctic",
          "Taiga",
          "Vegetation"
        ],
        "format": "Dissertation",
        "publishDate": "1997",
        "building": [
          "Central Alaska Network (CAKN)",
          "Denali National Park and Preserve (DENA)",
          "Wrangell-St. Elias National Park and Preserve (WRST)",
          "Yukon-Charley Rivers National Preserve (YUCH)"
        ],
        "Title": "Microbial ecology and long-term persistence of crude oil in a taiga spruce forest",
        "Link": "https://irma.nps.gov/DataStore/Reference/Profile/579915"
      },
      "geometry": {
        "type": "MultiPoint",
        "coordinates": [
          [-150.6029, 63.3183],
          [-142.1319, 60.6918],
          [-142.5708, 65.1668]
        ]
      }
    },
    {
      "type": "Feature",
      "properties": {
        "id": "irma-600456",
        "institution": [
          "National Park Service (NPS)"
        ],
        "collection": [
          "NPS - IRMA"
        ],
        "topic": [
          "Disturbance",
          "Ecology (Terrestrial)",
          "Landscape Pattern",
          "Rainforest",
          "temperate forest",
          "Vegetation"
        ],
        "format": "Dissertation",
        "publishDate": "1997",
        "building": [
          "Glacier Bay National Park and Preserve (GLBA)",
          "Sitka National Historical Park (SITK)"
        ],
        "Title": "Natural disturbance at the site and landscape levels in temperate rainforests of southeast Alaska",
        "Link": "https://irma.nps.gov/DataStore/Reference/Profile/600456"
      },
      "geometry": {
        "type": "MultiPoint",
        "coordinates": [
          [-136.8654, 58.7004],
          [-135.3156, 57.047]
        ]
      }
    },
    {
      "type": "Feature",
      "properties": {
        "id": "irma-579905",
        "institution": [
          "National Park Service (NPS)"
        ],
        "collection": [
          "NPS - IRMA"
        ],
        "topic": [
          "Behavior",
          "Birds",
          "Breeding Biology",
          "Passerines",
          "Physiology",
          "Sparrows",
          "Subarctic"
        ],
        "format": "Dissertation",
        "publishDate": "1997",
        "building": [
          "Central Alaska Network (CAKN)",
          "Denali National Park and Preserve (DENA)",
          "Wrangell-St. Elias National Park and Preserve (WRST)",
          "Yukon-Charley Rivers National Preserve (YUCH)"
        ],
        "Title": "Neural control of singing in the dark-eyed junco (Junco hyemalis)",
        "Link": "https://irma.nps.gov/DataStore/Reference/Profile/579905"
      },
      "geometry": {
        "type": "MultiPoint",
        "coordinates": [
          [-150.6029, 63.3183],
          [-142.1319, 60.6918],
          [-142.5708, 65.1668]
        ]
      }
    },
    {
      "type": "Feature",
      "properties": {
        "id": "irma-579924",
        "institution": [
          "National Park Service (NPS)"
        ],
        "collection": [
          "NPS - IRMA"
        ],
        "topic": [
          "Behavior",
          "Birds",
          "caching",
          "diel patterns",
          "Energetics",
          "Foraging",
          "Metabolism",
          "Passerines",
          "Physiology",
          "Subarctic",
          "temperature regulation",
          "Winter"
        ],
        "format": "Dissertation",
        "publishDate": "1997",
        "building": [
          "Central Alaska Network (CAKN)",
          "Denali National Park and Preserve (DENA)",
          "Yukon-Charley Rivers National Preserve (YUCH)"
        ],
        "Title": "Physiological adaptations for overwintering by the black-capped chickadee (Parus atricapillus) in interior Alaska",
        "Link": "https://irma.nps.gov/DataStore/Reference/Profile/579924"
      },
      "geometry": {
        "type": "MultiPoint",
        "coordinates": [
          [-150.6029, 63.3183],
          [-142.5708, 65.1668]
        ]
      }
    },
    {
      "type": "Feature",
      "properties": {
        "id": "irma-601155",
        "institution": [
          "National Park Service (NPS)"
        ],
        "collection": [
          "NPS - IRMA"
        ],
        "topic": [
          "Alaska",
          "cardiorespiratory system",
          "endocrine system",
          "Marine",
          "Marine Mammals",
          "nervous system",
          "Physiology",
          "Pinnipeds",
          "Wildlife"
        ],
        "format": "Dissertation",
        "publishDate": "1997",
        "building": [
          "Aniakchak National Monument and Preserve (ANIA)",
          "Glacier Bay National Park and Preserve (GLBA)",
          "Katmai National Park and Preserve (KATM)",
          "Kenai Fjords National Park (KEFJ)",
          "Sitka National Historical Park (SITK)"
        ],
        "Title": "Physiology of the endocrine, cardiorespiratory and nervous systems in pinnipeds. integrative approach and biomedical considerations",
        "Link": "https://irma.nps.gov/DataStore/Reference/Profile/601155"
      },
      "geometry": {
        "type": "MultiPoint",
        "coordinates": [
          [-158.0973, 56.9011],
          [-136.8654, 58.7004],
          [-154.8894, 58.5661],
          [-150.2466, 59.504],
          [-135.3156, 57.047]
        ]
      }
    },
    {
      "type": "Feature",
      "properties": {
        "id": "irma-580256",
        "institution": [
          "National Park Service (NPS)"
        ],
        "collection": [
          "NPS - IRMA"
        ],
        "topic": [
          "Birds",
          "Breeding Biology",
          "Clutch Size",
          "Ducks",
          "Habitat Use",
          "Nesting",
          "Reproduction",
          "Subarctic",
          "Waterfowl"
        ],
        "format": "Dissertation",
        "publishDate": "1997",
        "building": [
          "Central Alaska Network (CAKN)",
          "Denali National Park and Preserve (DENA)",
          "Yukon-Charley Rivers National Preserve (YUCH)"
        ],
        "Title": "Proximate and ultimate control of reproductive effort in northern shovelers (Anas clypeata) nesting at Minto Flats, Alaska",
        "Link": "https://irma.nps.gov/DataStore/Reference/Profile/580256"
      },
      "geometry": {
        "type": "MultiPoint",
        "coordinates": [
          [-150.6029, 63.3183],
          [-142.5708, 65.1668]
        ]
      }
    },
    {
      "type": "Feature",
      "properties": {
        "id": "irma-579912",
        "institution": [
          "National Park Service (NPS)"
        ],
        "collection": [
          "NPS - IRMA"
        ],
        "topic": [
          "Community Ecology",
          "Primary Production",
          "Subarctic",
          "Vegetation",
          "Wetlands"
        ],
        "format": "Dissertation",
        "publishDate": "1997",
        "building": [
          "Central Alaska Network (CAKN)",
          "Denali National Park and Preserve (DENA)",
          "Wrangell-St. Elias National Park and Preserve (WRST)",
          "Yukon-Charley Rivers National Preserve (YUCH)"
        ],
        "Title": "Production of vascular aquatic plants in wetlands of Alaska: a comparative study",
        "Link": "https://irma.nps.gov/DataStore/Reference/Profile/579912"
      },
      "geometry": {
        "type": "MultiPoint",
        "coordinates": [
          [-150.6029, 63.3183],
          [-142.1319, 60.6918],
          [-142.5708, 65.1668]
        ]
      }
    },
    {
      "type": "Feature",
      "properties": {
        "id": "irma-555817",
        "institution": [
          "National Park Service (NPS)"
        ],
        "collection": [
          "NPS - IRMA"
        ],
        "topic": [
          "Keywords Empty"
        ],
        "format": "Dissertation",
        "publishDate": "1997",
        "building": [
          "Boston Harbor Islands National Recreation Area (BOHA)"
        ],
        "Title": "Sediment resuspension in Boston Harbor",
        "Link": "https://irma.nps.gov/DataStore/Reference/Profile/555817"
      },
      "geometry": {
        "type": "Point",
        "coordinates": [-70.8762, 42.2622]
      }
    },
    {
      "type": "Feature",
      "properties": {
        "id": "irma-601125",
        "institution": [
          "National Park Service (NPS)"
        ],
        "collection": [
          "NPS - IRMA"
        ],
        "topic": [
          "Alaska",
          "Eumetopias jubatus",
          "Gulf Of Alaska",
          "Marine",
          "Marine Mammals",
          "Steller Sea Lion",
          "walleye pollock",
          "Wildlife"
        ],
        "format": "Dissertation",
        "publishDate": "1996",
        "building": [
          "Kenai Fjords National Park (KEFJ)",
          "Sitka National Historical Park (SITK)",
          "Wrangell-St. Elias National Park and Preserve (WRST)"
        ],
        "Title": "A study of the interaction between walleye pollock and Steller sea lions in the Gulf of Alaska",
        "Link": "https://irma.nps.gov/DataStore/Reference/Profile/601125"
      },
      "geometry": {
        "type": "MultiPoint",
        "coordinates": [
          [-150.2466, 59.504],
          [-135.3156, 57.047],
          [-142.1319, 60.6918]
        ]
      }
    },
    {
      "type": "Feature",
      "properties": {
        "id": "irma-606149",
        "institution": [
          "National Park Service (NPS)"
        ],
        "collection": [
          "NPS - IRMA"
        ],
        "topic": [
          "Animal Studies",
          "calf",
          "Caribou",
          "Denali Caribou Herd",
          "Dynamics",
          "IAR",
          "Mortality",
          "Population Dynamics",
          "Production",
          "Survival",
          "Wolf"
        ],
        "format": "Dissertation",
        "publishDate": "1996",
        "building": [
          "Denali National Park and Preserve (DENA)"
        ],
        "Title": "Calf Production and Survival in the Denali Caribou Herd, Alaska",
        "Link": "https://irma.nps.gov/DataStore/Reference/Profile/606149"
      },
      "geometry": {
        "type": "Point",
        "coordinates": [-150.6029, 63.3183]
      }
    },
    {
      "type": "Feature",
      "properties": {
        "id": "irma-580136",
        "institution": [
          "National Park Service (NPS)"
        ],
        "collection": [
          "NPS - IRMA"
        ],
        "topic": [
          "Bay of Isles",
          "Effects",
          "Exxon Valdez Oil Spill",
          "Green Island",
          "Habitat",
          "Haematopus bachmani",
          "Herring Bay",
          "Knight Island",
          "Montague Island",
          "Oil",
          "Port Chalmers",
          "Prince William Sound",
          "Reproduction",
          "Shorelines",
          "Success"
        ],
        "format": "Dissertation",
        "publishDate": "1996",
        "building": [
          "Central Alaska Network (CAKN)",
          "Glacier Bay National Park and Preserve (GLBA)",
          "Klondike Gold Rush National Historical Park (KLGO)",
          "Sitka National Historical Park (SITK)"
        ],
        "Title": "Consequences of the Exxon Valdez oil spill on black oystercatchers inhabiting Prince William Sound, Alaska",
        "Link": "https://irma.nps.gov/DataStore/Reference/Profile/580136"
      },
      "geometry": {
        "type": "MultiPoint",
        "coordinates": [
          [-136.8654, 58.7004],
          [-135.2926, 59.6316],
          [-135.3156, 57.047]
        ]
      }
    },
    {
      "type": "Feature",
      "properties": {
        "id": "irma-580176",
        "institution": [
          "National Park Service (NPS)"
        ],
        "collection": [
          "NPS - IRMA"
        ],
        "topic": [
          "Arctic",
          "Demography",
          "Geese",
          "habitat ues",
          "Nesting",
          "North Slope Birds",
          "Reproduction",
          "Waterfowl"
        ],
        "format": "Dissertation",
        "publishDate": "1996",
        "building": [
          "Arctic Network (ARCN)",
          "Bering Land Bridge National Preserve (BELA)",
          "Cape Krusenstern National Monument (CAKR)",
          "Gates of the Arctic National Park and Preserve (GAAR)",
          "Kobuk Valley National Park (KOVA)",
          "Noatak National Preserve (NOAT)"
        ],
        "Title": "Demographic components of philopatry and nest-site fidelity of Pacific black brant",
        "Link": "https://irma.nps.gov/DataStore/Reference/Profile/580176"
      },
      "geometry": {
        "type": "MultiPoint",
        "coordinates": [
          [-165.1266, 66.2151],
          [-163.4533, 67.4268],
          [-153.3869, 67.869],
          [-159.0631, 67.2802],
          [-159.3945, 68.1814]
        ]
      }
    },
    {
      "type": "Feature",
      "properties": {
        "id": "irma-580177",
        "institution": [
          "National Park Service (NPS)"
        ],
        "collection": [
          "NPS - IRMA"
        ],
        "topic": [
          "Aircraft Overflights",
          "Alaska Range",
          "Calving",
          "Caribou",
          "Delta Caribou Herd",
          "Disturbance",
          "Energetics",
          "Mammals",
          "Noise",
          "Physiology",
          "Reproduction",
          "Ungulates"
        ],
        "format": "Dissertation",
        "publishDate": "1996",
        "building": [
          "Arctic Network (ARCN)",
          "Central Alaska Network (CAKN)",
          "Denali National Park and Preserve (DENA)",
          "Gates of the Arctic National Park and Preserve (GAAR)",
          "Yukon-Charley Rivers National Preserve (YUCH)"
        ],
        "Title": "Ecological and physiological aspects of caribou activity and responses to aircraft overflights",
        "Link": "https://irma.nps.gov/DataStore/Reference/Profile/580177"
      },
      "geometry": {
        "type": "MultiPoint",
        "coordinates": [
          [-150.6029, 63.3183],
          [-153.3869, 67.869],
          [-142.5708, 65.1668]
        ]
      }
    },
    {
      "type": "Feature",
      "properties": {
        "id": "irma-42652",
        "institution": [
          "National Park Service (NPS)"
        ],
        "collection": [
          "NPS - IRMA"
        ],
        "topic": [
          "Animal Studies",
          "Biogeography",
          "Drosophila formella (pomace fly)",
          "Drosophila gymnobasis (pomace fly)",
          "Drosophila hawai`iensis (pomace fly)",
          "Drosophila heedi (pomace fly)",
          "Drosophila lasiopoda (pomace fly)",
          "Drosophila musaphilia (pomace fly)",
          "Drosophila silvarentis (pomace fly)",
          "Eggs",
          "Evolution",
          "Hawai`i",
          "Kaua`i HI",
          "Mau`i HI",
          "Morphology",
          "O`ahu HI",
          "oviposition"
        ],
        "format": "Dissertation",
        "publishDate": "1996",
        "building": [
          "Haleakala National Park (HALE)"
        ],
        "Title": "Evolution of the Drosophila Hawai`iensis subgroups: yolk protein phosphorylation polymorphism and phylogenetic analysis using morphological and molecular characters",
        "Link": "https://irma.nps.gov/DataStore/Reference/Profile/42652"
      },
      "geometry": {
        "type": "Point",
        "coordinates": [-156.1471, 20.7045]
      }
    },
    {
      "type": "Feature",
      "properties": {
        "id": "irma-580175",
        "institution": [
          "National Park Service (NPS)"
        ],
        "collection": [
          "NPS - IRMA"
        ],
        "topic": [
          "Abundance",
          "Arctic",
          "Atigun Pass",
          "Behavior",
          "Breeding Biology",
          "dall's sheep",
          "Diet",
          "Distribution",
          "Energetics",
          "Foraging",
          "Habitat Use",
          "Home Range",
          "Mammals",
          "Population Ecology",
          "Reproduction",
          "Ungulates"
        ],
        "format": "Dissertation",
        "publishDate": "1996",
        "building": [
          "Arctic Network (ARCN)",
          "Bering Land Bridge National Preserve (BELA)",
          "Cape Krusenstern National Monument (CAKR)",
          "Gates of the Arctic National Park and Preserve (GAAR)",
          "Kobuk Valley National Park (KOVA)",
          "Noatak National Preserve (NOAT)"
        ],
        "Title": "Foraging ecology of female Dall's sheep in the Brooks Range, Alaska",
        "Link": "https://irma.nps.gov/DataStore/Reference/Profile/580175"
      },
      "geometry": {
        "type": "MultiPoint",
        "coordinates": [
          [-165.1266, 66.2151],
          [-163.4533, 67.4268],
          [-153.3869, 67.869],
          [-159.0631, 67.2802],
          [-159.3945, 68.1814]
        ]
      }
    },
    {
      "type": "Feature",
      "properties": {
        "id": "irma-556592",
        "institution": [
          "National Park Service (NPS)"
        ],
        "collection": [
          "NPS - IRMA"
        ],
        "topic": [
          "Keywords Empty"
        ],
        "format": "Dissertation",
        "publishDate": "1996",
        "building": [
          "Boston Harbor Islands National Recreation Area (BOHA)"
        ],
        "Title": "Microbial respiration and production rates in Massachusetts Bay",
        "Link": "https://irma.nps.gov/DataStore/Reference/Profile/556592"
      },
      "geometry": {
        "type": "Point",
        "coordinates": [-70.8762, 42.2622]
      }
    },
    {
      "type": "Feature",
      "properties": {
        "id": "irma-580268",
        "institution": [
          "National Park Service (NPS)"
        ],
        "collection": [
          "NPS - IRMA"
        ],
        "topic": [
          "Diet",
          "Fish",
          "Foods",
          "Mammals",
          "Marten",
          "Mink",
          "Mustelids",
          "Predation",
          "prey availability",
          "prey types",
          "Reproduction",
          "Salmon",
          "stable isotope analysis"
        ],
        "format": "Dissertation",
        "publishDate": "1996",
        "building": [
          "Glacier Bay National Park and Preserve (GLBA)",
          "Klondike Gold Rush National Historical Park (KLGO)",
          "Sitka National Historical Park (SITK)"
        ],
        "Title": "Seasonal diets of mink and martens: effects of spatial and temporal changes in resource abundance",
        "Link": "https://irma.nps.gov/DataStore/Reference/Profile/580268"
      },
      "geometry": {
        "type": "MultiPoint",
        "coordinates": [
          [-136.8654, 58.7004],
          [-135.2926, 59.6316],
          [-135.3156, 57.047]
        ]
      }
    },
    {
      "type": "Feature",
      "properties": {
        "id": "irma-2124455",
        "institution": [
          "National Park Service (NPS)"
        ],
        "collection": [
          "NPS - IRMA"
        ],
        "topic": [
          "alternative male mating strategies",
          "Animal Studies",
          "dynamic model",
          "Invertebrates",
          "Kelso Dunes Mojave National Preserve",
          "sexual selection",
          "Sphecidae",
          "thermal constraints"
        ],
        "format": "Dissertation",
        "publishDate": "1996",
        "building": [
          "Mojave National Preserve (MOJA)"
        ],
        "Title": "Sexual size dimorphism, mating systems, and sexual selection in the digger wasp, Microbembex (Hymenoptera: Sphecidae)",
        "Link": "https://irma.nps.gov/DataStore/Reference/Profile/2124455"
      },
      "geometry": {
        "type": "Point",
        "coordinates": [-115.557, 35.0998]
      }
    },
    {
      "type": "Feature",
      "properties": {
        "id": "irma-580174",
        "institution": [
          "National Park Service (NPS)"
        ],
        "collection": [
          "NPS - IRMA"
        ],
        "topic": [
          "Microbiology",
          "Soils",
          "Subarctic",
          "Vegetation"
        ],
        "format": "Dissertation",
        "publishDate": "1996",
        "building": [
          "Central Alaska Network (CAKN)",
          "Denali National Park and Preserve (DENA)",
          "Wrangell-St. Elias National Park and Preserve (WRST)",
          "Yukon-Charley Rivers National Preserve (YUCH)"
        ],
        "Title": "Soil consumption of atmospheric methane: Importance of microbial physiology and diversity",
        "Link": "https://irma.nps.gov/DataStore/Reference/Profile/580174"
      },
      "geometry": {
        "type": "MultiPoint",
        "coordinates": [
          [-150.6029, 63.3183],
          [-142.1319, 60.6918],
          [-142.5708, 65.1668]
        ]
      }
    },
    {
      "type": "Feature",
      "properties": {
        "id": "irma-645727",
        "institution": [
          "National Park Service (NPS)"
        ],
        "collection": [
          "NPS - IRMA"
        ],
        "topic": [
          "Enginering geology",
          "Hydrology",
          "Mechanism",
          "Oahu",
          "Pollution"
        ],
        "format": "Dissertation",
        "publishDate": "1996",
        "building": [
          "Hawaii Volcanoes National Park (HAVO)"
        ],
        "Title": "Subsurface geology and hydrogeology of downtown Honolulu with engineering and environmental implications",
        "Link": "https://irma.nps.gov/DataStore/Reference/Profile/645727"
      },
      "geometry": {
        "type": "Point",
        "coordinates": [-155.4073, 19.235]
      }
    },
    {
      "type": "Feature",
      "properties": {
        "id": "irma-2179798",
        "institution": [
          "National Park Service (NPS)"
        ],
        "collection": [
          "NPS - IRMA"
        ],
        "topic": [
          "Baker Island",
          "Bald Porcupine Island",
          "Bar Island",
          "Checklist",
          "Distribution",
          "Inventory (Baseline)",
          "Islands",
          "Isle Au Haut",
          "Lichen (Mycophycophyta)",
          "Little Moose Island",
          "Mount Desert Island",
          "Schoodic Peninsula",
          "Sheep Porcupine Island"
        ],
        "format": "Dissertation",
        "publishDate": "1996",
        "building": [
          "Acadia National Park (ACAD)"
        ],
        "Title": "The lichens of Acadia National Park, Maine",
        "Link": "https://irma.nps.gov/DataStore/Reference/Profile/2179798"
      },
      "geometry": {
        "type": "Point",
        "coordinates": [-68.2397, 44.3594]
      }
    },
    {
      "type": "Feature",
      "properties": {
        "id": "irma-600145",
        "institution": [
          "National Park Service (NPS)"
        ],
        "collection": [
          "NPS - IRMA"
        ],
        "topic": [
          "Alaska - Northwest",
          "Aluminum",
          "Arctic",
          "Geology – General",
          "Lead",
          "Red Dog Mine",
          "Structural Geology",
          "Zinc"
        ],
        "format": "Dissertation",
        "publishDate": "1996",
        "building": [
          "Cape Krusenstern National Monument (CAKR)"
        ],
        "Title": "The relationship of ore and structural geology at the Red Dog Zn-Pb-Ag deposit, Western Brooks Range, Alaska",
        "Link": "https://irma.nps.gov/DataStore/Reference/Profile/600145"
      },
      "geometry": {
        "type": "Point",
        "coordinates": [-163.4533, 67.4268]
      }
    },
    {
      "type": "Feature",
      "properties": {
        "id": "irma-37008",
        "institution": [
          "National Park Service (NPS)"
        ],
        "collection": [
          "NPS - IRMA"
        ],
        "topic": [
          "Animal Studies",
          "Brown Tree Snake (Boiga irregularis)",
          "Carlia fusca",
          "Emoia caeruleocauda",
          "Hemidactylus frenatus",
          "Lepidodactylus lugubris",
          "Lizards (Lacertilia)",
          "Predation"
        ],
        "format": "Dissertation",
        "publishDate": "1996",
        "building": [
          "War in the Pacific National Historical Park (WAPA)"
        ],
        "Title": "The effect of brown tree snake (Boiga irregularis) predation on the Island of Guams extant lizard assemblages (Carlia fusca, Lepidodactylus lugubris, Hemidactylus frenatus, Emoia caeruleocauda)",
        "Link": "https://irma.nps.gov/DataStore/Reference/Profile/37008"
      },
      "geometry": {
        "type": "Point",
        "coordinates": [144.6534, 13.3896]
      }
    },
    {
      "type": "Feature",
      "properties": {
        "id": "irma-36841",
        "institution": [
          "National Park Service (NPS)"
        ],
        "collection": [
          "NPS - IRMA"
        ],
        "topic": [
          "Aquatic Sciences",
          "Moloka`i HI",
          "Water Use"
        ],
        "format": "Dissertation",
        "publishDate": "1996",
        "building": [
          "Kalaupapa National Historical Park (KALA)"
        ],
        "Title": "The economics of urban water in Hawai`i: empirical analysis and case studies",
        "Link": "https://irma.nps.gov/DataStore/Reference/Profile/36841"
      },
      "geometry": {
        "type": "Point",
        "coordinates": [-156.9565, 21.1558]
      }
    },
    {
      "type": "Feature",
      "properties": {
        "id": "irma-36458",
        "institution": [
          "National Park Service (NPS)"
        ],
        "collection": [
          "NPS - IRMA"
        ],
        "topic": [
          "Ecology",
          "Ferns",
          "Genetic Diversity",
          "Lava",
          "Mauna Loa Volcano HI",
          "Plant Studies",
          "Succession"
        ],
        "format": "Dissertation",
        "publishDate": "1996",
        "building": [
          "Hawaii Volcanoes National Park (HAVO)"
        ],
        "Title": "The ecology of Dicranopteris linearis on windward Mauna Loa, Hawai`i, United States of America",
        "Link": "https://irma.nps.gov/DataStore/Reference/Profile/36458"
      },
      "geometry": {
        "type": "Point",
        "coordinates": [-155.4073, 19.235]
      }
    },
    {
      "type": "Feature",
      "properties": {
        "id": "irma-134129",
        "institution": [
          "National Park Service (NPS)"
        ],
        "collection": [
          "NPS - IRMA"
        ],
        "topic": [
          "Hilina slump HI",
          "Kilauea Volcano HI",
          "Physical Sciences",
          "Rifts (Geologic)",
          "slumps (geologic)",
          "Volcanoes"
        ],
        "format": "Dissertation",
        "publishDate": "1996",
        "building": [
          "Hawaii Volcanoes National Park (HAVO)"
        ],
        "Title": "Volcano instability on the submarine south flank of Hawai`i Island",
        "Link": "https://irma.nps.gov/DataStore/Reference/Profile/134129"
      },
      "geometry": {
        "type": "Point",
        "coordinates": [-155.4073, 19.235]
      }
    },
    {
      "type": "Feature",
      "properties": {
        "id": "irma-646467",
        "institution": [
          "National Park Service (NPS)"
        ],
        "collection": [
          "NPS - IRMA"
        ],
        "topic": [
          "Hawaii (Big Island)",
          "Hazard",
          "Kilauea South Flank",
          "Kilauea Volcano",
          "Landslide",
          "Loihi",
          "Mauna Loa Volcano",
          "Oahu",
          "Submarine",
          "Tectonics"
        ],
        "format": "Dissertation",
        "publishDate": "1996",
        "building": [
          "Hawaii Volcanoes National Park (HAVO)"
        ],
        "Title": "Volcano instability on the submarine south flank of Hawaii Island",
        "Link": "https://irma.nps.gov/DataStore/Reference/Profile/646467"
      },
      "geometry": {
        "type": "Point",
        "coordinates": [-155.4073, 19.235]
      }
    },
    {
      "type": "Feature",
      "properties": {
        "id": "irma-645824",
        "institution": [
          "National Park Service (NPS)"
        ],
        "collection": [
          "NPS - IRMA"
        ],
        "topic": [
          "1983",
          "East Rift Zone",
          "Hawaii (Big Island)",
          "Instrumentation",
          "Kilauea Volcano",
          "Littoral",
          "Mechanism",
          "Method",
          "Remote Sensing"
        ],
        "format": "Dissertation",
        "publishDate": "1995",
        "building": [
          "Hawaii Volcanoes National Park (HAVO)"
        ],
        "Title": "Airborne and satellite infrared imaging spectroscopy of active volcanism at Kilauea Volcano, Hawaii",
        "Link": "https://irma.nps.gov/DataStore/Reference/Profile/645824"
      },
      "geometry": {
        "type": "Point",
        "coordinates": [-155.4073, 19.235]
      }
    },
    {
      "type": "Feature",
      "properties": {
        "id": "irma-580097",
        "institution": [
          "National Park Service (NPS)"
        ],
        "collection": [
          "NPS - IRMA"
        ],
        "topic": [
          "Arctic Grayling",
          "Fish",
          "Fisheries Management",
          "Harvest",
          "Salmon",
          "Sport Fishing",
          "Subarctic"
        ],
        "format": "Dissertation",
        "publishDate": "1995",
        "building": [
          "Central Alaska Network (CAKN)",
          "Denali National Park and Preserve (DENA)",
          "Wrangell-St. Elias National Park and Preserve (WRST)",
          "Yukon-Charley Rivers National Preserve (YUCH)"
        ],
        "Title": "Application of decision analysis in the evaluation of recreational fishery management problems",
        "Link": "https://irma.nps.gov/DataStore/Reference/Profile/580097"
      },
      "geometry": {
        "type": "MultiPoint",
        "coordinates": [
          [-150.6029, 63.3183],
          [-142.1319, 60.6918],
          [-142.5708, 65.1668]
        ]
      }
    },
    {
      "type": "Feature",
      "properties": {
        "id": "irma-555739",
        "institution": [
          "National Park Service (NPS)"
        ],
        "collection": [
          "NPS - IRMA"
        ],
        "topic": [
          "Keywords Empty"
        ],
        "format": "Dissertation",
        "publishDate": "1995",
        "building": [
          "Boston Harbor Islands National Recreation Area (BOHA)"
        ],
        "Title": "Atmospheric Deposition Of Metals and Organics Onto Massachusetts  and Cape Cod Bays: A Comparison Of Measurement Techniques and Source Apportionment (Toxics)",
        "Link": "https://irma.nps.gov/DataStore/Reference/Profile/555739"
      },
      "geometry": {
        "type": "Point",
        "coordinates": [-70.8762, 42.2622]
      }
    },
    {
      "type": "Feature",
      "properties": {
        "id": "irma-600467",
        "institution": [
          "National Park Service (NPS)"
        ],
        "collection": [
          "NPS - IRMA"
        ],
        "topic": [
          "Ecology (Terrestrial)",
          "forest edge",
          "Logging",
          "Plant Communities",
          "Vegetation"
        ],
        "format": "Dissertation",
        "publishDate": "1995",
        "building": [
          "Glacier Bay National Park and Preserve (GLBA)",
          "Klondike Gold Rush National Historical Park (KLGO)",
          "Sitka National Historical Park (SITK)"
        ],
        "Title": "Characterizing structure, microclimate and decomposition of peatland, beachfront, and newly-logged forest edges in southeastern Alaska",
        "Link": "https://irma.nps.gov/DataStore/Reference/Profile/600467"
      },
      "geometry": {
        "type": "MultiPoint",
        "coordinates": [
          [-136.8654, 58.7004],
          [-135.2926, 59.6316],
          [-135.3156, 57.047]
        ]
      }
    },
    {
      "type": "Feature",
      "properties": {
        "id": "irma-646466",
        "institution": [
          "National Park Service (NPS)"
        ],
        "collection": [
          "NPS - IRMA"
        ],
        "topic": [
          "Calcium carbonate (CaCO3)",
          "Carbon (C)",
          "Chemical Analysis",
          "Geology",
          "Hydrology",
          "Isotopes",
          "Mechanism",
          "Oahu",
          "Pollution",
          "Sediment"
        ],
        "format": "Dissertation",
        "publishDate": "1995",
        "building": [
          "Hawaii Volcanoes National Park (HAVO)"
        ],
        "Title": "Climatic controls on cyclic carbonate sedimentation in enclosed basins; Plio-Pleistocene Black Sea and Ala Wai Canal, Oahu",
        "Link": "https://irma.nps.gov/DataStore/Reference/Profile/646466"
      },
      "geometry": {
        "type": "Point",
        "coordinates": [-155.4073, 19.235]
      }
    },
    {
      "type": "Feature",
      "properties": {
        "id": "irma-580267",
        "institution": [
          "National Park Service (NPS)"
        ],
        "collection": [
          "NPS - IRMA"
        ],
        "topic": [
          "Abundance",
          "Behavior",
          "Caribou",
          "Distribution",
          "Foraging",
          "Habitat Use",
          "Mammals",
          "Subarctic",
          "Ungulates"
        ],
        "format": "Dissertation",
        "publishDate": "1995",
        "building": [
          "Central Alaska Network (CAKN)",
          "Denali National Park and Preserve (DENA)",
          "Wrangell-St. Elias National Park and Preserve (WRST)",
          "Yukon-Charley Rivers National Preserve (YUCH)"
        ],
        "Title": "Comparative foraging ecology and social dynamics of caribou (Rangifer tarandus)",
        "Link": "https://irma.nps.gov/DataStore/Reference/Profile/580267"
      },
      "geometry": {
        "type": "MultiPoint",
        "coordinates": [
          [-150.6029, 63.3183],
          [-142.1319, 60.6918],
          [-142.5708, 65.1668]
        ]
      }
    },
    {
      "type": "Feature",
      "properties": {
        "id": "irma-2179797",
        "institution": [
          "National Park Service (NPS)"
        ],
        "collection": [
          "NPS - IRMA"
        ],
        "topic": [
          "Bees (Apoidea)",
          "bees ants & wasps \\r(Hymenoptera)",
          "Duck Brook",
          "Hybridization",
          "Insects (Insecta)",
          "Mount Desert Island",
          "Plants",
          "Pollination",
          "Reproduction",
          "Serviceberry (Amelanchier)",
          "Taxonomy"
        ],
        "format": "Dissertation",
        "publishDate": "1995",
        "building": [
          "Acadia National Park (ACAD)"
        ],
        "Title": "Conservation biology of shadbush, Amelanchier (Rosaceae): evidence from systematics, population structure and reproductive ecology",
        "Link": "https://irma.nps.gov/DataStore/Reference/Profile/2179797"
      },
      "geometry": {
        "type": "Point",
        "coordinates": [-68.2397, 44.3594]
      }
    },
    {
      "type": "Feature",
      "properties": {
        "id": "irma-548394",
        "institution": [
          "National Park Service (NPS)"
        ],
        "collection": [
          "NPS - IRMA"
        ],
        "topic": [
          "Abundance",
          "Carbon isotopes",
          "Decomposition",
          "Distribution",
          "Fish",
          "Habitat Use",
          "Limnology",
          "Macroinvertebrates",
          "Nitrogen isotopes",
          "Nutrients",
          "Oncorhynchus spp.",
          "Population Ecology",
          "Rearing",
          "Salmon",
          "Spawning",
          "Water Quality"
        ],
        "format": "Dissertation",
        "publishDate": "1995",
        "building": [
          "Glacier Bay National Park and Preserve (GLBA)",
          "Kenai Fjords National Park (KEFJ)",
          "Klondike Gold Rush National Historical Park (KLGO)",
          "Southeast Alaska Network (SEAN)",
          "Sitka National Historical Park (SITK)"
        ],
        "Title": "Ecological effects of spawning salmon on several southcentral Alaskan streams",
        "Link": "https://irma.nps.gov/DataStore/Reference/Profile/548394"
      },
      "geometry": {
        "type": "MultiPoint",
        "coordinates": [
          [-136.8654, 58.7004],
          [-150.2466, 59.504],
          [-135.2926, 59.6316],
          [-135.3156, 57.047]
        ]
      }
    },
    {
      "type": "Feature",
      "properties": {
        "id": "irma-579982",
        "institution": [
          "National Park Service (NPS)"
        ],
        "collection": [
          "NPS - IRMA"
        ],
        "topic": [
          "Biology",
          "Decomposition",
          "Ecology",
          "Invertebrates",
          "Microbiology",
          "Soil",
          "Subarctic"
        ],
        "format": "Dissertation",
        "publishDate": "1995",
        "building": [
          "Central Alaska Network (CAKN)",
          "Denali National Park and Preserve (DENA)",
          "Wrangell-St. Elias National Park and Preserve (WRST)",
          "Yukon-Charley Rivers National Preserve (YUCH)"
        ],
        "Title": "Ecology of birch litter decomposition and forest floor processes in the Alaskan taiga",
        "Link": "https://irma.nps.gov/DataStore/Reference/Profile/579982"
      },
      "geometry": {
        "type": "MultiPoint",
        "coordinates": [
          [-150.6029, 63.3183],
          [-142.1319, 60.6918],
          [-142.5708, 65.1668]
        ]
      }
    },
    {
      "type": "Feature",
      "properties": {
        "id": "irma-43120",
        "institution": [
          "National Park Service (NPS)"
        ],
        "collection": [
          "NPS - IRMA"
        ],
        "topic": [
          "Geochemistry",
          "Kilauea Volcano HI",
          "Magmatism",
          "Physical Sciences",
          "Volcanoes"
        ],
        "format": "Dissertation",
        "publishDate": "1995",
        "building": [
          "Hawaii Volcanoes National Park (HAVO)"
        ],
        "Title": "Experimental and geochemical studies of terrestrial and lunar magmatic processes",
        "Link": "https://irma.nps.gov/DataStore/Reference/Profile/43120"
      },
      "geometry": {
        "type": "Point",
        "coordinates": [-155.4073, 19.235]
      }
    },
    {
      "type": "Feature",
      "properties": {
        "id": "irma-50837",
        "institution": [
          "National Park Service (NPS)"
        ],
        "collection": [
          "NPS - IRMA"
        ],
        "topic": [
          "Kilauea Volcano HI",
          "Lava Flows",
          "Physical Sciences",
          "SAR (synthetic aperture radar)",
          "Volcanoes"
        ],
        "format": "Dissertation",
        "publishDate": "1995",
        "building": [
          "Hawaii Volcanoes National Park (HAVO)"
        ],
        "Title": "Frequency analysis of SAR: optimization for imaging unvegetated lava surfaces",
        "Link": "https://irma.nps.gov/DataStore/Reference/Profile/50837"
      },
      "geometry": {
        "type": "Point",
        "coordinates": [-155.4073, 19.235]
      }
    },
    {
      "type": "Feature",
      "properties": {
        "id": "irma-2124527",
        "institution": [
          "National Park Service (NPS)"
        ],
        "collection": [
          "NPS - IRMA"
        ],
        "topic": [
          "habitat connectivity",
          "Habitat Fragmentation",
          "inter-patch dispersal",
          "Northern Spotted Owl",
          "Olympic Peninsula",
          "owl population dynamics",
          "raster GIS habitat data",
          "Strix occidentalis caurina"
        ],
        "format": "Dissertation",
        "publishDate": "1995",
        "building": [
          "Olympic National Park (OLYM)"
        ],
        "Title": "Habitat connectivity and spotted owl population dynamics",
        "Link": "https://irma.nps.gov/DataStore/Reference/Profile/2124527"
      },
      "geometry": {
        "type": "Point",
        "coordinates": [-123.6996, 47.7886]
      }
    },
    {
      "type": "Feature",
      "properties": {
        "id": "irma-580108",
        "institution": [
          "National Park Service (NPS)"
        ],
        "collection": [
          "NPS - IRMA"
        ],
        "topic": [
          "Coregonus",
          "Fish",
          "Growth",
          "North Slope",
          "Prudhoe Bay",
          "Weight"
        ],
        "format": "Dissertation",
        "publishDate": "1995",
        "building": [
          "Arctic Network (ARCN)",
          "Bering Land Bridge National Preserve (BELA)",
          "Cape Krusenstern National Monument (CAKR)",
          "Gates of the Arctic National Park and Preserve (GAAR)",
          "Kobuk Valley National Park (KOVA)",
          "Noatak National Preserve (NOAT)"
        ],
        "Title": "Intra- and inter-seasonal trends in the growth and condition of broad whitefish from Prudhoe Bay, Alaska",
        "Link": "https://irma.nps.gov/DataStore/Reference/Profile/580108"
      },
      "geometry": {
        "type": "MultiPoint",
        "coordinates": [
          [-165.1266, 66.2151],
          [-163.4533, 67.4268],
          [-153.3869, 67.869],
          [-159.0631, 67.2802],
          [-159.3945, 68.1814]
        ]
      }
    },
    {
      "type": "Feature",
      "properties": {
        "id": "irma-610026",
        "institution": [
          "National Park Service (NPS)"
        ],
        "collection": [
          "NPS - IRMA"
        ],
        "topic": [
          "AIRBIB",
          "alpine ecosystem",
          "Microbial activity",
          "Nitrogen Cycling",
          "snowpacks"
        ],
        "format": "Dissertation",
        "publishDate": "1995",
        "building": [
          "Air Resources Division (ARD)"
        ],
        "Title": "Microbial Activity and Nitrogen Cycling Under Seasonal Snowpacks, Niwot Ridge, Colorado",
        "Link": "https://irma.nps.gov/DataStore/Reference/Profile/610026"
      },
      "geometry": {
        "type": "Point",
        "coordinates": [-105.0777, 39.6517]
      }
    },
    {
      "type": "Feature",
      "properties": {
        "id": "irma-580266",
        "institution": [
          "National Park Service (NPS)"
        ],
        "collection": [
          "NPS - IRMA"
        ],
        "topic": [
          "Abundance",
          "Arctic",
          "denning sites",
          "Distribution",
          "Dynamics",
          "Mammals",
          "Movements",
          "North Slope",
          "Polar Bear",
          "Populations"
        ],
        "format": "Dissertation",
        "publishDate": "1995",
        "building": [
          "Arctic Network (ARCN)",
          "Bering Land Bridge National Preserve (BELA)",
          "Cape Krusenstern National Monument (CAKR)",
          "Gates of the Arctic National Park and Preserve (GAAR)",
          "Kobuk Valley National Park (KOVA)",
          "Noatak National Preserve (NOAT)"
        ],
        "Title": "Movements, distribution, and population dynamics of polar bears in the Beaufort Sea",
        "Link": "https://irma.nps.gov/DataStore/Reference/Profile/580266"
      },
      "geometry": {
        "type": "MultiPoint",
        "coordinates": [
          [-165.1266, 66.2151],
          [-163.4533, 67.4268],
          [-153.3869, 67.869],
          [-159.0631, 67.2802],
          [-159.3945, 68.1814]
        ]
      }
    },
    {
      "type": "Feature",
      "properties": {
        "id": "irma-580067",
        "institution": [
          "National Park Service (NPS)"
        ],
        "collection": [
          "NPS - IRMA"
        ],
        "topic": [
          "Body Condition",
          "Calving",
          "Caribou",
          "Mammals",
          "Metabolism",
          "Physiology",
          "Subarctic",
          "Ungulates"
        ],
        "format": "Dissertation",
        "publishDate": "1995",
        "building": [
          "Central Alaska Network (CAKN)",
          "Denali National Park and Preserve (DENA)",
          "Yukon-Charley Rivers National Preserve (YUCH)"
        ],
        "Title": "Nutritional and ecological determinants of growth and reproduction in caribou",
        "Link": "https://irma.nps.gov/DataStore/Reference/Profile/580067"
      },
      "geometry": {
        "type": "MultiPoint",
        "coordinates": [
          [-150.6029, 63.3183],
          [-142.5708, 65.1668]
        ]
      }
    },
    {
      "type": "Feature",
      "properties": {
        "id": "irma-97708",
        "institution": [
          "National Park Service (NPS)"
        ],
        "collection": [
          "NPS - IRMA"
        ],
        "topic": [
          "`Thi`a lehua (Metrosideros polymorpha)",
          "Hawai`i",
          "Hurricane Iniki",
          "Nutrients",
          "Plant Studies",
          "Productivity"
        ],
        "format": "Dissertation",
        "publishDate": "1995",
        "building": [
          "Hawaii Volcanoes National Park (HAVO)"
        ],
        "Title": "Primary productivity and resource use in Metrosideros polymorpha forest as influenced by nutrient availability and Hurricane Iniki",
        "Link": "https://irma.nps.gov/DataStore/Reference/Profile/97708"
      },
      "geometry": {
        "type": "Point",
        "coordinates": [-155.4073, 19.235]
      }
    },
    {
      "type": "Feature",
      "properties": {
        "id": "irma-601106",
        "institution": [
          "National Park Service (NPS)"
        ],
        "collection": [
          "NPS - IRMA"
        ],
        "topic": [
          "Alaska",
          "Marine",
          "Marine Mammals",
          "Pinnipeds",
          "Wildlife"
        ],
        "format": "Dissertation",
        "publishDate": "1995",
        "building": [
          "Aniakchak National Monument and Preserve (ANIA)",
          "Glacier Bay National Park and Preserve (GLBA)",
          "Katmai National Park and Preserve (KATM)",
          "Kenai Fjords National Park (KEFJ)",
          "Sitka National Historical Park (SITK)",
          "Wrangell-St. Elias National Park and Preserve (WRST)"
        ],
        "Title": "Prolonged fasting in pinnipeds",
        "Link": "https://irma.nps.gov/DataStore/Reference/Profile/601106"
      },
      "geometry": {
        "type": "MultiPoint",
        "coordinates": [
          [-158.0973, 56.9011],
          [-136.8654, 58.7004],
          [-154.8894, 58.5661],
          [-150.2466, 59.504],
          [-135.3156, 57.047],
          [-142.1319, 60.6918]
        ]
      }
    },
    {
      "type": "Feature",
      "properties": {
        "id": "irma-556840",
        "institution": [
          "National Park Service (NPS)"
        ],
        "collection": [
          "NPS - IRMA"
        ],
        "topic": [
          "Keywords Empty"
        ],
        "format": "Dissertation",
        "publishDate": "1995",
        "building": [
          "Boston Harbor Islands National Recreation Area (BOHA)"
        ],
        "Title": "Rediscovering Boston Harbor: The political geography of urban environmental agendas",
        "Link": "https://irma.nps.gov/DataStore/Reference/Profile/556840"
      },
      "geometry": {
        "type": "Point",
        "coordinates": [-70.8762, 42.2622]
      }
    },
    {
      "type": "Feature",
      "properties": {
        "id": "irma-557071",
        "institution": [
          "National Park Service (NPS)"
        ],
        "collection": [
          "NPS - IRMA"
        ],
        "topic": [
          "Boston Harbor",
          "Laws",
          "Legislation",
          "Policies"
        ],
        "format": "Dissertation",
        "publishDate": "1995",
        "building": [
          "Boston Harbor Islands National Recreation Area (BOHA)"
        ],
        "Title": "Remedial adjudication in environmental institution cases: Lessons from Boston Harbor (Massachusetts)",
        "Link": "https://irma.nps.gov/DataStore/Reference/Profile/557071"
      },
      "geometry": {
        "type": "Point",
        "coordinates": [-70.8762, 42.2622]
      }
    },
    {
      "type": "Feature",
      "properties": {
        "id": "irma-646454",
        "institution": [
          "National Park Service (NPS)"
        ],
        "collection": [
          "NPS - IRMA"
        ],
        "topic": [
          "Beach",
          "Erosion",
          "Eustatic",
          "Hawaii (Big Island)",
          "Hawaiian Archipelago",
          "Kauai",
          "Maui",
          "Mechanism",
          "Oahu"
        ],
        "format": "Dissertation",
        "publishDate": "1995",
        "building": [
          "Hawaii Volcanoes National Park (HAVO)"
        ],
        "Title": "Sea level rise and coastal erosion in the Hawaiian Islands",
        "Link": "https://irma.nps.gov/DataStore/Reference/Profile/646454"
      },
      "geometry": {
        "type": "Point",
        "coordinates": [-155.4073, 19.235]
      }
    },
    {
      "type": "Feature",
      "properties": {
        "id": "irma-564866",
        "institution": [
          "National Park Service (NPS)"
        ],
        "collection": [
          "NPS - IRMA"
        ],
        "topic": [
          "Arctic",
          "Baldwin Peninsula",
          "Geomorphology/Surface Processes",
          "Glaciation",
          "Glaciers",
          "Paleoecology"
        ],
        "format": "Dissertation",
        "publishDate": "1995",
        "building": [
          "Bering Land Bridge National Preserve (BELA)",
          "Cape Krusenstern National Monument (CAKR)"
        ],
        "Title": "Sedimentology, stratigraphy, and paleoclimatic significance of middle Pleistocene marine, glaciomarine, and glacial deposits in the Kotzebue Sound region, northwestern Alaska",
        "Link": "https://irma.nps.gov/DataStore/Reference/Profile/564866"
      },
      "geometry": {
        "type": "MultiPoint",
        "coordinates": [
          [-165.1266, 66.2151],
          [-163.4533, 67.4268]
        ]
      }
    },
    {
      "type": "Feature",
      "properties": {
        "id": "irma-120058",
        "institution": [
          "National Park Service (NPS)"
        ],
        "collection": [
          "NPS - IRMA"
        ],
        "topic": [
          "Atmospheric Sciences",
          "Mauna Loa Volcano HI",
          "Particulates (Air)",
          "Troposphere"
        ],
        "format": "Dissertation",
        "publishDate": "1995",
        "building": [
          "Hawaii Volcanoes National Park (HAVO)"
        ],
        "Title": "Studies of new particle formation in the remote troposphere",
        "Link": "https://irma.nps.gov/DataStore/Reference/Profile/120058"
      },
      "geometry": {
        "type": "Point",
        "coordinates": [-155.4073, 19.235]
      }
    },
    {
      "type": "Feature",
      "properties": {
        "id": "irma-63407",
        "institution": [
          "National Park Service (NPS)"
        ],
        "collection": [
          "NPS - IRMA"
        ],
        "topic": [
          "Geothermal",
          "Hawaii (Big Island)",
          "Hydrology",
          "hydrothermal system",
          "Kilauea East Rift Zone",
          "Kilauea Volcano HI",
          "Mechanism",
          "Modeling",
          "Physical Sciences",
          "rift zones",
          "solute transport",
          "Volcanoes"
        ],
        "format": "Dissertation",
        "publishDate": "1995",
        "building": [
          "Hawaii Volcanoes National Park (HAVO)"
        ],
        "Title": "The hydrothermal system of the lower East rift zone of Kilauea volcano : conceptual and numerical models of energy and solute transport",
        "Link": "https://irma.nps.gov/DataStore/Reference/Profile/63407"
      },
      "geometry": {
        "type": "Point",
        "coordinates": [-155.4073, 19.235]
      }
    },
    {
      "type": "Feature",
      "properties": {
        "id": "irma-601080",
        "institution": [
          "National Park Service (NPS)"
        ],
        "collection": [
          "NPS - IRMA"
        ],
        "topic": [
          "Alaska",
          "Eumetopias jubatus",
          "Marine",
          "Marine Mammals",
          "Steller Sea Lion",
          "Wildlife"
        ],
        "format": "Dissertation",
        "publishDate": "1995",
        "building": [
          "Aniakchak National Monument and Preserve (ANIA)",
          "Glacier Bay National Park and Preserve (GLBA)",
          "Katmai National Park and Preserve (KATM)",
          "Kenai Fjords National Park (KEFJ)",
          "Sitka National Historical Park (SITK)",
          "Wrangell-St. Elias National Park and Preserve (WRST)"
        ],
        "Title": "The relationship of the foraging ecology of Steller sea lions (Eumetopias jubatus) to their population decline in Alaska",
        "Link": "https://irma.nps.gov/DataStore/Reference/Profile/601080"
      },
      "geometry": {
        "type": "MultiPoint",
        "coordinates": [
          [-158.0973, 56.9011],
          [-136.8654, 58.7004],
          [-154.8894, 58.5661],
          [-150.2466, 59.504],
          [-135.3156, 57.047],
          [-142.1319, 60.6918]
        ]
      }
    },
    {
      "type": "Feature",
      "properties": {
        "id": "irma-579980",
        "institution": [
          "National Park Service (NPS)"
        ],
        "collection": [
          "NPS - IRMA"
        ],
        "topic": [
          "Arctic",
          "China",
          "Genetics",
          "Mammals",
          "North Slope",
          "Phylogeny",
          "Ungulates"
        ],
        "format": "Dissertation",
        "publishDate": "1995",
        "building": [
          "Arctic Network (ARCN)",
          "Bering Land Bridge National Preserve (BELA)",
          "Cape Krusenstern National Monument (CAKR)",
          "Gates of the Arctic National Park and Preserve (GAAR)",
          "Kobuk Valley National Park (KOVA)",
          "Noatak National Preserve (NOAT)"
        ],
        "Title": "The takin and muskox: a molecular and ecological evaluation of relationship",
        "Link": "https://irma.nps.gov/DataStore/Reference/Profile/579980"
      },
      "geometry": {
        "type": "MultiPoint",
        "coordinates": [
          [-165.1266, 66.2151],
          [-163.4533, 67.4268],
          [-153.3869, 67.869],
          [-159.0631, 67.2802],
          [-159.3945, 68.1814]
        ]
      }
    },
    {
      "type": "Feature",
      "properties": {
        "id": "irma-52170",
        "institution": [
          "National Park Service (NPS)"
        ],
        "collection": [
          "NPS - IRMA"
        ],
        "topic": [
          "Animal Studies",
          "Genetics",
          "Hawai`i",
          "Nene (Branta sandvicensis)"
        ],
        "format": "Dissertation",
        "publishDate": "1994",
        "building": [
          "Haleakala National Park (HALE)"
        ],
        "Title": "Genetic analysis of captive and wild populations of Hawai`ian geese",
        "Link": "https://irma.nps.gov/DataStore/Reference/Profile/52170"
      },
      "geometry": {
        "type": "Point",
        "coordinates": [-156.1471, 20.7045]
      }
    },
    {
      "type": "Feature",
      "properties": {
        "id": "irma-58168",
        "institution": [
          "National Park Service (NPS)"
        ],
        "collection": [
          "NPS - IRMA"
        ],
        "topic": [
          "Geology",
          "Glaciology"
        ],
        "format": "Dissertation",
        "publishDate": "1994",
        "building": [
          "Glacier Bay National Park and Preserve (GLBA)"
        ],
        "Title": "Grounding-line systems and glacier mass balance of modern termperate glaciers and their effect on glacier stability",
        "Link": "https://irma.nps.gov/DataStore/Reference/Profile/58168"
      },
      "geometry": {
        "type": "Point",
        "coordinates": [-136.8654, 58.7004]
      }
    },
    {
      "type": "Feature",
      "properties": {
        "id": "irma-70215",
        "institution": [
          "National Park Service (NPS)"
        ],
        "collection": [
          "NPS - IRMA"
        ],
        "topic": [
          "`Thi`a lehua (Metrosideros polymorpha)",
          "Dieback",
          "Ecology",
          "Mauna Kea Volcano HI",
          "Mauna Loa Volcano HI",
          "Plant Studies"
        ],
        "format": "Dissertation",
        "publishDate": "1994",
        "building": [
          "Hawaii Volcanoes National Park (HAVO)"
        ],
        "Title": "Landscape ecology of Metrosideros dieback",
        "Link": "https://irma.nps.gov/DataStore/Reference/Profile/70215"
      },
      "geometry": {
        "type": "Point",
        "coordinates": [-155.4073, 19.235]
      }
    },
    {
      "type": "Feature",
      "properties": {
        "id": "irma-79361",
        "institution": [
          "National Park Service (NPS)"
        ],
        "collection": [
          "NPS - IRMA"
        ],
        "topic": [
          "Animal Studies",
          "avian malaria",
          "Evolution",
          "Genetic Diversity",
          "Hawai`i",
          "Hawai`ian honeycreepers (Drepanidinae)"
        ],
        "format": "Dissertation",
        "publishDate": "1994",
        "building": [
          "Hawaii Volcanoes National Park (HAVO)"
        ],
        "Title": "Molecular evolution, genetic diversity, and avian malaria in the Hawai`ian honeycreepers",
        "Link": "https://irma.nps.gov/DataStore/Reference/Profile/79361"
      },
      "geometry": {
        "type": "Point",
        "coordinates": [-155.4073, 19.235]
      }
    },
    {
      "type": "Feature",
      "properties": {
        "id": "irma-87709",
        "institution": [
          "National Park Service (NPS)"
        ],
        "collection": [
          "NPS - IRMA"
        ],
        "topic": [
          "1983",
          "Aa Lava",
          "Cooling",
          "East Rift Zone",
          "Kilauea Volcano HI",
          "Lava Flow",
          "Lava Temperature",
          "Lava Tube",
          "Mechanism",
          "Modeling",
          "Pahoehoe Lava",
          "Physical Sciences",
          "Vesiculation",
          "Volcanoes"
        ],
        "format": "Dissertation",
        "publishDate": "1994",
        "building": [
          "Hawaii Volcanoes National Park (HAVO)"
        ],
        "Title": "On the thermal budget of pahoehoe lava flows",
        "Link": "https://irma.nps.gov/DataStore/Reference/Profile/87709"
      },
      "geometry": {
        "type": "Point",
        "coordinates": [-155.4073, 19.235]
      }
    },
    {
      "type": "Feature",
      "properties": {
        "id": "irma-557188",
        "institution": [
          "National Park Service (NPS)"
        ],
        "collection": [
          "NPS - IRMA"
        ],
        "topic": [
          "Keywords Empty"
        ],
        "format": "Dissertation",
        "publishDate": "1994",
        "building": [
          "Boston Harbor Islands National Recreation Area (BOHA)"
        ],
        "Title": "Phytochelatin induction by trace metals in marine microalgae",
        "Link": "https://irma.nps.gov/DataStore/Reference/Profile/557188"
      },
      "geometry": {
        "type": "Point",
        "coordinates": [-70.8762, 42.2622]
      }
    },
    {
      "type": "Feature",
      "properties": {
        "id": "irma-580183",
        "institution": [
          "National Park Service (NPS)"
        ],
        "collection": [
          "NPS - IRMA"
        ],
        "topic": [
          "Arctic",
          "Arctic LTER Site",
          "Brooks Range Foothills",
          "Distribution",
          "Genetics",
          "Limnology",
          "Range",
          "Toolik Lake",
          "Zooplankton"
        ],
        "format": "Dissertation",
        "publishDate": "1994",
        "building": [
          "Arctic Network (ARCN)",
          "Bering Land Bridge National Preserve (BELA)",
          "Cape Krusenstern National Monument (CAKR)",
          "Gates of the Arctic National Park and Preserve (GAAR)",
          "Kobuk Valley National Park (KOVA)",
          "Noatak National Preserve (NOAT)"
        ],
        "Title": "Phylogeny and biogeography of the genus Heterocope Sars 1863 (Copepoda: Calanoida): a molecular genetic, morphological and distributional analysis",
        "Link": "https://irma.nps.gov/DataStore/Reference/Profile/580183"
      },
      "geometry": {
        "type": "MultiPoint",
        "coordinates": [
          [-165.1266, 66.2151],
          [-163.4533, 67.4268],
          [-153.3869, 67.869],
          [-159.0631, 67.2802],
          [-159.3945, 68.1814]
        ]
      }
    },
    {
      "type": "Feature",
      "properties": {
        "id": "irma-646338",
        "institution": [
          "National Park Service (NPS)"
        ],
        "collection": [
          "NPS - IRMA"
        ],
        "topic": [
          "1983",
          "Cooling",
          "East Rift Zone",
          "Kilauea Volcano",
          "Kupaianaha lava lake",
          "Lava Flow",
          "Lava Lake",
          "Lava Tube",
          "Mechanism",
          "Method",
          "Pahoehoe Lava",
          "Physical Properties",
          "Porosity",
          "Remote Sensing",
          "Temperature"
        ],
        "format": "Dissertation",
        "publishDate": "1994",
        "building": [
          "Hawaii Volcanoes National Park (HAVO)"
        ],
        "Title": "Remote sensing and thermal modelling of active lava flows, Kilauea Volcano, Hawai'i",
        "Link": "https://irma.nps.gov/DataStore/Reference/Profile/646338"
      },
      "geometry": {
        "type": "Point",
        "coordinates": [-155.4073, 19.235]
      }
    },
    {
      "type": "Feature",
      "properties": {
        "id": "irma-661753",
        "institution": [
          "National Park Service (NPS)"
        ],
        "collection": [
          "NPS - IRMA"
        ],
        "topic": [
          "Calawah River Watershed",
          "Freshwater Stream",
          "Hydrology",
          "large woody debris (LWD)",
          "Sediment Transport"
        ],
        "format": "Dissertation",
        "publishDate": "1994",
        "building": [
          "Olympic National Park (OLYM)"
        ],
        "Title": "Sediment transport in steep tributary streams and the influence of large organic debris",
        "Link": "https://irma.nps.gov/DataStore/Reference/Profile/661753"
      },
      "geometry": {
        "type": "Point",
        "coordinates": [-123.6996, 47.7886]
      }
    },
    {
      "type": "Feature",
      "properties": {
        "id": "irma-566966",
        "institution": [
          "National Park Service (NPS)"
        ],
        "collection": [
          "NPS - IRMA"
        ],
        "topic": [
          "Alaska",
          "Clastic Rocks",
          "Clastic Sediments",
          "Deglaciation",
          "Deposit",
          "fines",
          "Fjord",
          "Fjords",
          "Fourier analysis",
          "Geology",
          "Glacial Environment",
          "Glacial Features",
          "Glacier Bay",
          "glaciomarine",
          "Grand Pacific glacier",
          "Lithofacies",
          "Lithology",
          "Margerie Glacier",
          "Marine",
          "Marine Environment",
          "Moraines",
          "mudstone",
          "Provenance",
          "reflection methods",
          "Sediment",
          "sediment yield",
          "Sedimentary Rocks",
          "Sedimentation Rates",
          "Sediments",
          "seismic profiles",
          "Shore Features",
          "Silt",
          "Tarr Inlet",
          "temperate environment"
        ],
        "format": "Dissertation",
        "publishDate": "1994",
        "building": [
          "Glacier Bay National Park and Preserve (GLBA)",
          "Lassen Volcanic National Park (LAVO)"
        ],
        "Title": "Sediment yields, lithofacies architecture and mudrock characteristics in glacimarine environments",
        "Link": "https://irma.nps.gov/DataStore/Reference/Profile/566966"
      },
      "geometry": {
        "type": "MultiPoint",
        "coordinates": [
          [-136.8654, 58.7004],
          [-121.4121, 40.4862]
        ]
      }
    },
    {
      "type": "Feature",
      "properties": {
        "id": "irma-566967",
        "institution": [
          "National Park Service (NPS)"
        ],
        "collection": [
          "NPS - IRMA"
        ],
        "topic": [
          "Forests",
          "Glacier Bay",
          "Models",
          "North America",
          "Paleoecology",
          "Spatial Distribution",
          "Succession"
        ],
        "format": "Dissertation",
        "publishDate": "1994",
        "building": [
          "Glacier Bay National Park and Preserve (GLBA)"
        ],
        "Title": "Spatial dynamics of primary forest succession; modeling the Glacier Bay \"chronosequence\"",
        "Link": "https://irma.nps.gov/DataStore/Reference/Profile/566967"
      },
      "geometry": {
        "type": "Point",
        "coordinates": [-136.8654, 58.7004]
      }
    },
    {
      "type": "Feature",
      "properties": {
        "id": "irma-2179795",
        "institution": [
          "National Park Service (NPS)"
        ],
        "collection": [
          "NPS - IRMA"
        ],
        "topic": [
          "Acadia National Park",
          "Cadmium (Cd)",
          "Chlorophyll",
          "fluorescence",
          "Mount Desert Island",
          "Ozone (O3)"
        ],
        "format": "Dissertation",
        "publishDate": "1994",
        "building": [
          "Acadia National Park (ACAD)"
        ],
        "Title": "Steady-state natural fluorescence",
        "Link": "https://irma.nps.gov/DataStore/Reference/Profile/2179795"
      },
      "geometry": {
        "type": "Point",
        "coordinates": [-68.2397, 44.3594]
      }
    },
    {
      "type": "Feature",
      "properties": {
        "id": "irma-128202",
        "institution": [
          "National Park Service (NPS)"
        ],
        "collection": [
          "NPS - IRMA"
        ],
        "topic": [
          "Chronosequence",
          "Forest",
          "Nutrients",
          "Succession",
          "Vegetation"
        ],
        "format": "Dissertation",
        "publishDate": "1994",
        "building": [
          "Glacier Bay National Park and Preserve (GLBA)"
        ],
        "Title": "Two centuries of primary succession at Glacier Bay, Alaska: a test of a classic glacial retreat chronosequence",
        "Link": "https://irma.nps.gov/DataStore/Reference/Profile/128202"
      },
      "geometry": {
        "type": "Point",
        "coordinates": [-136.8654, 58.7004]
      }
    },
    {
      "type": "Feature",
      "properties": {
        "id": "irma-14909",
        "institution": [
          "National Park Service (NPS)"
        ],
        "collection": [
          "NPS - IRMA"
        ],
        "topic": [
          "Animal Studies",
          "Kula Mau`i HI",
          "Mau`i HI",
          "Mediterranean fruit fly (Ceratitis capitata)",
          "Reproduction"
        ],
        "format": "Dissertation",
        "publishDate": "1993",
        "building": [
          "Haleakala National Park (HALE)"
        ],
        "Title": "Behavioral ecology of the Mediterranean fruit fly: leks, courtship, nuptial gifts, and average offspring",
        "Link": "https://irma.nps.gov/DataStore/Reference/Profile/14909"
      },
      "geometry": {
        "type": "Point",
        "coordinates": [-156.1471, 20.7045]
      }
    },
    {
      "type": "Feature",
      "properties": {
        "id": "irma-22534",
        "institution": [
          "National Park Service (NPS)"
        ],
        "collection": [
          "NPS - IRMA"
        ],
        "topic": [
          "character release",
          "Diet",
          "Distribution",
          "Evolution",
          "Foraging",
          "Hawai`i Volcanoes National Park HI",
          "Hawai`ian Hoary Bat (Lasiurus cinereus semotus)",
          "Morphology",
          "Population",
          "Pu`uhonua`o Honaunau Historical Park HI",
          "Restricteddocument",
          "Restrictedrecord"
        ],
        "format": "Dissertation",
        "publishDate": "1993",
        "building": [
          "Hawaii Volcanoes National Park (HAVO)",
          "Pu'uhonua o Honaunau National Historical Park (PUHO)"
        ],
        "Title": "Character release in the endangered Hawai`ian hoary bat, Lasiurus cinereus semotus",
        "Link": "https://irma.nps.gov/DataStore/Reference/Profile/22534"
      },
      "geometry": {
        "type": "MultiPoint",
        "coordinates": [
          [-155.4073, 19.235],
          [-155.8997, 19.409]
        ]
      }
    },
    {
      "type": "Feature",
      "properties": {
        "id": "irma-579969",
        "institution": [
          "National Park Service (NPS)"
        ],
        "collection": [
          "NPS - IRMA"
        ],
        "topic": [
          "Caribou",
          "Disease",
          "Mammals",
          "Reindeer",
          "Subarctic",
          "Ungulates"
        ],
        "format": "Dissertation",
        "publishDate": "1993",
        "building": [
          "Central Alaska Network (CAKN)",
          "Denali National Park and Preserve (DENA)",
          "Yukon-Charley Rivers National Preserve (YUCH)"
        ],
        "Title": "Detection and control of brucellosis in reindeer vaccinated with Brucella suis biovar 3",
        "Link": "https://irma.nps.gov/DataStore/Reference/Profile/579969"
      },
      "geometry": {
        "type": "MultiPoint",
        "coordinates": [
          [-150.6029, 63.3183],
          [-142.5708, 65.1668]
        ]
      }
    },
    {
      "type": "Feature",
      "properties": {
        "id": "irma-35360",
        "institution": [
          "National Park Service (NPS)"
        ],
        "collection": [
          "NPS - IRMA"
        ],
        "topic": [
          "Earthquakes",
          "geodetic monitoring",
          "Kilauea Volcano HI",
          "Modeling",
          "Physical Sciences"
        ],
        "format": "Dissertation",
        "publishDate": "1993",
        "building": [
          "Hawaii Volcanoes National Park (HAVO)"
        ],
        "Title": "Earthquake dislocation models derived from inversion of geodetic data",
        "Link": "https://irma.nps.gov/DataStore/Reference/Profile/35360"
      },
      "geometry": {
        "type": "Point",
        "coordinates": [-155.4073, 19.235]
      }
    },
    {
      "type": "Feature",
      "properties": {
        "id": "irma-38654",
        "institution": [
          "National Park Service (NPS)"
        ],
        "collection": [
          "NPS - IRMA"
        ],
        "topic": [
          "Coral",
          "Fossils",
          "Geology",
          "Moloka`i HI",
          "Physical Sciences"
        ],
        "format": "Dissertation",
        "publishDate": "1993",
        "building": [
          "Kalaupapa National Historical Park (KALA)"
        ],
        "Title": "Elevated fossil coral deposits in the Hawai`ian Islands: a measure of island uplift in the quaternary",
        "Link": "https://irma.nps.gov/DataStore/Reference/Profile/38654"
      },
      "geometry": {
        "type": "Point",
        "coordinates": [-156.9565, 21.1558]
      }
    },
    {
      "type": "Feature",
      "properties": {
        "id": "irma-579972",
        "institution": [
          "National Park Service (NPS)"
        ],
        "collection": [
          "NPS - IRMA"
        ],
        "topic": [
          "decomposers",
          "freshwater zooplankton",
          "Herbivory",
          "Limnology",
          "Stream temperature",
          "Subarctic",
          "Upper Chena River"
        ],
        "format": "Dissertation",
        "publishDate": "1993",
        "building": [
          "Central Alaska Network (CAKN)",
          "Denali National Park and Preserve (DENA)",
          "Wrangell-St. Elias National Park and Preserve (WRST)",
          "Yukon-Charley Rivers National Preserve (YUCH)"
        ],
        "Title": "Latitudinal gradients in leaf litter decomposition in streams: Effects of leaf chemistry and temperature",
        "Link": "https://irma.nps.gov/DataStore/Reference/Profile/579972"
      },
      "geometry": {
        "type": "MultiPoint",
        "coordinates": [
          [-150.6029, 63.3183],
          [-142.1319, 60.6918],
          [-142.5708, 65.1668]
        ]
      }
    },
    {
      "type": "Feature",
      "properties": {
        "id": "irma-580222",
        "institution": [
          "National Park Service (NPS)"
        ],
        "collection": [
          "NPS - IRMA"
        ],
        "topic": [
          "Arctic",
          "Bioenergetics",
          "Brant",
          "molt",
          "molting area",
          "Teshekpuk Lake"
        ],
        "format": "Dissertation",
        "publishDate": "1993",
        "building": [
          "Arctic Network (ARCN)",
          "Bering Land Bridge National Preserve (BELA)",
          "Cape Krusenstern National Monument (CAKR)",
          "Gates of the Arctic National Park and Preserve (GAAR)",
          "Kobuk Valley National Park (KOVA)",
          "Noatak National Preserve (NOAT)"
        ],
        "Title": "Molt and bioenergetics of Pacific black brant (Branta bernicla nigricans) on the Arctic coastal plain, Alaska",
        "Link": "https://irma.nps.gov/DataStore/Reference/Profile/580222"
      },
      "geometry": {
        "type": "MultiPoint",
        "coordinates": [
          [-165.1266, 66.2151],
          [-163.4533, 67.4268],
          [-153.3869, 67.869],
          [-159.0631, 67.2802],
          [-159.3945, 68.1814]
        ]
      }
    },
    {
      "type": "Feature",
      "properties": {
        "id": "irma-94677",
        "institution": [
          "National Park Service (NPS)"
        ],
        "collection": [
          "NPS - IRMA"
        ],
        "topic": [
          "`Thi`a lehua (Metrosideros polymorpha)",
          "Ecology",
          "Hawai`i",
          "Plant Studies",
          "Population Dynamics",
          "Seed Dispersal"
        ],
        "format": "Dissertation",
        "publishDate": "1993",
        "building": [
          "Hawaii Volcanoes National Park (HAVO)"
        ],
        "Title": "Population ecology of Metrosideros polymorpha and some associated plants of Hawai`ian volcanoes",
        "Link": "https://irma.nps.gov/DataStore/Reference/Profile/94677"
      },
      "geometry": {
        "type": "Point",
        "coordinates": [-155.4073, 19.235]
      }
    },
    {
      "type": "Feature",
      "properties": {
        "id": "irma-579971",
        "institution": [
          "National Park Service (NPS)"
        ],
        "collection": [
          "NPS - IRMA"
        ],
        "topic": [
          "Arctic",
          "Birds",
          "Breeding Biology",
          "Geese",
          "Mortality",
          "Nesting Success",
          "Predation",
          "Reproduction",
          "Waterfowl",
          "Yukon-Kuskokwim Delta"
        ],
        "format": "Dissertation",
        "publishDate": "1993",
        "building": [
          "Arctic Network (ARCN)",
          "Bering Land Bridge National Preserve (BELA)",
          "Cape Krusenstern National Monument (CAKR)",
          "Gates of the Arctic National Park and Preserve (GAAR)",
          "Kobuk Valley National Park (KOVA)",
          "Noatak National Preserve (NOAT)"
        ],
        "Title": "Prefledging survival and reproductive strategies in black brant",
        "Link": "https://irma.nps.gov/DataStore/Reference/Profile/579971"
      },
      "geometry": {
        "type": "MultiPoint",
        "coordinates": [
          [-165.1266, 66.2151],
          [-163.4533, 67.4268],
          [-153.3869, 67.869],
          [-159.0631, 67.2802],
          [-159.3945, 68.1814]
        ]
      }
    },
    {
      "type": "Feature",
      "properties": {
        "id": "irma-100401",
        "institution": [
          "National Park Service (NPS)"
        ],
        "collection": [
          "NPS - IRMA"
        ],
        "topic": [
          "Aerosols",
          "Air Quality",
          "Atmospheric Sciences",
          "Chemistry",
          "Mauna Loa Volcano HI",
          "radioanalysis"
        ],
        "format": "Dissertation",
        "publishDate": "1993",
        "building": [
          "Hawaii Volcanoes National Park (HAVO)"
        ],
        "Title": "Radioanalytical techniques applied to environmental chemistry: a two case study",
        "Link": "https://irma.nps.gov/DataStore/Reference/Profile/100401"
      },
      "geometry": {
        "type": "Point",
        "coordinates": [-155.4073, 19.235]
      }
    },
    {
      "type": "Feature",
      "properties": {
        "id": "irma-103025",
        "institution": [
          "National Park Service (NPS)"
        ],
        "collection": [
          "NPS - IRMA"
        ],
        "topic": [
          "Animal Studies",
          "Bald Eagle (Haliaeetus leucocephalus)",
          "Breeding success",
          "Endangered Species",
          "Lake Superior",
          "Raptor"
        ],
        "format": "Dissertation",
        "publishDate": "1993",
        "building": [
          "Pictured Rocks National Lakeshore (PIRO)"
        ],
        "Title": "Regulation of Bald Eagle (Haliaeetus leucocephalus) Productivity in the Great Lakes Basin:  An Ecological and Toxicological Approach",
        "Link": "https://irma.nps.gov/DataStore/Reference/Profile/103025"
      },
      "geometry": {
        "type": "Point",
        "coordinates": [-86.3079, 46.5691]
      }
    },
    {
      "type": "Feature",
      "properties": {
        "id": "irma-564181",
        "institution": [
          "National Park Service (NPS)"
        ],
        "collection": [
          "NPS - IRMA"
        ],
        "topic": [
          "Burroughs Glacier",
          "Carroll Glacier",
          "Cushing Glacier",
          "Fjord",
          "Glaciation",
          "Glacier Bay",
          "glacier-fed delta",
          "Glaciers",
          "Marine Sediments",
          "Queen Delta",
          "tidewater glaciers"
        ],
        "format": "Dissertation",
        "publishDate": "1993",
        "building": [
          "Glacier Bay National Park and Preserve (GLBA)"
        ],
        "Title": "Sedimentary processes at glacial marine deltas, Glacier Bay, Alaska",
        "Link": "https://irma.nps.gov/DataStore/Reference/Profile/564181"
      },
      "geometry": {
        "type": "Point",
        "coordinates": [-136.8654, 58.7004]
      }
    },
    {
      "type": "Feature",
      "properties": {
        "id": "irma-2258295",
        "institution": [
          "National Park Service (NPS)"
        ],
        "collection": [
          "NPS - IRMA"
        ],
        "topic": [
          "APHN",
          "Appalachian Highlands Network",
          "geology",
          "Great Smoky Mountains National Park",
          "GRSM",
          "GRSM-01857",
          "Ocoee supergroup",
          "SER",
          "Southeast Region",
          "Thunderhead sandstone"
        ],
        "format": "Dissertation",
        "publishDate": "1993",
        "building": [
          "Great Smoky Mountains National Park (GRSM)"
        ],
        "Title": "Sedimentological Investigation of the Thunderhead Sandstone (Ocoee Supergroup), Eastern Tennessee and Western North Carolina",
        "Link": "https://irma.nps.gov/DataStore/Reference/Profile/2258295"
      },
      "geometry": {
        "type": "Point",
        "coordinates": [-83.5282, 35.5716]
      }
    },
    {
      "type": "Feature",
      "properties": {
        "id": "irma-645739",
        "institution": [
          "National Park Service (NPS)"
        ],
        "collection": [
          "NPS - IRMA"
        ],
        "topic": [
          "Hawaiian Swell",
          "Hawaiian-Emperor Chain",
          "Hotspot",
          "Map",
          "Mechanism",
          "Modeling",
          "Pacific lithosphere",
          "Rayleigh Waves",
          "Seismology",
          "Tectonics",
          "Velocity"
        ],
        "format": "Dissertation",
        "publishDate": "1993",
        "building": [
          "Hawaii Volcanoes National Park (HAVO)"
        ],
        "Title": "Seismic surface wave investigations of the three hotspot tracks",
        "Link": "https://irma.nps.gov/DataStore/Reference/Profile/645739"
      },
      "geometry": {
        "type": "Point",
        "coordinates": [-155.4073, 19.235]
      }
    },
    {
      "type": "Feature",
      "properties": {
        "id": "irma-116223",
        "institution": [
          "National Park Service (NPS)"
        ],
        "collection": [
          "NPS - IRMA"
        ],
        "topic": [
          "blue grama (Bouteloua gracilis)",
          "Canopy",
          "Ecology",
          "Modeling",
          "one-seed juniper (Juniperus monosperma)",
          "Pajarito Plateau NM",
          "Physiology",
          "Pinyon Pine (Pinus edulis)",
          "Pinyon-Juniper Forest",
          "Plant Studies",
          "Plants",
          "Soil Moisture",
          "Vegetation",
          "Water"
        ],
        "format": "Dissertation",
        "publishDate": "1993",
        "building": [
          "Bandelier National Monument (BAND)"
        ],
        "Title": "Spatial partitioning of water use by herbaceous and woody lifeforms in semiarid woodlands",
        "Link": "https://irma.nps.gov/DataStore/Reference/Profile/116223"
      },
      "geometry": {
        "type": "Point",
        "coordinates": [-106.3573, 35.8188]
      }
    },
    {
      "type": "Feature",
      "properties": {
        "id": "irma-580145",
        "institution": [
          "National Park Service (NPS)"
        ],
        "collection": [
          "NPS - IRMA"
        ],
        "topic": [
          "Changes",
          "Copper River Basin",
          "Kennicott",
          "McCarthy",
          "Planning",
          "Recreation",
          "Social",
          "Tourism"
        ],
        "format": "Dissertation",
        "publishDate": "1993",
        "building": [
          "Central Alaska Network (CAKN)",
          "Wrangell-St. Elias National Park and Preserve (WRST)"
        ],
        "Title": "The wilderness begins at McCarthy: perceptual impacts of tourism on communities",
        "Link": "https://irma.nps.gov/DataStore/Reference/Profile/580145"
      },
      "geometry": {
        "type": "Point",
        "coordinates": [-142.1319, 60.6918]
      }
    },
    {
      "type": "Feature",
      "properties": {
        "id": "irma-2217823",
        "institution": [
          "National Park Service (NPS)"
        ],
        "collection": [
          "NPS - IRMA"
        ],
        "topic": [
          "bat ray",
          "Myliobatis californica",
          "TBBI"
        ],
        "format": "Dissertation",
        "publishDate": "1993",
        "building": [
          "Point Reyes National Seashore (PORE)",
          "San Francisco Bay Area Network (SFAN)"
        ],
        "Title": "The physiological ecology of bat rays, Myliobatis californica, in Tomales Bay, California",
        "Link": "https://irma.nps.gov/DataStore/Reference/Profile/2217823"
      },
      "geometry": {
        "type": "Point",
        "coordinates": [-122.8649, 38.0556]
      }
    },
    {
      "type": "Feature",
      "properties": {
        "id": "irma-2124448",
        "institution": [
          "National Park Service (NPS)"
        ],
        "collection": [
          "NPS - IRMA"
        ],
        "topic": [
          "Animal Studies",
          "Crotalus cerastes"
        ],
        "format": "Dissertation",
        "publishDate": "1992",
        "building": [
          "Mojave National Preserve (MOJA)"
        ],
        "Title": "Activities and energetics of a sit-and-wait foraging snake, Crotalus cerastes",
        "Link": "https://irma.nps.gov/DataStore/Reference/Profile/2124448"
      },
      "geometry": {
        "type": "Point",
        "coordinates": [-115.557, 35.0998]
      }
    },
    {
      "type": "Feature",
      "properties": {
        "id": "irma-579872",
        "institution": [
          "National Park Service (NPS)"
        ],
        "collection": [
          "NPS - IRMA"
        ],
        "topic": [
          "Behavior",
          "Birds",
          "Eleanor Island",
          "Feeding Ecology",
          "Interactions",
          "Prince William Sound",
          "Reproduction",
          "Rissa Tridactyla",
          "Shoup Bay"
        ],
        "format": "Dissertation",
        "publishDate": "1992",
        "building": [
          "Glacier Bay National Park and Preserve (GLBA)",
          "Klondike Gold Rush National Historical Park (KLGO)",
          "Southeast Alaska Network (SEAN)",
          "Sitka National Historical Park (SITK)"
        ],
        "Title": "Aspects of foraging behavior and reproductive biology of the black-legged kittiwake",
        "Link": "https://irma.nps.gov/DataStore/Reference/Profile/579872"
      },
      "geometry": {
        "type": "MultiPoint",
        "coordinates": [
          [-136.8654, 58.7004],
          [-135.2926, 59.6316],
          [-135.3156, 57.047]
        ]
      }
    },
    {
      "type": "Feature",
      "properties": {
        "id": "irma-580063",
        "institution": [
          "National Park Service (NPS)"
        ],
        "collection": [
          "NPS - IRMA"
        ],
        "topic": [
          "Alaska",
          "Arctic",
          "Behavior",
          "Birds",
          "Breeding Biology",
          "Colville River Delta",
          "Energetics",
          "Habitat Preferences",
          "Habitat Use",
          "Migration",
          "molt",
          "parental care",
          "Tundra Swan",
          "Waterfowl"
        ],
        "format": "Dissertation",
        "publishDate": "1992",
        "building": [
          "Arctic Network (ARCN)",
          "Bering Land Bridge National Preserve (BELA)",
          "Cape Krusenstern National Monument (CAKR)",
          "Gates of the Arctic National Park and Preserve (GAAR)",
          "Kobuk Valley National Park (KOVA)",
          "Noatak National Preserve (NOAT)"
        ],
        "Title": "Behavior and ecology of tundra swans during summer, autumn, and winter",
        "Link": "https://irma.nps.gov/DataStore/Reference/Profile/580063"
      },
      "geometry": {
        "type": "MultiPoint",
        "coordinates": [
          [-165.1266, 66.2151],
          [-163.4533, 67.4268],
          [-153.3869, 67.869],
          [-159.0631, 67.2802],
          [-159.3945, 68.1814]
        ]
      }
    },
    {
      "type": "Feature",
      "properties": {
        "id": "irma-622118",
        "institution": [
          "National Park Service (NPS)"
        ],
        "collection": [
          "NPS - IRMA"
        ],
        "topic": [
          "Algae",
          "bioherm",
          "Capitan",
          "Eugonophyllum",
          "Fossil",
          "IAR",
          "Mizzia",
          "Oceanography",
          "Reef"
        ],
        "format": "Dissertation",
        "publishDate": "1992",
        "building": [
          "Katmai National Park and Preserve (KATM)"
        ],
        "Title": "Distinctions between reefs and bioherms based on studies of fossil algae: mizzia, permian capitan reef complex, and eugonophyllum, Pensylvanian holder formation",
        "Link": "https://irma.nps.gov/DataStore/Reference/Profile/622118"
      },
      "geometry": {
        "type": "Point",
        "coordinates": [-154.8894, 58.5661]
      }
    },
    {
      "type": "Feature",
      "properties": {
        "id": "irma-35263",
        "institution": [
          "National Park Service (NPS)"
        ],
        "collection": [
          "NPS - IRMA"
        ],
        "topic": [
          "`Thi`a lehua (Metrosideros polymorpha)",
          "Kalapana HI",
          "Logging",
          "Plant Studies",
          "Rain Forest"
        ],
        "format": "Dissertation",
        "publishDate": "1992",
        "building": [
          "Hawaii Volcanoes National Park (HAVO)"
        ],
        "Title": "Early recovery of a Hawai`ian lowland rainforest following clearcutting at Kalapana on the Island of Hawai`i",
        "Link": "https://irma.nps.gov/DataStore/Reference/Profile/35263"
      },
      "geometry": {
        "type": "Point",
        "coordinates": [-155.4073, 19.235]
      }
    },
    {
      "type": "Feature",
      "properties": {
        "id": "irma-579945",
        "institution": [
          "National Park Service (NPS)"
        ],
        "collection": [
          "NPS - IRMA"
        ],
        "topic": [
          "Alces alces",
          "Alnus sinuata",
          "Calving",
          "Copper River Delta",
          "Diets",
          "Distribution",
          "Diversity",
          "Evolution",
          "Feeding Ecology",
          "Foraging",
          "Genetic",
          "Habitat",
          "Habitat Use",
          "Hunting",
          "Mammals",
          "Moose",
          "Mortality",
          "Myrica gale",
          "Picea sitchensis",
          "Population Dynamics",
          "Predation",
          "Predators",
          "Range",
          "Salix barclayi",
          "Salix sitchensis",
          "Salix spp",
          "Snow",
          "Ursus arctos",
          "Wolves"
        ],
        "format": "Dissertation",
        "publishDate": "1992",
        "building": [
          "Central Alaska Network (CAKN)",
          "Denali National Park and Preserve (DENA)"
        ],
        "Title": "Ecology of moose on the Copper River Delta, Alaska",
        "Link": "https://irma.nps.gov/DataStore/Reference/Profile/579945"
      },
      "geometry": {
        "type": "Point",
        "coordinates": [-150.6029, 63.3183]
      }
    },
    {
      "type": "Feature",
      "properties": {
        "id": "irma-51684",
        "institution": [
          "National Park Service (NPS)"
        ],
        "collection": [
          "NPS - IRMA"
        ],
        "topic": [
          "`Thi`a lehua (Metrosideros polymorpha)",
          "flowering plants (angiosperms)",
          "Genetic Diversity",
          "Haleakala Volcano HI",
          "Mau`i HI",
          "Metrosideros rugosa",
          "Metrosideros temuloides",
          "Plant Studies",
          "Transects"
        ],
        "format": "Dissertation",
        "publishDate": "1992",
        "building": [
          "Haleakala National Park (HALE)"
        ],
        "Title": "Genecology of Hawai`ian Metrosideros (Metrosideros polymorpha)",
        "Link": "https://irma.nps.gov/DataStore/Reference/Profile/51684"
      },
      "geometry": {
        "type": "Point",
        "coordinates": [-156.1471, 20.7045]
      }
    },
    {
      "type": "Feature",
      "properties": {
        "id": "irma-543100",
        "institution": [
          "National Park Service (NPS)"
        ],
        "collection": [
          "NPS - IRMA"
        ],
        "topic": [
          "ablation",
          "Alaska",
          "angular unconformities",
          "bedding plane irregularities",
          "Burroughs Glacier",
          "eskers",
          "Fluvial Features",
          "Geology",
          "Glacial Features",
          "Glacial Geology",
          "Glacier Bay National Park",
          "Glacier Bay National Park and Preserve AK",
          "Glaciology",
          "GLBA",
          "Lacustrine Environment",
          "Monographic",
          "Planar Bedding Structures",
          "rhythmite",
          "Sedimentary Structures",
          "Sediments",
          "Southeastern Alaska",
          "striations",
          "Thesis",
          "Unconformities",
          "United States"
        ],
        "format": "Dissertation",
        "publishDate": "1992",
        "building": [
          "Glacier Bay National Park and Preserve (GLBA)"
        ],
        "Title": "Glacial geology of the southeastern Burroughs Glacier, Glacier Bay National Park and Preserve, Alaska",
        "Link": "https://irma.nps.gov/DataStore/Reference/Profile/543100"
      },
      "geometry": {
        "type": "Point",
        "coordinates": [-136.8654, 58.7004]
      }
    },
    {
      "type": "Feature",
      "properties": {
        "id": "irma-557364",
        "institution": [
          "National Park Service (NPS)"
        ],
        "collection": [
          "NPS - IRMA"
        ],
        "topic": [
          "Keywords Empty"
        ],
        "format": "Dissertation",
        "publishDate": "1992",
        "building": [
          "Boston Harbor Islands National Recreation Area (BOHA)"
        ],
        "Title": "Investigation of an alternating current plasma as an element selective atomic emission detector for high-resolution capillary gas chromatography and as a source for atomic absorption and atomic emission spectrometry",
        "Link": "https://irma.nps.gov/DataStore/Reference/Profile/557364"
      },
      "geometry": {
        "type": "Point",
        "coordinates": [-70.8762, 42.2622]
      }
    },
    {
      "type": "Feature",
      "properties": {
        "id": "irma-580198",
        "institution": [
          "National Park Service (NPS)"
        ],
        "collection": [
          "NPS - IRMA"
        ],
        "topic": [
          "Birds",
          "Boreal Forests",
          "Ducks",
          "Habitat Use",
          "Subarctic",
          "Waterfowl"
        ],
        "format": "Dissertation",
        "publishDate": "1992",
        "building": [
          "Central Alaska Network (CAKN)",
          "Denali National Park and Preserve (DENA)",
          "Wrangell-St. Elias National Park and Preserve (WRST)",
          "Yukon-Charley Rivers National Preserve (YUCH)"
        ],
        "Title": "Patterns of wetland use among aquatic birds in the interior boreal forest region of Alaska",
        "Link": "https://irma.nps.gov/DataStore/Reference/Profile/580198"
      },
      "geometry": {
        "type": "MultiPoint",
        "coordinates": [
          [-150.6029, 63.3183],
          [-142.1319, 60.6918],
          [-142.5708, 65.1668]
        ]
      }
    },
    {
      "type": "Feature",
      "properties": {
        "id": "irma-100359",
        "institution": [
          "National Park Service (NPS)"
        ],
        "collection": [
          "NPS - IRMA"
        ],
        "topic": [
          "1983",
          "Cooling",
          "East Rift Zone",
          "Hawaii (Big Island)",
          "Hazard",
          "Instrumentation",
          "Kupaianaha lava lake",
          "Lava Flow",
          "Lava Temperature",
          "Mechanism",
          "Method",
          "Physical Sciences",
          "Pu`u `O`o-Kupaianaha eruption (Kilauea Volcano HI)",
          "Remote Sensing",
          "Satellite Imagery",
          "Volcanic Eruptions",
          "Volcano"
        ],
        "format": "Dissertation",
        "publishDate": "1992",
        "building": [
          "Hawaii Volcanoes National Park (HAVO)"
        ],
        "Title": "Radiative temperature measurements of the Puu O'o-Kupaianaha eruption with implications for satellite remote sensing",
        "Link": "https://irma.nps.gov/DataStore/Reference/Profile/100359"
      },
      "geometry": {
        "type": "Point",
        "coordinates": [-155.4073, 19.235]
      }
    },
    {
      "type": "Feature",
      "properties": {
        "id": "irma-103369",
        "institution": [
          "National Park Service (NPS)"
        ],
        "collection": [
          "NPS - IRMA"
        ],
        "topic": [
          "Physical Sciences",
          "Wrangell-Saint Elias National Park and Preserve",
          "Wrangell-St. Elias National Park And Preserve"
        ],
        "format": "Dissertation",
        "publishDate": "1992",
        "building": [
          "Wrangell-St. Elias National Park and Preserve (WRST)"
        ],
        "Title": "Relationships between glacier debris cover and ablation: case studies from the Himalaya, Rocky Mountains and St Elias Range",
        "Link": "https://irma.nps.gov/DataStore/Reference/Profile/103369"
      },
      "geometry": {
        "type": "Point",
        "coordinates": [-142.1319, 60.6918]
      }
    },
    {
      "type": "Feature",
      "properties": {
        "id": "irma-645833",
        "institution": [
          "National Park Service (NPS)"
        ],
        "collection": [
          "NPS - IRMA"
        ],
        "topic": [
          "1975-11-29",
          "1983-11-16",
          "1989-06-26",
          "Aftershock",
          "Damage",
          "Earthquake",
          "Hawaii (Big Island)",
          "Hazard",
          "Instrumentation",
          "Kaoki Fault Zone",
          "Kilauea South Flank",
          "Kilauea Volcano",
          "Loihi",
          "Mauna Loa South Flank",
          "Mauna Loa Volcano",
          "Mauna Loa West Flank",
          "Mechanism",
          "Method",
          "Seismicity",
          "Seismology",
          "Submarine",
          "Tectonics",
          "Velocity Structure"
        ],
        "format": "Dissertation",
        "publishDate": "1992",
        "building": [
          "Hawaii Volcanoes National Park (HAVO)"
        ],
        "Title": "Seismic studies on the island of Hawaii and Loihi Seamount",
        "Link": "https://irma.nps.gov/DataStore/Reference/Profile/645833"
      },
      "geometry": {
        "type": "Point",
        "coordinates": [-155.4073, 19.235]
      }
    },
    {
      "type": "Feature",
      "properties": {
        "id": "irma-117455",
        "institution": [
          "National Park Service (NPS)"
        ],
        "collection": [
          "NPS - IRMA"
        ],
        "topic": [
          "AIRBIB",
          "Fir (Abies)",
          "forest growth",
          "Mortality",
          "Plant Studies",
          "Red Spruce (Picea rubens)",
          "Spruce-Fir Forest",
          "Vegetation"
        ],
        "format": "Dissertation",
        "publishDate": "1992",
        "building": [
          "Air Resources Division (ARD)",
          "Great Smoky Mountains National Park (GRSM)"
        ],
        "Title": "Stand Structure, Growth, and Mortality in Southern Appalachian Spruce-Fir",
        "Link": "https://irma.nps.gov/DataStore/Reference/Profile/117455"
      },
      "geometry": {
        "type": "MultiPoint",
        "coordinates": [
          [-105.0777, 39.6517],
          [-83.5282, 35.5716]
        ]
      }
    },
    {
      "type": "Feature",
      "properties": {
        "id": "irma-600441",
        "institution": [
          "National Park Service (NPS)"
        ],
        "collection": [
          "NPS - IRMA"
        ],
        "topic": [
          "Boreal Forest",
          "Subarctic",
          "Taiga"
        ],
        "format": "Dissertation",
        "publishDate": "1992",
        "building": [
          "Denali National Park and Preserve (DENA)",
          "Yukon-Charley Rivers National Preserve (YUCH)"
        ],
        "Title": "Structure and dynamics in mixed forest stands of interior Alaska",
        "Link": "https://irma.nps.gov/DataStore/Reference/Profile/600441"
      },
      "geometry": {
        "type": "MultiPoint",
        "coordinates": [
          [-150.6029, 63.3183],
          [-142.5708, 65.1668]
        ]
      }
    },
    {
      "type": "Feature",
      "properties": {
        "id": "irma-565198",
        "institution": [
          "National Park Service (NPS)"
        ],
        "collection": [
          "NPS - IRMA"
        ],
        "topic": [
          "Arctic",
          "Geomorphology/Surface Processes",
          "methane emissions",
          "Tundra"
        ],
        "format": "Dissertation",
        "publishDate": "1992",
        "building": [
          "Bering Land Bridge National Preserve (BELA)",
          "Cape Krusenstern National Monument (CAKR)",
          "Gates of the Arctic National Park and Preserve (GAAR)",
          "Kobuk Valley National Park (KOVA)",
          "Noatak National Preserve (NOAT)"
        ],
        "Title": "Temporal and spatial variability of methane emissions from Alaskan arctic tundra",
        "Link": "https://irma.nps.gov/DataStore/Reference/Profile/565198"
      },
      "geometry": {
        "type": "MultiPoint",
        "coordinates": [
          [-165.1266, 66.2151],
          [-163.4533, 67.4268],
          [-153.3869, 67.869],
          [-159.0631, 67.2802],
          [-159.3945, 68.1814]
        ]
      }
    },
    {
      "type": "Feature",
      "properties": {
        "id": "irma-132104",
        "institution": [
          "National Park Service (NPS)"
        ],
        "collection": [
          "NPS - IRMA"
        ],
        "topic": [
          "Aerosols",
          "Atmospheric Sciences",
          "Mauna Loa Volcano HI",
          "Nitrates (NO3)",
          "nitric acid (HNO3)"
        ],
        "format": "Dissertation",
        "publishDate": "1992",
        "building": [
          "Hawaii Volcanoes National Park (HAVO)"
        ],
        "Title": "The variation of nitric acid vapor and nitrate aerosol concentrations near the Island of Hawai`i",
        "Link": "https://irma.nps.gov/DataStore/Reference/Profile/132104"
      },
      "geometry": {
        "type": "Point",
        "coordinates": [-155.4073, 19.235]
      }
    },
    {
      "type": "Feature",
      "properties": {
        "id": "irma-109092",
        "institution": [
          "National Park Service (NPS)"
        ],
        "collection": [
          "NPS - IRMA"
        ],
        "topic": [
          "Physical Sciences",
          "Wrangell-Saint Elias National Park and Preserve",
          "Wrangell-St. Elias National Park And Preserve"
        ],
        "format": "Dissertation",
        "publishDate": "1992",
        "building": [
          "Wrangell-St. Elias National Park and Preserve (WRST)"
        ],
        "Title": "The rupture process of large earthquakes along convergent margins: case studies from Alaska and Armenia",
        "Link": "https://irma.nps.gov/DataStore/Reference/Profile/109092"
      },
      "geometry": {
        "type": "Point",
        "coordinates": [-142.1319, 60.6918]
      }
    },
    {
      "type": "Feature",
      "properties": {
        "id": "irma-555857",
        "institution": [
          "National Park Service (NPS)"
        ],
        "collection": [
          "NPS - IRMA"
        ],
        "topic": [
          "Keywords Empty"
        ],
        "format": "Dissertation",
        "publishDate": "1992",
        "building": [
          "Boston Harbor Islands National Recreation Area (BOHA)"
        ],
        "Title": "Three-dimensional hybrid eulerian-lagrangian particle tracking model for simulating mass transport in coastal water bodies",
        "Link": "https://irma.nps.gov/DataStore/Reference/Profile/555857"
      },
      "geometry": {
        "type": "Point",
        "coordinates": [-70.8762, 42.2622]
      }
    },
    {
      "type": "Feature",
      "properties": {
        "id": "irma-338757",
        "institution": [
          "National Park Service (NPS)"
        ],
        "collection": [
          "NPS - IRMA"
        ],
        "topic": [
          "Alpine Zone",
          "Distribution",
          "Disturbance",
          "Modeling",
          "Physical Sciences",
          "Plant Studies",
          "Topography",
          "Treeline",
          "Vegetation",
          "Weather"
        ],
        "format": "Dissertation",
        "publishDate": "1992",
        "building": [
          "Glacier National Park (GLAC)"
        ],
        "Title": "Topographical and biophysical modeling of vegetation patterns at alpine treeline",
        "Link": "https://irma.nps.gov/DataStore/Reference/Profile/338757"
      },
      "geometry": {
        "type": "Point",
        "coordinates": [-113.8587, 48.7468]
      }
    },
    {
      "type": "Feature",
      "properties": {
        "id": "irma-128501",
        "institution": [
          "National Park Service (NPS)"
        ],
        "collection": [
          "NPS - IRMA"
        ],
        "topic": [
          "Aerosols",
          "degassing",
          "Particulates (Air)",
          "Physical Sciences",
          "Pu`u `O`o Vent Kilauea Volcano HI",
          "Volcanic Gases"
        ],
        "format": "Dissertation",
        "publishDate": "1992",
        "building": [
          "Hawaii Volcanoes National Park (HAVO)"
        ],
        "Title": "Ultrafine particles in volcanic plumes: relation to magma degassing and volcanic activity [Ultrafeine Teilchen in vulkanischen Emissionen]",
        "Link": "https://irma.nps.gov/DataStore/Reference/Profile/128501"
      },
      "geometry": {
        "type": "Point",
        "coordinates": [-155.4073, 19.235]
      }
    },
    {
      "type": "Feature",
      "properties": {
        "id": "irma-134582",
        "institution": [
          "National Park Service (NPS)"
        ],
        "collection": [
          "NPS - IRMA"
        ],
        "topic": [
          "Basalts",
          "Carbon Dioxide (CO2)",
          "Kilauea Volcano HI",
          "Magma",
          "Physical Sciences",
          "Volcanoes",
          "Water"
        ],
        "format": "Dissertation",
        "publishDate": "1992",
        "building": [
          "Hawaii Volcanoes National Park (HAVO)"
        ],
        "Title": "Water and carbon dioxide in basaltic magmas",
        "Link": "https://irma.nps.gov/DataStore/Reference/Profile/134582"
      },
      "geometry": {
        "type": "Point",
        "coordinates": [-155.4073, 19.235]
      }
    },
    {
      "type": "Feature",
      "properties": {
        "id": "irma-645828",
        "institution": [
          "National Park Service (NPS)"
        ],
        "collection": [
          "NPS - IRMA"
        ],
        "topic": [
          "Ammonium (NH4)",
          "Barium (Ba)",
          "Calcium (Ca)",
          "Carbon Dioxide (CO2)",
          "Chemical Analysis",
          "Chlorine (Cl)",
          "Fluid",
          "Hydrogen Sulfide (H2S)",
          "Hydrothermal",
          "Iron (Fe)",
          "Isotopes",
          "Lithium (Li)",
          "Loihi",
          "Magnesium (Mg)",
          "Manganese (Mn)",
          "Mechanism",
          "Nickel (Ni)",
          "Nitrate (NO3)",
          "Ocean floor geochemistry",
          "Oxygen (O)",
          "Potassium (K)",
          "Rubidium (Rb)",
          "Seawater",
          "Silicon (Si)",
          "Sodium (Na)",
          "Strontium (Sr)",
          "Sulfate (SO4)"
        ],
        "format": "Dissertation",
        "publishDate": "1991",
        "building": [
          "Hawaii Volcanoes National Park (HAVO)"
        ],
        "Title": "Chemistry of hydrothermal solutions from Pele's Vents, Loihi Seamount, Hawaii",
        "Link": "https://irma.nps.gov/DataStore/Reference/Profile/645828"
      },
      "geometry": {
        "type": "Point",
        "coordinates": [-155.4073, 19.235]
      }
    },
    {
      "type": "Feature",
      "properties": {
        "id": "irma-337759",
        "institution": [
          "National Park Service (NPS)"
        ],
        "collection": [
          "NPS - IRMA"
        ],
        "topic": [
          "Distribution",
          "Elevation",
          "Habitats",
          "Physical Sciences",
          "Plant Studies",
          "Topography",
          "Vegetation"
        ],
        "format": "Dissertation",
        "publishDate": "1991",
        "building": [
          "Glacier National Park (GLAC)"
        ],
        "Title": "Effects of spatial scale on estimating the relationship between vegetation and topography in a mountainous environment",
        "Link": "https://irma.nps.gov/DataStore/Reference/Profile/337759"
      },
      "geometry": {
        "type": "Point",
        "coordinates": [-113.8587, 48.7468]
      }
    },
    {
      "type": "Feature",
      "properties": {
        "id": "irma-610024",
        "institution": [
          "National Park Service (NPS)"
        ],
        "collection": [
          "NPS - IRMA"
        ],
        "topic": [
          "AIRBIB",
          "catchment flow pathway",
          "hydrograph separation",
          "stream acidity",
          "Watersheds"
        ],
        "format": "Dissertation",
        "publishDate": "1991",
        "building": [
          "Air Resources Division (ARD)"
        ],
        "Title": "Episodic Increases in Stream Acidity, Catchment Flow Pathways and Hydrograph Separation",
        "Link": "https://irma.nps.gov/DataStore/Reference/Profile/610024"
      },
      "geometry": {
        "type": "Point",
        "coordinates": [-105.0777, 39.6517]
      }
    },
    {
      "type": "Feature",
      "properties": {
        "id": "irma-646558",
        "institution": [
          "National Park Service (NPS)"
        ],
        "collection": [
          "NPS - IRMA"
        ],
        "topic": [
          "CODA",
          "Hawaii (Big Island)",
          "Lithosphere",
          "Method",
          "Seismology"
        ],
        "format": "Dissertation",
        "publishDate": "1991",
        "building": [
          "Hawaii Volcanoes National Park (HAVO)"
        ],
        "Title": "High-frequency scattered S-waves in the lithosphere; application of the coda method to the study of source, site and path effects",
        "Link": "https://irma.nps.gov/DataStore/Reference/Profile/646558"
      },
      "geometry": {
        "type": "Point",
        "coordinates": [-155.4073, 19.235]
      }
    },
    {
      "type": "Feature",
      "properties": {
        "id": "irma-580195",
        "institution": [
          "National Park Service (NPS)"
        ],
        "collection": [
          "NPS - IRMA"
        ],
        "topic": [
          "Caribou",
          "Distribution",
          "Mammals",
          "Migration",
          "Movements",
          "Subarctic",
          "Weather"
        ],
        "format": "Dissertation",
        "publishDate": "1991",
        "building": [
          "Central Alaska Network (CAKN)",
          "Denali National Park and Preserve (DENA)",
          "Wrangell-St. Elias National Park and Preserve (WRST)",
          "Yukon-Charley Rivers National Preserve (YUCH)"
        ],
        "Title": "Influence of weather on movements and migrations of caribou",
        "Link": "https://irma.nps.gov/DataStore/Reference/Profile/580195"
      },
      "geometry": {
        "type": "MultiPoint",
        "coordinates": [
          [-150.6029, 63.3183],
          [-142.1319, 60.6918],
          [-142.5708, 65.1668]
        ]
      }
    },
    {
      "type": "Feature",
      "properties": {
        "id": "irma-555463",
        "institution": [
          "National Park Service (NPS)"
        ],
        "collection": [
          "NPS - IRMA"
        ],
        "topic": [
          "Boston Harbor",
          "Clams (Bivalvia)",
          "Lead (Pb)",
          "Massachusetts Bay",
          "Metals"
        ],
        "format": "Dissertation",
        "publishDate": "1991",
        "building": [
          "Boston Harbor Islands National Recreation Area (BOHA)"
        ],
        "Title": "Lead deposition in the shell of the bivalve, mya arenaria: An indicator of dissolved lead in seawater",
        "Link": "https://irma.nps.gov/DataStore/Reference/Profile/555463"
      },
      "geometry": {
        "type": "Point",
        "coordinates": [-70.8762, 42.2622]
      }
    },
    {
      "type": "Feature",
      "properties": {
        "id": "irma-2124446",
        "institution": [
          "National Park Service (NPS)"
        ],
        "collection": [
          "NPS - IRMA"
        ],
        "topic": [
          "Animal Studies",
          "nutritional ecology"
        ],
        "format": "Dissertation",
        "publishDate": "1991",
        "building": [
          "Mojave National Preserve (MOJA)"
        ],
        "Title": "Nutritional ecology and body size in Neotoma populations",
        "Link": "https://irma.nps.gov/DataStore/Reference/Profile/2124446"
      },
      "geometry": {
        "type": "Point",
        "coordinates": [-115.557, 35.0998]
      }
    },
    {
      "type": "Feature",
      "properties": {
        "id": "irma-580194",
        "institution": [
          "National Park Service (NPS)"
        ],
        "collection": [
          "NPS - IRMA"
        ],
        "topic": [
          "Caribou",
          "Distribution",
          "Foraging",
          "Habitat Preferences",
          "Mammals",
          "Nutrition",
          "Subarctic"
        ],
        "format": "Dissertation",
        "publishDate": "1991",
        "building": [
          "Central Alaska Network (CAKN)",
          "Denali National Park and Preserve (DENA)",
          "Yukon-Charley Rivers National Preserve (YUCH)"
        ],
        "Title": "Physiological and ecological determinants of nutrient partitioning in caribou and reindeer",
        "Link": "https://irma.nps.gov/DataStore/Reference/Profile/580194"
      },
      "geometry": {
        "type": "MultiPoint",
        "coordinates": [
          [-150.6029, 63.3183],
          [-142.5708, 65.1668]
        ]
      }
    },
    {
      "type": "Feature",
      "properties": {
        "id": "irma-599086",
        "institution": [
          "National Park Service (NPS)"
        ],
        "collection": [
          "NPS - IRMA"
        ],
        "topic": [
          "Arctic",
          "Behavior",
          "Birds",
          "Breeding Biology",
          "Brood-Rearing",
          "Habitat Use",
          "Tundra Swan"
        ],
        "format": "Dissertation",
        "publishDate": "1991",
        "building": [
          "Arctic Network (ARCN)",
          "Bering Land Bridge National Preserve (BELA)",
          "Cape Krusenstern National Monument (CAKR)",
          "Gates of the Arctic National Park and Preserve (GAAR)",
          "Kobuk Valley National Park (KOVA)",
          "Noatak National Preserve (NOAT)"
        ],
        "Title": "Reproductive ecology of tundra swans on the Arctic National Wildlife Refuge, Alaska",
        "Link": "https://irma.nps.gov/DataStore/Reference/Profile/599086"
      },
      "geometry": {
        "type": "MultiPoint",
        "coordinates": [
          [-165.1266, 66.2151],
          [-163.4533, 67.4268],
          [-153.3869, 67.869],
          [-159.0631, 67.2802],
          [-159.3945, 68.1814]
        ]
      }
    },
    {
      "type": "Feature",
      "properties": {
        "id": "irma-115776",
        "institution": [
          "National Park Service (NPS)"
        ],
        "collection": [
          "NPS - IRMA"
        ],
        "topic": [
          "1983",
          "Columnar",
          "degassing",
          "Earthquakes",
          "East Rift Zone",
          "Gas-piston",
          "Harmonic Tremor",
          "Joint",
          "Kilauea Volcano HI",
          "Lava Flow",
          "Love Waves",
          "Mechanism",
          "Modeling",
          "Physical Sciences",
          "Pu`u `O`o Vent Kilauea Volcano HI",
          "Rayleigh Waves",
          "Seismic Activity",
          "Seismology"
        ],
        "format": "Dissertation",
        "publishDate": "1991",
        "building": [
          "Hawaii Volcanoes National Park (HAVO)"
        ],
        "Title": "Source, propagation path and local site effect on volcanic tremor",
        "Link": "https://irma.nps.gov/DataStore/Reference/Profile/115776"
      },
      "geometry": {
        "type": "Point",
        "coordinates": [-155.4073, 19.235]
      }
    },
    {
      "type": "Feature",
      "properties": {
        "id": "irma-336235",
        "institution": [
          "National Park Service (NPS)"
        ],
        "collection": [
          "NPS - IRMA"
        ],
        "topic": [
          "Boundaries",
          "Management",
          "Resource Management"
        ],
        "format": "Dissertation",
        "publishDate": "1991",
        "building": [
          "Glacier National Park (GLAC)"
        ],
        "Title": "The use of spatial modeling to evaluate park boundaries and delineate critcal resource areas",
        "Link": "https://irma.nps.gov/DataStore/Reference/Profile/336235"
      },
      "geometry": {
        "type": "Point",
        "coordinates": [-113.8587, 48.7468]
      }
    },
    {
      "type": "Feature",
      "properties": {
        "id": "irma-580209",
        "institution": [
          "National Park Service (NPS)"
        ],
        "collection": [
          "NPS - IRMA"
        ],
        "topic": [
          "Arctic Grayling",
          "Behavior",
          "Ecology",
          "Fish",
          "Subarctic",
          "subarctic streams"
        ],
        "format": "Dissertation",
        "publishDate": "1991",
        "building": [
          "Central Alaska Network (CAKN)",
          "Denali National Park and Preserve (DENA)",
          "Wrangell-St. Elias National Park and Preserve (WRST)",
          "Yukon-Charley Rivers National Preserve (YUCH)"
        ],
        "Title": "The behavioral ecology of arctic grayling distribution in interior Alaskan streams",
        "Link": "https://irma.nps.gov/DataStore/Reference/Profile/580209"
      },
      "geometry": {
        "type": "MultiPoint",
        "coordinates": [
          [-150.6029, 63.3183],
          [-142.1319, 60.6918],
          [-142.5708, 65.1668]
        ]
      }
    },
    {
      "type": "Feature",
      "properties": {
        "id": "irma-14906",
        "institution": [
          "National Park Service (NPS)"
        ],
        "collection": [
          "NPS - IRMA"
        ],
        "topic": [
          "Alces alces",
          "Behavior",
          "Breeding",
          "Courtship",
          "Denali National Park And Preserve",
          "Mating",
          "Modeling",
          "Moose (Alces alces)",
          "Mount Mckinley National Park",
          "Mt. McKinley National Park",
          "Terrestrial Mammals"
        ],
        "format": "Dissertation",
        "publishDate": "1990",
        "building": [
          "Denali National Park and Preserve (DENA)"
        ],
        "Title": "Behavioral ecology of moose in Denali National Park and Preserve, Alaska",
        "Link": "https://irma.nps.gov/DataStore/Reference/Profile/14906"
      },
      "geometry": {
        "type": "Point",
        "coordinates": [-150.6029, 63.3183]
      }
    },
    {
      "type": "Feature",
      "properties": {
        "id": "irma-645894",
        "institution": [
          "National Park Service (NPS)"
        ],
        "collection": [
          "NPS - IRMA"
        ],
        "topic": [
          "Hawaiian Archipelago",
          "Pedology"
        ],
        "format": "Dissertation",
        "publishDate": "1990",
        "building": [
          "Hawaii Volcanoes National Park (HAVO)"
        ],
        "Title": "Characterization and mineralogical interpretation of shrink-swell behavior of Hawaiian kaolinitic Vertisols",
        "Link": "https://irma.nps.gov/DataStore/Reference/Profile/645894"
      },
      "geometry": {
        "type": "Point",
        "coordinates": [-155.4073, 19.235]
      }
    },
    {
      "type": "Feature",
      "properties": {
        "id": "irma-580152",
        "institution": [
          "National Park Service (NPS)"
        ],
        "collection": [
          "NPS - IRMA"
        ],
        "topic": [
          "Arctic",
          "Arctic LTER Site",
          "Brooks Range Foothills",
          "Nutrient Cycling",
          "Soils",
          "Toolik Lake",
          "Uptake",
          "Vegetation"
        ],
        "format": "Dissertation",
        "publishDate": "1990",
        "building": [
          "Arctic Network (ARCN)",
          "Bering Land Bridge National Preserve (BELA)",
          "Cape Krusenstern National Monument (CAKR)",
          "Gates of the Arctic National Park and Preserve (GAAR)",
          "Kobuk Valley National Park (KOVA)",
          "Noatak National Preserve (NOAT)"
        ],
        "Title": "Influence of topography on soil acidity and hydrogen ion budgets in an arctic landscape",
        "Link": "https://irma.nps.gov/DataStore/Reference/Profile/580152"
      },
      "geometry": {
        "type": "MultiPoint",
        "coordinates": [
          [-165.1266, 66.2151],
          [-163.4533, 67.4268],
          [-153.3869, 67.869],
          [-159.0631, 67.2802],
          [-159.3945, 68.1814]
        ]
      }
    },
    {
      "type": "Feature",
      "properties": {
        "id": "irma-646402",
        "institution": [
          "National Park Service (NPS)"
        ],
        "collection": [
          "NPS - IRMA"
        ],
        "topic": [
          "Chemical Analysis",
          "Chromium (Cr)",
          "Gallium (Ga)",
          "Geochemistry",
          "Hafnium (Hf)",
          "Hawaii (Big Island)",
          "Magma Storage",
          "Magma Supply Rate",
          "Major Oxides",
          "Mauna Loa Volcano",
          "Mechanism",
          "Nickel (Ni)",
          "Niobium (Nb)",
          "Petrology",
          "Rare Earth Elements",
          "Rock",
          "Rubidium (Rb)",
          "Scandium (Sc)",
          "Strontium (Sr)",
          "Thorium (Th)",
          "Trace Elements",
          "Vanadium (V)",
          "Yttrium (Y)",
          "Zinc (Zn)",
          "Zirconium (Zr)"
        ],
        "format": "Dissertation",
        "publishDate": "1990",
        "building": [
          "Hawaii Volcanoes National Park (HAVO)"
        ],
        "Title": "Long-term compositional and eruptive behavior of Mauna Loa Volcao: evience from prehistoric caldera basalts",
        "Link": "https://irma.nps.gov/DataStore/Reference/Profile/646402"
      },
      "geometry": {
        "type": "Point",
        "coordinates": [-155.4073, 19.235]
      }
    },
    {
      "type": "Feature",
      "properties": {
        "id": "irma-73060",
        "institution": [
          "National Park Service (NPS)"
        ],
        "collection": [
          "NPS - IRMA"
        ],
        "topic": [
          "Basalts",
          "Calderas",
          "Lava",
          "Mauna Loa Volcano HI",
          "Physical Sciences",
          "Tholeiites",
          "Volcanic Eruptions"
        ],
        "format": "Dissertation",
        "publishDate": "1990",
        "building": [
          "Hawaii Volcanoes National Park (HAVO)"
        ],
        "Title": "Long-term compositional and eruptive behavior of Mauna Loa Volcano: evidence from prehistoric caldera basalts",
        "Link": "https://irma.nps.gov/DataStore/Reference/Profile/73060"
      },
      "geometry": {
        "type": "Point",
        "coordinates": [-155.4073, 19.235]
      }
    },
    {
      "type": "Feature",
      "properties": {
        "id": "irma-73675",
        "institution": [
          "National Park Service (NPS)"
        ],
        "collection": [
          "NPS - IRMA"
        ],
        "topic": [
          "Physical Sciences",
          "Wrangell-Saint Elias National Park and Preserve",
          "Wrangell-St. Elias National Park And Preserve"
        ],
        "format": "Dissertation",
        "publishDate": "1990",
        "building": [
          "Wrangell-St. Elias National Park and Preserve (WRST)"
        ],
        "Title": "Magma genesis along an arc transform transition zone",
        "Link": "https://irma.nps.gov/DataStore/Reference/Profile/73675"
      },
      "geometry": {
        "type": "Point",
        "coordinates": [-142.1319, 60.6918]
      }
    },
    {
      "type": "Feature",
      "properties": {
        "id": "irma-579952",
        "institution": [
          "National Park Service (NPS)"
        ],
        "collection": [
          "NPS - IRMA"
        ],
        "topic": [
          "Arctic",
          "Brooks Range Foothills",
          "cycling",
          "Ecology",
          "Nutrients",
          "Toolik Lake",
          "Uptake"
        ],
        "format": "Dissertation",
        "publishDate": "1990",
        "building": [
          "Arctic Network (ARCN)",
          "Bering Land Bridge National Preserve (BELA)",
          "Cape Krusenstern National Monument (CAKR)",
          "Gates of the Arctic National Park and Preserve (GAAR)",
          "Kobuk Valley National Park (KOVA)",
          "Noatak National Preserve (NOAT)"
        ],
        "Title": "Processes controlling nitrogen release and turnover in arctic Alaska",
        "Link": "https://irma.nps.gov/DataStore/Reference/Profile/579952"
      },
      "geometry": {
        "type": "MultiPoint",
        "coordinates": [
          [-165.1266, 66.2151],
          [-163.4533, 67.4268],
          [-153.3869, 67.869],
          [-159.0631, 67.2802],
          [-159.3945, 68.1814]
        ]
      }
    },
    {
      "type": "Feature",
      "properties": {
        "id": "irma-580223",
        "institution": [
          "National Park Service (NPS)"
        ],
        "collection": [
          "NPS - IRMA"
        ],
        "topic": [
          "Aircraft Overflights",
          "Behavior",
          "Brant",
          "Disturbance",
          "Human",
          "Noise"
        ],
        "format": "Dissertation",
        "publishDate": "1990",
        "building": [
          "Glacier Bay National Park and Preserve (GLBA)",
          "Klondike Gold Rush National Historical Park (KLGO)",
          "Sitka National Historical Park (SITK)"
        ],
        "Title": "Responses of molting Pacific black brant to experimental aircraft disturbances in the Teshekpuk Lake special area, Alaska",
        "Link": "https://irma.nps.gov/DataStore/Reference/Profile/580223"
      },
      "geometry": {
        "type": "MultiPoint",
        "coordinates": [
          [-136.8654, 58.7004],
          [-135.2926, 59.6316],
          [-135.3156, 57.047]
        ]
      }
    },
    {
      "type": "Feature",
      "properties": {
        "id": "irma-555800",
        "institution": [
          "National Park Service (NPS)"
        ],
        "collection": [
          "NPS - IRMA"
        ],
        "topic": [
          "Benthos",
          "Biology",
          "Distribution",
          "Dorchester Bay",
          "Ecology",
          "Population",
          "Population Dynamics",
          "Savin Hill Cove"
        ],
        "format": "Dissertation",
        "publishDate": "1990",
        "building": [
          "Boston Harbor Islands National Recreation Area (BOHA)"
        ],
        "Title": "Spatial and temporal patterns of benthic community structure on the Savin Hill Cove mudflats",
        "Link": "https://irma.nps.gov/DataStore/Reference/Profile/555800"
      },
      "geometry": {
        "type": "Point",
        "coordinates": [-70.8762, 42.2622]
      }
    },
    {
      "type": "Feature",
      "properties": {
        "id": "irma-646531",
        "institution": [
          "National Park Service (NPS)"
        ],
        "collection": [
          "NPS - IRMA"
        ],
        "topic": [
          "1800-1801",
          "1823",
          "1868",
          "1919-1920",
          "1954",
          "1969",
          "Chemical Analysis",
          "East Rift Zone",
          "Geochemistry",
          "Hawaii (Big Island)",
          "Hawaiian Archipelago",
          "Hotspot",
          "Hualalai Volcano",
          "Isotopes",
          "Kauai",
          "Kilauea Volcano",
          "Koloa Volcanics",
          "Lead (Pb)",
          "Makaweli member",
          "Mantle",
          "Mauna Ulu",
          "Mechanism",
          "Napali member",
          "Neodymium (Nd)",
          "Olokele member",
          "Post-Shield Stage",
          "Prehistoric Volcanic Eruption",
          "Rejuvenated Stage",
          "Shield Stage",
          "Source",
          "Southwest Rift Zone",
          "Strontium (Sr)",
          "Summit Caldera",
          "Waimea Canyon basalt"
        ],
        "format": "Dissertation",
        "publishDate": "1990",
        "building": [
          "Hawaii Volcanoes National Park (HAVO)"
        ],
        "Title": "Sr, Nd and Pb isotope studies of ocean island basalts: constraints on their origin and evolution",
        "Link": "https://irma.nps.gov/DataStore/Reference/Profile/646531"
      },
      "geometry": {
        "type": "Point",
        "coordinates": [-155.4073, 19.235]
      }
    },
    {
      "type": "Feature",
      "properties": {
        "id": "irma-645896",
        "institution": [
          "National Park Service (NPS)"
        ],
        "collection": [
          "NPS - IRMA"
        ],
        "topic": [
          "Hawaii (Big Island)",
          "Intrusion",
          "Kilauea East Rift Zone",
          "Kilauea Volcano",
          "Mechanism",
          "Tectonics",
          "Volcanic Eruption"
        ],
        "format": "Dissertation",
        "publishDate": "1990",
        "building": [
          "Hawaii Volcanoes National Park (HAVO)"
        ],
        "Title": "The role of the dike emplacement process in controlling the eruptive behaviour of a volcano: an example from Kilauea Volcano, Hawaii",
        "Link": "https://irma.nps.gov/DataStore/Reference/Profile/645896"
      },
      "geometry": {
        "type": "Point",
        "coordinates": [-155.4073, 19.235]
      }
    },
    {
      "type": "Feature",
      "properties": {
        "id": "irma-23789",
        "institution": [
          "National Park Service (NPS)"
        ],
        "collection": [
          "NPS - IRMA"
        ],
        "topic": [
          "Genetics",
          "Hawai`i",
          "Plant Studies",
          "silversword alliance (Compositae: Madiinae)"
        ],
        "format": "Dissertation",
        "publishDate": "1989",
        "building": [
          "Hawaii Volcanoes National Park (HAVO)"
        ],
        "Title": "Chloroplast DNA phylogenetics and biosystematic studies in Madiinae (Asteraceae)",
        "Link": "https://irma.nps.gov/DataStore/Reference/Profile/23789"
      },
      "geometry": {
        "type": "Point",
        "coordinates": [-155.4073, 19.235]
      }
    },
    {
      "type": "Feature",
      "properties": {
        "id": "irma-646005",
        "institution": [
          "National Park Service (NPS)"
        ],
        "collection": [
          "NPS - IRMA"
        ],
        "topic": [
          "Geodesy",
          "Gravity",
          "Hawaii (Big Island)",
          "Horizontal EDM",
          "Kilauea Volcano",
          "Magma Plumbing",
          "Magma Storage",
          "Mechanism",
          "Modeling",
          "Non-Seismic Geophysics",
          "Vertical Leveling"
        ],
        "format": "Dissertation",
        "publishDate": "1989",
        "building": [
          "Hawaii Volcanoes National Park (HAVO)"
        ],
        "Title": "Dynamics of magma storage in the summit reservoir of Kilauea Volcano, Hawaii",
        "Link": "https://irma.nps.gov/DataStore/Reference/Profile/646005"
      },
      "geometry": {
        "type": "Point",
        "coordinates": [-155.4073, 19.235]
      }
    },
    {
      "type": "Feature",
      "properties": {
        "id": "irma-646068",
        "institution": [
          "National Park Service (NPS)"
        ],
        "collection": [
          "NPS - IRMA"
        ],
        "topic": [
          "Hawaiian Swell",
          "Hawaiian-Emperor Chain",
          "Hotspot",
          "Mechanism",
          "Modeling",
          "Thermal Plume"
        ],
        "format": "Dissertation",
        "publishDate": "1989",
        "building": [
          "Hawaii Volcanoes National Park (HAVO)"
        ],
        "Title": "Evolution of mid-plate hotspot swells, mantle plumes, and Hawaiian basalts",
        "Link": "https://irma.nps.gov/DataStore/Reference/Profile/646068"
      },
      "geometry": {
        "type": "Point",
        "coordinates": [-155.4073, 19.235]
      }
    },
    {
      "type": "Feature",
      "properties": {
        "id": "irma-566818",
        "institution": [
          "National Park Service (NPS)"
        ],
        "collection": [
          "NPS - IRMA"
        ],
        "topic": [
          "Hydrology (Surface)",
          "Physical Sciences",
          "Pocket gophers",
          "Soil Erosion"
        ],
        "format": "Dissertation",
        "publishDate": "1989",
        "building": [
          "Bandelier National Monument (BAND)"
        ],
        "Title": "Influence of pocket gophers on water erosion and surface hydrology",
        "Link": "https://irma.nps.gov/DataStore/Reference/Profile/566818"
      },
      "geometry": {
        "type": "Point",
        "coordinates": [-106.3573, 35.8188]
      }
    },
    {
      "type": "Feature",
      "properties": {
        "id": "irma-646223",
        "institution": [
          "National Park Service (NPS)"
        ],
        "collection": [
          "NPS - IRMA"
        ],
        "topic": [
          "Hawaiian Archipelago",
          "Method",
          "Modeling",
          "Pacific Mantle",
          "Pacific Plate",
          "Seismology",
          "Tectonics"
        ],
        "format": "Dissertation",
        "publishDate": "1989",
        "building": [
          "Hawaii Volcanoes National Park (HAVO)"
        ],
        "Title": "Studies of seismic anisotropy beneath the Hawaiian Islands",
        "Link": "https://irma.nps.gov/DataStore/Reference/Profile/646223"
      },
      "geometry": {
        "type": "Point",
        "coordinates": [-155.4073, 19.235]
      }
    },
    {
      "type": "Feature",
      "properties": {
        "id": "irma-131078",
        "institution": [
          "National Park Service (NPS)"
        ],
        "collection": [
          "NPS - IRMA"
        ],
        "topic": [
          "Physical Sciences",
          "Wrangell-Saint Elias National Park and Preserve",
          "Wrangell-St. Elias National Park And Preserve"
        ],
        "format": "Dissertation",
        "publishDate": "1989",
        "building": [
          "Wrangell-St. Elias National Park and Preserve (WRST)"
        ],
        "Title": "Upper crustal structure of southern Alaska: an interpretation of seismic refraction data from the trans-Alaska crustal transect",
        "Link": "https://irma.nps.gov/DataStore/Reference/Profile/131078"
      },
      "geometry": {
        "type": "Point",
        "coordinates": [-142.1319, 60.6918]
      }
    },
    {
      "type": "Feature",
      "properties": {
        "id": "irma-646053",
        "institution": [
          "National Park Service (NPS)"
        ],
        "collection": [
          "NPS - IRMA"
        ],
        "topic": [
          "Age Dating",
          "Chemical Analysis",
          "Cross-Section",
          "dike",
          "Intrusion",
          "Koolau Volcano",
          "Magma Storage",
          "Magma Transport",
          "Magnetism",
          "Mechanism",
          "Non-Seismic Geophysics",
          "Oahu",
          "Paleomagnetism",
          "Vesiculation"
        ],
        "format": "Dissertation",
        "publishDate": "1989",
        "building": [
          "Hawaii Volcanoes National Park (HAVO)"
        ],
        "Title": "Volcanic evolution of the Koolau dike complex: determined from intrusive magma flow, anisotropy of magnetic susceptibility, and remanent magnetization directions",
        "Link": "https://irma.nps.gov/DataStore/Reference/Profile/646053"
      },
      "geometry": {
        "type": "Point",
        "coordinates": [-155.4073, 19.235]
      }
    },
    {
      "type": "Feature",
      "properties": {
        "id": "irma-24247",
        "institution": [
          "National Park Service (NPS)"
        ],
        "collection": [
          "NPS - IRMA"
        ],
        "topic": [
          "Atmospheric Sciences",
          "Climate",
          "Emerald Lake",
          "Energy Exchange",
          "Lakes & Ponds",
          "Sequoia and Kings Canyon National Parks CA",
          "Snow",
          "Snowmelt",
          "thermal radiation",
          "Water Quality",
          "Watershed",
          "WRBIB"
        ],
        "format": "Dissertation",
        "publishDate": "1988",
        "building": [
          "Sequoia and Kings Canyon National Parks (SEKI)"
        ],
        "Title": "Climate, energy exchange, and snowmelt in Emerald Lake watershed, Sierra Nevada",
        "Link": "https://irma.nps.gov/DataStore/Reference/Profile/24247"
      },
      "geometry": {
        "type": "Point",
        "coordinates": [-118.5379, 36.7173]
      }
    },
    {
      "type": "Feature",
      "properties": {
        "id": "irma-646063",
        "institution": [
          "National Park Service (NPS)"
        ],
        "collection": [
          "NPS - IRMA"
        ],
        "topic": [
          "Cross-Section",
          "Hawaiian Archipelago",
          "Hawaiian ridge",
          "Kauai",
          "Molokai",
          "Oahu",
          "Penguin Bank",
          "Reflection",
          "Seismology",
          "Submarine",
          "Tectonics"
        ],
        "format": "Dissertation",
        "publishDate": "1988",
        "building": [
          "Hawaii Volcanoes National Park (HAVO)"
        ],
        "Title": "Deep crustal structure under and near the Hawaiian Islands",
        "Link": "https://irma.nps.gov/DataStore/Reference/Profile/646063"
      },
      "geometry": {
        "type": "Point",
        "coordinates": [-155.4073, 19.235]
      }
    },
    {
      "type": "Feature",
      "properties": {
        "id": "irma-646174",
        "institution": [
          "National Park Service (NPS)"
        ],
        "collection": [
          "NPS - IRMA"
        ],
        "topic": [
          "1981",
          "Intrusion",
          "Kilauea Volcano",
          "Mechanism",
          "Modeling",
          "Rift Zone",
          "Seismic Southwest Rift Zone"
        ],
        "format": "Dissertation",
        "publishDate": "1988",
        "building": [
          "Hawaii Volcanoes National Park (HAVO)"
        ],
        "Title": "Dike propagation and crustal deformation in volcanic rift zones",
        "Link": "https://irma.nps.gov/DataStore/Reference/Profile/646174"
      },
      "geometry": {
        "type": "Point",
        "coordinates": [-155.4073, 19.235]
      }
    },
    {
      "type": "Feature",
      "properties": {
        "id": "irma-600316",
        "institution": [
          "National Park Service (NPS)"
        ],
        "collection": [
          "NPS - IRMA"
        ],
        "topic": [
          "Boreal Forest",
          "Ecology (Terrestrial)",
          "Subarctic",
          "Taiga",
          "Vegetation pattern"
        ],
        "format": "Dissertation",
        "publishDate": "1988",
        "building": [
          "Denali National Park and Preserve (DENA)",
          "Wrangell-St. Elias National Park and Preserve (WRST)",
          "Yukon-Charley Rivers National Preserve (YUCH)"
        ],
        "Title": "Environmental processes and vegetation patterns in boreal forests",
        "Link": "https://irma.nps.gov/DataStore/Reference/Profile/600316"
      },
      "geometry": {
        "type": "MultiPoint",
        "coordinates": [
          [-150.6029, 63.3183],
          [-142.1319, 60.6918],
          [-142.5708, 65.1668]
        ]
      }
    },
    {
      "type": "Feature",
      "properties": {
        "id": "irma-580262",
        "institution": [
          "National Park Service (NPS)"
        ],
        "collection": [
          "NPS - IRMA"
        ],
        "topic": [
          "Arctic",
          "Disturbance",
          "Habitats",
          "Natural",
          "Revegetation",
          "Uplands",
          "Wetlands"
        ],
        "format": "Dissertation",
        "publishDate": "1988",
        "building": [
          "Arctic Network (ARCN)",
          "Bering Land Bridge National Preserve (BELA)",
          "Cape Krusenstern National Monument (CAKR)",
          "Gates of the Arctic National Park and Preserve (GAAR)",
          "Kobuk Valley National Park (KOVA)",
          "Noatak National Preserve (NOAT)"
        ],
        "Title": "Establishment of native plants on disturbed sites in arctic Alaska",
        "Link": "https://irma.nps.gov/DataStore/Reference/Profile/580262"
      },
      "geometry": {
        "type": "MultiPoint",
        "coordinates": [
          [-165.1266, 66.2151],
          [-163.4533, 67.4268],
          [-153.3869, 67.869],
          [-159.0631, 67.2802],
          [-159.3945, 68.1814]
        ]
      }
    },
    {
      "type": "Feature",
      "properties": {
        "id": "irma-600449",
        "institution": [
          "National Park Service (NPS)"
        ],
        "collection": [
          "NPS - IRMA"
        ],
        "topic": [
          "Floodplain",
          "Soil",
          "Soil Chemistry",
          "Subarctic",
          "Succession",
          "Taiga",
          "Tanana River"
        ],
        "format": "Dissertation",
        "publishDate": "1988",
        "building": [
          "Denali National Park and Preserve (DENA)",
          "Yukon-Charley Rivers National Preserve (YUCH)"
        ],
        "Title": "Nitrogen dynamics in primary successional soils on the Tanana River of interior Alaska",
        "Link": "https://irma.nps.gov/DataStore/Reference/Profile/600449"
      },
      "geometry": {
        "type": "MultiPoint",
        "coordinates": [
          [-150.6029, 63.3183],
          [-142.5708, 65.1668]
        ]
      }
    },
    {
      "type": "Feature",
      "properties": {
        "id": "irma-580134",
        "institution": [
          "National Park Service (NPS)"
        ],
        "collection": [
          "NPS - IRMA"
        ],
        "topic": [
          "Age",
          "Development",
          "Enhydra lutris",
          "Marking Studies",
          "Mortality",
          "Movement",
          "Prince William Sound",
          "Reproduction",
          "Sex"
        ],
        "format": "Dissertation",
        "publishDate": "1988",
        "building": [
          "Glacier Bay National Park and Preserve (GLBA)",
          "Klondike Gold Rush National Historical Park (KLGO)",
          "Southeast Alaska Network (SEAN)",
          "Sitka National Historical Park (SITK)"
        ],
        "Title": "Patterns of movement, postnatal development and mortality of sea otters in Alaska",
        "Link": "https://irma.nps.gov/DataStore/Reference/Profile/580134"
      },
      "geometry": {
        "type": "MultiPoint",
        "coordinates": [
          [-136.8654, 58.7004],
          [-135.2926, 59.6316],
          [-135.3156, 57.047]
        ]
      }
    },
    {
      "type": "Feature",
      "properties": {
        "id": "irma-101563",
        "institution": [
          "National Park Service (NPS)"
        ],
        "collection": [
          "NPS - IRMA"
        ],
        "topic": [
          "Atmospheric Sciences",
          "Chemistry",
          "circulation (air)",
          "Mauna Loa Volcano HI",
          "Modeling",
          "Particulates (Air)",
          "Troposphere"
        ],
        "format": "Dissertation",
        "publishDate": "1988",
        "building": [
          "Hawaii Volcanoes National Park (HAVO)"
        ],
        "Title": "Receptor modeling of globally-circulating airborne particles collected at Mauna Loa Observatory, Hawai`i",
        "Link": "https://irma.nps.gov/DataStore/Reference/Profile/101563"
      },
      "geometry": {
        "type": "Point",
        "coordinates": [-155.4073, 19.235]
      }
    },
    {
      "type": "Feature",
      "properties": {
        "id": "irma-110999",
        "institution": [
          "National Park Service (NPS)"
        ],
        "collection": [
          "NPS - IRMA"
        ],
        "topic": [
          "acoustical methods",
          "Alaska",
          "Clastic Sediments",
          "Deposit",
          "Deposition",
          "Discharge",
          "Fiord",
          "Fjord",
          "Geology",
          "Geophysical Methods",
          "Geophysical Surveys",
          "Glacial Environment",
          "Glacier Bay",
          "glaciomarine environment",
          "Hydrogeology",
          "Hydrology",
          "Marine",
          "Marine Environment",
          "McBride Glacier",
          "McBride Inlet",
          "Meltwater",
          "Mud",
          "SAND",
          "Sediment",
          "Sedimentation",
          "Sedimentation Rates",
          "Sediments",
          "Silt",
          "Southeastern Alaska",
          "Surveys",
          "suspended materials",
          "Transport",
          "Upwelling"
        ],
        "format": "Dissertation",
        "publishDate": "1988",
        "building": [
          "Glacier Bay National Park and Preserve (GLBA)"
        ],
        "Title": "Sediment transport and deposition in a temperate glacial fjord, Glacier Bay, Alaska",
        "Link": "https://irma.nps.gov/DataStore/Reference/Profile/110999"
      },
      "geometry": {
        "type": "Point",
        "coordinates": [-136.8654, 58.7004]
      }
    },
    {
      "type": "Feature",
      "properties": {
        "id": "irma-124975",
        "institution": [
          "National Park Service (NPS)"
        ],
        "collection": [
          "NPS - IRMA"
        ],
        "topic": [
          "Physical Sciences",
          "Wrangell-Saint Elias National Park and Preserve",
          "Wrangell-St. Elias National Park And Preserve"
        ],
        "format": "Dissertation",
        "publishDate": "1988",
        "building": [
          "Wrangell-St. Elias National Park and Preserve (WRST)"
        ],
        "Title": "Tertiary tectonics of the Border Ranges fault system, north central Chugach Mountains, Alaska; sedimentation, deformation and uplift along the inboard edge of a subduction complex",
        "Link": "https://irma.nps.gov/DataStore/Reference/Profile/124975"
      },
      "geometry": {
        "type": "Point",
        "coordinates": [-142.1319, 60.6918]
      }
    },
    {
      "type": "Feature",
      "properties": {
        "id": "irma-2124423",
        "institution": [
          "National Park Service (NPS)"
        ],
        "collection": [
          "NPS - IRMA"
        ],
        "topic": [
          "Animal Studies",
          "California",
          "Zzyzx"
        ],
        "format": "Dissertation",
        "publishDate": "1988",
        "building": [
          "Mojave National Preserve (MOJA)"
        ],
        "Title": "The thermal biology of desert dragonflies",
        "Link": "https://irma.nps.gov/DataStore/Reference/Profile/2124423"
      },
      "geometry": {
        "type": "Point",
        "coordinates": [-115.557, 35.0998]
      }
    },
    {
      "type": "Feature",
      "properties": {
        "id": "irma-646258",
        "institution": [
          "National Park Service (NPS)"
        ],
        "collection": [
          "NPS - IRMA"
        ],
        "topic": [
          "Barium (Ba)",
          "Boron (B)",
          "Cesium (Cs)",
          "Chemical Analysis",
          "Chromium (Cr)",
          "Cobalt (Co)",
          "Copper (Cu)",
          "East Maui Volcano",
          "Geochemistry",
          "Hafnium (Hf)",
          "Haleakala Volcano",
          "Hana volcanics",
          "Honomanu basalt",
          "Isotopes",
          "Kula Volcanics",
          "Kumuiliahi",
          "Lead (Pb)",
          "Magma Mixing",
          "Major Oxides",
          "Mantle",
          "Mechanism",
          "Neodymium (Nd)",
          "Nickel (Ni)",
          "Niobium (Nb)",
          "Partial Melt",
          "Petrogenesis",
          "Petrology",
          "Post-Shield Stage",
          "Rare Earth Elements",
          "Rejuvenated Stage",
          "Rock",
          "Rubidium (Rb)",
          "Scandium (Sc)",
          "Shield Stage",
          "Source",
          "Strontium (Sr)",
          "Tantalum (Ta)",
          "Thorium (Th)",
          "Trace Elements",
          "Vanadium (V)",
          "Yttrium (Y)",
          "Zinc (Zn)",
          "Zirconium (Zr)"
        ],
        "format": "Dissertation",
        "publishDate": "1988",
        "building": [
          "Haleakala National Park (HALE)",
          "Hawaii Volcanoes National Park (HAVO)"
        ],
        "Title": "The origin and evolution of lavas from Haleakala Crater, Hawaii",
        "Link": "https://irma.nps.gov/DataStore/Reference/Profile/646258"
      },
      "geometry": {
        "type": "MultiPoint",
        "coordinates": [
          [-156.1471, 20.7045],
          [-155.4073, 19.235]
        ]
      }
    },
    {
      "type": "Feature",
      "properties": {
        "id": "irma-36296",
        "institution": [
          "National Park Service (NPS)"
        ],
        "collection": [
          "NPS - IRMA"
        ],
        "topic": [
          "antiherbivore defenses",
          "brown algae (Phaeophyceae)",
          "defense mechanisms",
          "Guam",
          "Protist Studies"
        ],
        "format": "Dissertation",
        "publishDate": "1988",
        "building": [
          "War in the Pacific National Historical Park (WAPA)"
        ],
        "Title": "The ecology and evolution of antiherbivore defenses in fucoid brown algae",
        "Link": "https://irma.nps.gov/DataStore/Reference/Profile/36296"
      },
      "geometry": {
        "type": "Point",
        "coordinates": [144.6534, 13.3896]
      }
    },
    {
      "type": "Feature",
      "properties": {
        "id": "irma-646275",
        "institution": [
          "National Park Service (NPS)"
        ],
        "collection": [
          "NPS - IRMA"
        ],
        "topic": [
          "1975-11-29",
          "Aftershock",
          "Earthquake",
          "Foreshock",
          "Hawaii (Big Island)",
          "Kilauea South Flank",
          "Kilauea Volcano",
          "Mechanism"
        ],
        "format": "Dissertation",
        "publishDate": "1987",
        "building": [
          "Hawaii Volcanoes National Park (HAVO)"
        ],
        "Title": "A study of earthquake source parameters and stress processes",
        "Link": "https://irma.nps.gov/DataStore/Reference/Profile/646275"
      },
      "geometry": {
        "type": "Point",
        "coordinates": [-155.4073, 19.235]
      }
    },
    {
      "type": "Feature",
      "properties": {
        "id": "irma-662729",
        "institution": [
          "National Park Service (NPS)"
        ],
        "collection": [
          "NPS - IRMA"
        ],
        "topic": [
          "Creighton Marsh",
          "fen",
          "microtopography",
          "Peat",
          "peatland",
          "Shingleton Fen"
        ],
        "format": "Dissertation",
        "publishDate": "1987",
        "building": [
          "Pictured Rocks National Lakeshore (PIRO)"
        ],
        "Title": "Interaction of Vegetation and Physical Processes in Patterned Peatlands: A Comparison of Two Sites in Upper Michigan",
        "Link": "https://irma.nps.gov/DataStore/Reference/Profile/662729"
      },
      "geometry": {
        "type": "Point",
        "coordinates": [-86.3079, 46.5691]
      }
    },
    {
      "type": "Feature",
      "properties": {
        "id": "irma-2217783",
        "institution": [
          "National Park Service (NPS)"
        ],
        "collection": [
          "NPS - IRMA"
        ],
        "topic": [
          "Cancer Magister",
          "Dungeness Crab",
          "TBBI"
        ],
        "format": "Dissertation",
        "publishDate": "1987",
        "building": [
          "Point Reyes National Seashore (PORE)",
          "San Francisco Bay Area Network (SFAN)"
        ],
        "Title": "Interactions among shorebird, crab, and their invertebrate prey populations",
        "Link": "https://irma.nps.gov/DataStore/Reference/Profile/2217783"
      },
      "geometry": {
        "type": "Point",
        "coordinates": [-122.8649, 38.0556]
      }
    },
    {
      "type": "Feature",
      "properties": {
        "id": "irma-91383",
        "institution": [
          "National Park Service (NPS)"
        ],
        "collection": [
          "NPS - IRMA"
        ],
        "topic": [
          "Kilauea Iki Crater Kilauea Volcano HI",
          "Kilauea Volcano HI eruption 1959-60",
          "Magma",
          "Olivine",
          "Petrology",
          "Physical Sciences",
          "Volcanic Eruptions"
        ],
        "format": "Dissertation",
        "publishDate": "1987",
        "building": [
          "Hawaii Volcanoes National Park (HAVO)"
        ],
        "Title": "Petrogenesis of olivine aggregates from the 1959 eruption of Kilauea Iki: synneusis and magma mixing",
        "Link": "https://irma.nps.gov/DataStore/Reference/Profile/91383"
      },
      "geometry": {
        "type": "Point",
        "coordinates": [-155.4073, 19.235]
      }
    },
    {
      "type": "Feature",
      "properties": {
        "id": "irma-646299",
        "institution": [
          "National Park Service (NPS)"
        ],
        "collection": [
          "NPS - IRMA"
        ],
        "topic": [
          "1975-11-29",
          "Aftershock",
          "Earthquake",
          "Hawaii (Big Island)",
          "Kilauea Caldera",
          "Kilauea South Flank",
          "Kilauea Volcano",
          "Love Waves",
          "Mechanism",
          "Precursor",
          "Rayleigh Waves",
          "Seismology",
          "Tectonics",
          "Tsunami"
        ],
        "format": "Dissertation",
        "publishDate": "1987",
        "building": [
          "Hawaii Volcanoes National Park (HAVO)"
        ],
        "Title": "Spectral properties of Hawaiian microearthquakes: source, site, and attenuation effects",
        "Link": "https://irma.nps.gov/DataStore/Reference/Profile/646299"
      },
      "geometry": {
        "type": "Point",
        "coordinates": [-155.4073, 19.235]
      }
    },
    {
      "type": "Feature",
      "properties": {
        "id": "irma-123912",
        "institution": [
          "National Park Service (NPS)"
        ],
        "collection": [
          "NPS - IRMA"
        ],
        "topic": [
          "Geography",
          "Mammals (Mammalia)",
          "taxonomic",
          "Wildlife",
          "Zoology"
        ],
        "format": "Dissertation",
        "publishDate": "1987",
        "building": [
          "Glacier Bay National Park and Preserve (GLBA)"
        ],
        "Title": "Systematics and zoogeography of mammals in S.E. Alaska",
        "Link": "https://irma.nps.gov/DataStore/Reference/Profile/123912"
      },
      "geometry": {
        "type": "Point",
        "coordinates": [-136.8654, 58.7004]
      }
    },
    {
      "type": "Feature",
      "properties": {
        "id": "irma-646173",
        "institution": [
          "National Park Service (NPS)"
        ],
        "collection": [
          "NPS - IRMA"
        ],
        "topic": [
          "1859",
          "1880-1881",
          "1983",
          "1984",
          "Aa Lava",
          "Cross-Section",
          "East Rift Zone",
          "Hawaii (Big Island)",
          "Hazard",
          "Hazard Mitigation",
          "Kilauea Volcano",
          "Lava Diversion",
          "Lava Flow",
          "Map",
          "Mauna Loa Volcano",
          "Mechanism",
          "North Flank",
          "Northeast Rift Zone",
          "Pahoehoe Lava",
          "Rate",
          "Rheology",
          "Volcanic Eruption"
        ],
        "format": "Dissertation",
        "publishDate": "1987",
        "building": [
          "Hawaii Volcanoes National Park (HAVO)"
        ],
        "Title": "The flow character of Hawaiian basalt lavas",
        "Link": "https://irma.nps.gov/DataStore/Reference/Profile/646173"
      },
      "geometry": {
        "type": "Point",
        "coordinates": [-155.4073, 19.235]
      }
    },
    {
      "type": "Feature",
      "properties": {
        "id": "irma-610042",
        "institution": [
          "National Park Service (NPS)"
        ],
        "collection": [
          "NPS - IRMA"
        ],
        "topic": [
          "Acidification",
          "AIRBIB",
          "Lakes"
        ],
        "format": "Dissertation",
        "publishDate": "1987",
        "building": [
          "Air Resources Division (ARD)"
        ],
        "Title": "Uncertainty Analysis for Long-term Acidification of Lakes in Northeastern U.S.A.",
        "Link": "https://irma.nps.gov/DataStore/Reference/Profile/610042"
      },
      "geometry": {
        "type": "Point",
        "coordinates": [-105.0777, 39.6517]
      }
    },
    {
      "type": "Feature",
      "properties": {
        "id": "irma-564930",
        "institution": [
          "National Park Service (NPS)"
        ],
        "collection": [
          "NPS - IRMA"
        ],
        "topic": [
          "Arctic",
          "Composition",
          "pingo",
          "Plant Communities (Vegetation)",
          "Plants",
          "Tundra",
          "Vegetation Dynamics"
        ],
        "format": "Dissertation",
        "publishDate": "1987",
        "building": [
          "Bering Land Bridge National Preserve (BELA)",
          "Cape Krusenstern National Monument (CAKR)",
          "Gates of the Arctic National Park and Preserve (GAAR)",
          "Kobuk Valley National Park (KOVA)",
          "Noatak National Preserve (NOAT)"
        ],
        "Title": "Vegetation and floristics of pingos, Central Arctic Coastal Plain, Alaska",
        "Link": "https://irma.nps.gov/DataStore/Reference/Profile/564930"
      },
      "geometry": {
        "type": "MultiPoint",
        "coordinates": [
          [-165.1266, 66.2151],
          [-163.4533, 67.4268],
          [-153.3869, 67.869],
          [-159.0631, 67.2802],
          [-159.3945, 68.1814]
        ]
      }
    },
    {
      "type": "Feature",
      "properties": {
        "id": "irma-138767",
        "institution": [
          "National Park Service (NPS)"
        ],
        "collection": [
          "NPS - IRMA"
        ],
        "topic": [
          "Denali National Park And Preserve",
          "Forage",
          "Foraging efficiency",
          "Moose",
          "Mount Mckinley National Park",
          "Mt. McKinley National Park",
          "Winter"
        ],
        "format": "Dissertation",
        "publishDate": "1987",
        "building": [
          "Denali National Park and Preserve (DENA)"
        ],
        "Title": "Winter foraging strategies of moose in subarctic and boreal forest habitats",
        "Link": "https://irma.nps.gov/DataStore/Reference/Profile/138767"
      },
      "geometry": {
        "type": "Point",
        "coordinates": [-150.6029, 63.3183]
      }
    },
    {
      "type": "Feature",
      "properties": {
        "id": "irma-20719",
        "institution": [
          "National Park Service (NPS)"
        ],
        "collection": [
          "NPS - IRMA"
        ],
        "topic": [
          "Carbon (C)",
          "Distribution",
          "Ecology",
          "Habitats",
          "one-seed juniper (Juniperus monosperma)",
          "Pajarito Plateau NM",
          "Physiology",
          "Pinyon Pine (Pinus edulis)",
          "Plant Studies",
          "Plants",
          "Water"
        ],
        "format": "Dissertation",
        "publishDate": "1986",
        "building": [
          "Bandelier National Monument (BAND)"
        ],
        "Title": "Carbon gain and water relations in pinyon-juniper habitat types",
        "Link": "https://irma.nps.gov/DataStore/Reference/Profile/20719"
      },
      "geometry": {
        "type": "Point",
        "coordinates": [-106.3573, 35.8188]
      }
    },
    {
      "type": "Feature",
      "properties": {
        "id": "irma-580069",
        "institution": [
          "National Park Service (NPS)"
        ],
        "collection": [
          "NPS - IRMA"
        ],
        "topic": [
          "Mammals",
          "Metabolism",
          "Physiology",
          "Rangifer tarandus",
          "Subarctic",
          "Ungulates"
        ],
        "format": "Dissertation",
        "publishDate": "1986",
        "building": [
          "Central Alaska Network (CAKN)",
          "Denali National Park and Preserve (DENA)",
          "Yukon-Charley Rivers National Preserve (YUCH)"
        ],
        "Title": "Daily energy budgets of caribou: a simulation approach",
        "Link": "https://irma.nps.gov/DataStore/Reference/Profile/580069"
      },
      "geometry": {
        "type": "MultiPoint",
        "coordinates": [
          [-150.6029, 63.3183],
          [-142.5708, 65.1668]
        ]
      }
    },
    {
      "type": "Feature",
      "properties": {
        "id": "irma-610025",
        "institution": [
          "National Park Service (NPS)"
        ],
        "collection": [
          "NPS - IRMA"
        ],
        "topic": [
          "Acid Precipitation",
          "AIRBIB",
          "emission sources",
          "nitrate deposition",
          "sulfate deposition",
          "Sulfur Dioxide"
        ],
        "format": "Dissertation",
        "publishDate": "1986",
        "building": [
          "Air Resources Division (ARD)"
        ],
        "Title": "Emission Sources Contributing to Acid Precipitation in the Western United States",
        "Link": "https://irma.nps.gov/DataStore/Reference/Profile/610025"
      },
      "geometry": {
        "type": "Point",
        "coordinates": [-105.0777, 39.6517]
      }
    },
    {
      "type": "Feature",
      "properties": {
        "id": "irma-580092",
        "institution": [
          "National Park Service (NPS)"
        ],
        "collection": [
          "NPS - IRMA"
        ],
        "topic": [
          "Floodplains",
          "Seral Stages",
          "Subarctic",
          "Succession",
          "Vegetation",
          "Willows"
        ],
        "format": "Dissertation",
        "publishDate": "1986",
        "building": [
          "Central Alaska Network (CAKN)",
          "Denali National Park and Preserve (DENA)",
          "Wrangell-St. Elias National Park and Preserve (WRST)",
          "Yukon-Charley Rivers National Preserve (YUCH)"
        ],
        "Title": "Establishment of four Salicaceae species on river bars along the Tanana River, Alaska (regeneration, floodplains)",
        "Link": "https://irma.nps.gov/DataStore/Reference/Profile/580092"
      },
      "geometry": {
        "type": "MultiPoint",
        "coordinates": [
          [-150.6029, 63.3183],
          [-142.1319, 60.6918],
          [-142.5708, 65.1668]
        ]
      }
    },
    {
      "type": "Feature",
      "properties": {
        "id": "irma-646226",
        "institution": [
          "National Park Service (NPS)"
        ],
        "collection": [
          "NPS - IRMA"
        ],
        "topic": [
          "1969",
          "East Rift Zone",
          "Endogenous Growth",
          "Hawaii (Big Island)",
          "Interplanetary Geology",
          "Kilauea Volcano",
          "Lava Flow",
          "Mauna Ulu",
          "Mechanism",
          "Tumulus"
        ],
        "format": "Dissertation",
        "publishDate": "1986",
        "building": [
          "Hawaii Volcanoes National Park (HAVO)"
        ],
        "Title": "Formation of pressure ridges and emplacement of compound basaltic lava flows",
        "Link": "https://irma.nps.gov/DataStore/Reference/Profile/646226"
      },
      "geometry": {
        "type": "Point",
        "coordinates": [-155.4073, 19.235]
      }
    },
    {
      "type": "Feature",
      "properties": {
        "id": "irma-579868",
        "institution": [
          "National Park Service (NPS)"
        ],
        "collection": [
          "NPS - IRMA"
        ],
        "topic": [
          "Arctic",
          "Disturbance"
        ],
        "format": "Dissertation",
        "publishDate": "1986",
        "building": [
          "Arctic Network (ARCN)",
          "Bering Land Bridge National Preserve (BELA)",
          "Cape Krusenstern National Monument (CAKR)",
          "Gates of the Arctic National Park and Preserve (GAAR)",
          "Kobuk Valley National Park (KOVA)",
          "Noatak National Preserve (NOAT)"
        ],
        "Title": "Impact of oilfield development on shorebirds, Prudhoe Bay, Alaska",
        "Link": "https://irma.nps.gov/DataStore/Reference/Profile/579868"
      },
      "geometry": {
        "type": "MultiPoint",
        "coordinates": [
          [-165.1266, 66.2151],
          [-163.4533, 67.4268],
          [-153.3869, 67.869],
          [-159.0631, 67.2802],
          [-159.3945, 68.1814]
        ]
      }
    },
    {
      "type": "Feature",
      "properties": {
        "id": "irma-654047",
        "institution": [
          "National Park Service (NPS)"
        ],
        "collection": [
          "NPS - IRMA"
        ],
        "topic": [
          "Coralline algae",
          "gastropoda",
          "Guam",
          "Invertebrates",
          "marine animals",
          "Marine Ecology"
        ],
        "format": "Dissertation",
        "publishDate": "1986",
        "building": [
          "War in the Pacific National Historical Park (WAPA)"
        ],
        "Title": "Interactions among bioeroding organisms, gastropod shells, and coralline algae",
        "Link": "https://irma.nps.gov/DataStore/Reference/Profile/654047"
      },
      "geometry": {
        "type": "Point",
        "coordinates": [144.6534, 13.3896]
      }
    },
    {
      "type": "Feature",
      "properties": {
        "id": "irma-67062",
        "institution": [
          "National Park Service (NPS)"
        ],
        "collection": [
          "NPS - IRMA"
        ],
        "topic": [
          "1950-05-29",
          "1951-04-22",
          "1975-11-29",
          "Earthquake",
          "El Chichon Mexico",
          "Hawaii (Big Island)",
          "Kealakekua Fault Zone",
          "Kilauea Caldera Deep-Earthquake Region",
          "Kilauea South Flank",
          "Kilauea Volcano HI",
          "Love Waves",
          "Mauna Loa Volcano HI",
          "Mechanism",
          "Physical Sciences",
          "Rayleigh Waves",
          "Seismic Activity",
          "Seismology",
          "Tsunami",
          "Volcanism"
        ],
        "format": "Dissertation",
        "publishDate": "1986",
        "building": [
          "Hawaii Volcanoes National Park (HAVO)"
        ],
        "Title": "Investigations of earthquakes and other seismic sources in regions of volcanism",
        "Link": "https://irma.nps.gov/DataStore/Reference/Profile/67062"
      },
      "geometry": {
        "type": "Point",
        "coordinates": [-155.4073, 19.235]
      }
    },
    {
      "type": "Feature",
      "properties": {
        "id": "irma-646201",
        "institution": [
          "National Park Service (NPS)"
        ],
        "collection": [
          "NPS - IRMA"
        ],
        "topic": [
          "Flexure",
          "Hawaiian Archipelago",
          "Hotspot",
          "Intrusion",
          "Lithosphere",
          "Mantle",
          "Mechanism",
          "Modeling",
          "Oahu",
          "Rejuvenated Stage",
          "Seismology",
          "Shield Stage",
          "Tectonics"
        ],
        "format": "Dissertation",
        "publishDate": "1986",
        "building": [
          "Hawaii Volcanoes National Park (HAVO)"
        ],
        "Title": "Lithospheric flexure and Hawaiian volcanism: a multichannel seismic perspective",
        "Link": "https://irma.nps.gov/DataStore/Reference/Profile/646201"
      },
      "geometry": {
        "type": "Point",
        "coordinates": [-155.4073, 19.235]
      }
    },
    {
      "type": "Feature",
      "properties": {
        "id": "irma-660659",
        "institution": [
          "National Park Service (NPS)"
        ],
        "collection": [
          "NPS - IRMA"
        ],
        "topic": [
          "Hoh River Watershed",
          "Lowland Forest",
          "Plant Studies",
          "Regeneration",
          "Sitka spruce (Picea sitchensis)",
          "Western hemlock (Tsuga heterophylla)"
        ],
        "format": "Dissertation",
        "publishDate": "1986",
        "building": [
          "Olympic National Park (OLYM)"
        ],
        "Title": "Logs as sites of tree regeneration in Picea sitchensis-Tsuga heterophylla forests of coastal Washington and Oregon",
        "Link": "https://irma.nps.gov/DataStore/Reference/Profile/660659"
      },
      "geometry": {
        "type": "Point",
        "coordinates": [-123.6996, 47.7886]
      }
    },
    {
      "type": "Feature",
      "properties": {
        "id": "irma-580127",
        "institution": [
          "National Park Service (NPS)"
        ],
        "collection": [
          "NPS - IRMA"
        ],
        "topic": [
          "Arctic",
          "Arctic LTER Site",
          "Brooks Range Foothills",
          "Food Webs",
          "Grazing",
          "Limnology",
          "Microorganisms",
          "Nutrients",
          "Phytoplankton",
          "Primary Production",
          "Tol",
          "Toolik Lake",
          "Zooplankton"
        ],
        "format": "Dissertation",
        "publishDate": "1986",
        "building": [
          "Arctic Network (ARCN)",
          "Bering Land Bridge National Preserve (BELA)",
          "Cape Krusenstern National Monument (CAKR)",
          "Gates of the Arctic National Park and Preserve (GAAR)",
          "Kobuk Valley National Park (KOVA)",
          "Noatak National Preserve (NOAT)"
        ],
        "Title": "Pelagic nitrogen cycles in an arctic lake",
        "Link": "https://irma.nps.gov/DataStore/Reference/Profile/580127"
      },
      "geometry": {
        "type": "MultiPoint",
        "coordinates": [
          [-165.1266, 66.2151],
          [-163.4533, 67.4268],
          [-153.3869, 67.869],
          [-159.0631, 67.2802],
          [-159.3945, 68.1814]
        ]
      }
    },
    {
      "type": "Feature",
      "properties": {
        "id": "irma-645781",
        "institution": [
          "National Park Service (NPS)"
        ],
        "collection": [
          "NPS - IRMA"
        ],
        "topic": [
          "1800-1801",
          "Chemical Analysis",
          "Clinopyroxene",
          "Geochemistry",
          "Geothermometry",
          "Hualalai Volcano",
          "Isotopes",
          "Major Oxides",
          "Mechanism",
          "Mineral",
          "Neodymium (Nd)",
          "Petrology",
          "Rare Earth Elements",
          "Strontium (Sr)",
          "Trace Elements",
          "Xenolith"
        ],
        "format": "Dissertation",
        "publishDate": "1986",
        "building": [
          "Hawaii Volcanoes National Park (HAVO)"
        ],
        "Title": "Petrology, geochemistry, and petrogenesis of ultramafic xenoliths from 1800-1801 Kaupulehu flow, Hualalai Volcano, Hawaii",
        "Link": "https://irma.nps.gov/DataStore/Reference/Profile/645781"
      },
      "geometry": {
        "type": "Point",
        "coordinates": [-155.4073, 19.235]
      }
    },
    {
      "type": "Feature",
      "properties": {
        "id": "irma-600455",
        "institution": [
          "National Park Service (NPS)"
        ],
        "collection": [
          "NPS - IRMA"
        ],
        "topic": [
          "Boreal Forest",
          "Ecology (Terrestrial)",
          "Forestry",
          "Nitrogen Cycle",
          "seasonal pattern",
          "Soil",
          "Subarctic",
          "Taiga",
          "White Spruce"
        ],
        "format": "Dissertation",
        "publishDate": "1986",
        "building": [
          "Denali National Park and Preserve (DENA)",
          "Wrangell-St. Elias National Park and Preserve (WRST)",
          "Yukon-Charley Rivers National Preserve (YUCH)"
        ],
        "Title": "Seasonal patterns of nitrogen mineralization and nitrification following harvesting in the white spruce forest of interior Alaska",
        "Link": "https://irma.nps.gov/DataStore/Reference/Profile/600455"
      },
      "geometry": {
        "type": "MultiPoint",
        "coordinates": [
          [-150.6029, 63.3183],
          [-142.1319, 60.6918],
          [-142.5708, 65.1668]
        ]
      }
    },
    {
      "type": "Feature",
      "properties": {
        "id": "irma-579884",
        "institution": [
          "National Park Service (NPS)"
        ],
        "collection": [
          "NPS - IRMA"
        ],
        "topic": [
          "Arc",
          "Arctic",
          "Arctic LTER Site",
          "Brooks Range Foothills",
          "Fish",
          "Foraging",
          "Limnology",
          "Population Ecology",
          "Predation",
          "Salmon",
          "Toolik Lake"
        ],
        "format": "Dissertation",
        "publishDate": "1986",
        "building": [
          "Arctic Network (ARCN)",
          "Bering Land Bridge National Preserve (BELA)",
          "Cape Krusenstern National Monument (CAKR)",
          "Gates of the Arctic National Park and Preserve (GAAR)",
          "Kobuk Valley National Park (KOVA)",
          "Noatak National Preserve (NOAT)"
        ],
        "Title": "Strategies and tactics of search behavior in salmonid and centrarchid planktivorous fish",
        "Link": "https://irma.nps.gov/DataStore/Reference/Profile/579884"
      },
      "geometry": {
        "type": "MultiPoint",
        "coordinates": [
          [-165.1266, 66.2151],
          [-163.4533, 67.4268],
          [-153.3869, 67.869],
          [-159.0631, 67.2802],
          [-159.3945, 68.1814]
        ]
      }
    },
    {
      "type": "Feature",
      "properties": {
        "id": "irma-645799",
        "institution": [
          "National Park Service (NPS)"
        ],
        "collection": [
          "NPS - IRMA"
        ],
        "topic": [
          "Aluminum (Al)",
          "Calcium (Ca)",
          "Experimental Studies",
          "Geochemistry",
          "Hawaiian Archipelago",
          "Iron (Fe)",
          "Manganese (Mn)",
          "Melt",
          "Olivine",
          "Orthopyroxene",
          "Partition Coefficient",
          "Petrology",
          "Rare Earth Elements",
          "Scandium (Sc)",
          "Titanium (Ti)",
          "Zirconium (Zr)"
        ],
        "format": "Dissertation",
        "publishDate": "1986",
        "building": [
          "Hawaii Volcanoes National Park (HAVO)"
        ],
        "Title": "Temperature and compositional dependence of trace element partitioning in silicate systems",
        "Link": "https://irma.nps.gov/DataStore/Reference/Profile/645799"
      },
      "geometry": {
        "type": "Point",
        "coordinates": [-155.4073, 19.235]
      }
    },
    {
      "type": "Feature",
      "properties": {
        "id": "irma-108725",
        "institution": [
          "National Park Service (NPS)"
        ],
        "collection": [
          "NPS - IRMA"
        ],
        "topic": [
          "Animal Studies",
          "Birds (Aves)",
          "Brown Tree Snake (Boiga irregularis)",
          "Disease",
          "Guam",
          "Population",
          "Predation"
        ],
        "format": "Dissertation",
        "publishDate": "1986",
        "building": [
          "War in the Pacific National Historical Park (WAPA)"
        ],
        "Title": "The role of disease and predation in the decline of Guams avifauna",
        "Link": "https://irma.nps.gov/DataStore/Reference/Profile/108725"
      },
      "geometry": {
        "type": "Point",
        "coordinates": [144.6534, 13.3896]
      }
    },
    {
      "type": "Feature",
      "properties": {
        "id": "irma-2179793",
        "institution": [
          "National Park Service (NPS)"
        ],
        "collection": [
          "NPS - IRMA"
        ],
        "topic": [
          "Banding",
          "Ecology",
          "Frenchman Bay",
          "Islands",
          "Natural Resource Management",
          "Population",
          "Rare Species",
          "Threatened & Endangered Species"
        ],
        "format": "Dissertation",
        "publishDate": "1986",
        "building": [
          "Acadia National Park (ACAD)"
        ],
        "Title": "The post-fledging ecology and population dynamics of Bald Eagles in Maine",
        "Link": "https://irma.nps.gov/DataStore/Reference/Profile/2179793"
      },
      "geometry": {
        "type": "Point",
        "coordinates": [-68.2397, 44.3594]
      }
    },
    {
      "type": "Feature",
      "properties": {
        "id": "irma-2193020",
        "institution": [
          "National Park Service (NPS)"
        ],
        "collection": [
          "NPS - IRMA"
        ],
        "topic": [
          "Demography",
          "encroachment",
          "Juniper"
        ],
        "format": "Dissertation",
        "publishDate": "1986",
        "building": [
          "Bighorn Canyon National Recreation Area (BICA)"
        ],
        "Title": "Verification, Distribution, Demography and Causality of Juniperus osteosperma Encroachment at a Big Horn Basin, Wyoming Site",
        "Link": "https://irma.nps.gov/DataStore/Reference/Profile/2193020"
      },
      "geometry": {
        "type": "Point",
        "coordinates": [-108.0271, 45.2889]
      }
    },
    {
      "type": "Feature",
      "properties": {
        "id": "irma-25791",
        "institution": [
          "National Park Service (NPS)"
        ],
        "collection": [
          "NPS - IRMA"
        ],
        "topic": [
          "Animal Studies",
          "happyface spider (Theridion grallator)",
          "Mau`i HI"
        ],
        "format": "Dissertation",
        "publishDate": "1985",
        "building": [
          "Haleakala National Park (HALE)"
        ],
        "Title": "Comparative behavioral ecology of the spider Theridion grallator (Simon) (Araneae : Theridiidae) in the Hawai`ian archipelago (Evolution, ethology, arachnid, speciation)",
        "Link": "https://irma.nps.gov/DataStore/Reference/Profile/25791"
      },
      "geometry": {
        "type": "Point",
        "coordinates": [-156.1471, 20.7045]
      }
    },
    {
      "type": "Feature",
      "properties": {
        "id": "irma-38629",
        "institution": [
          "National Park Service (NPS)"
        ],
        "collection": [
          "NPS - IRMA"
        ],
        "topic": [
          "Air Quality",
          "Atmospheric Sciences",
          "Dust",
          "Mauna Loa Volcano HI",
          "Particulates (Air)"
        ],
        "format": "Dissertation",
        "publishDate": "1985",
        "building": [
          "Hawaii Volcanoes National Park (HAVO)"
        ],
        "Title": "Elemental composition and particle-size distribution of mineral dust: field and laboratory studies",
        "Link": "https://irma.nps.gov/DataStore/Reference/Profile/38629"
      },
      "geometry": {
        "type": "Point",
        "coordinates": [-155.4073, 19.235]
      }
    },
    {
      "type": "Feature",
      "properties": {
        "id": "irma-646167",
        "institution": [
          "National Park Service (NPS)"
        ],
        "collection": [
          "NPS - IRMA"
        ],
        "topic": [
          "Dike-Impounded Water",
          "Electric",
          "Geology",
          "Hydrology",
          "Koolau Volcano",
          "Non-Seismic Geophysics",
          "Oahu",
          "Schlumberger",
          "Waianae Volcano"
        ],
        "format": "Dissertation",
        "publishDate": "1985",
        "building": [
          "Hawaii Volcanoes National Park (HAVO)"
        ],
        "Title": "Electrical resistivity investigation of the Schofield high-level water body, Oahu, Hawaii",
        "Link": "https://irma.nps.gov/DataStore/Reference/Profile/646167"
      },
      "geometry": {
        "type": "Point",
        "coordinates": [-155.4073, 19.235]
      }
    },
    {
      "type": "Feature",
      "properties": {
        "id": "irma-579888",
        "institution": [
          "National Park Service (NPS)"
        ],
        "collection": [
          "NPS - IRMA"
        ],
        "topic": [
          "Composition",
          "Geomorphology",
          "organic",
          "peatlands",
          "Subarctic",
          "Succession",
          "Thermokarst",
          "Vegetation"
        ],
        "format": "Dissertation",
        "publishDate": "1985",
        "building": [
          "Central Alaska Network (CAKN)",
          "Denali National Park and Preserve (DENA)",
          "Wrangell-St. Elias National Park and Preserve (WRST)",
          "Yukon-Charley Rivers National Preserve (YUCH)"
        ],
        "Title": "Hydroseral histories of the Old Crow peatlands, northern Yukon",
        "Link": "https://irma.nps.gov/DataStore/Reference/Profile/579888"
      },
      "geometry": {
        "type": "MultiPoint",
        "coordinates": [
          [-150.6029, 63.3183],
          [-142.1319, 60.6918],
          [-142.5708, 65.1668]
        ]
      }
    },
    {
      "type": "Feature",
      "properties": {
        "id": "irma-601033",
        "institution": [
          "National Park Service (NPS)"
        ],
        "collection": [
          "NPS - IRMA"
        ],
        "topic": [
          "Eumetopias jubatus",
          "Marine",
          "Marine Mammals",
          "Steller Sea Lions",
          "Wildlife"
        ],
        "format": "Dissertation",
        "publishDate": "1985",
        "building": [
          "Aniakchak National Monument and Preserve (ANIA)",
          "Glacier Bay National Park and Preserve (GLBA)",
          "Katmai National Park and Preserve (KATM)",
          "Kenai Fjords National Park (KEFJ)",
          "Sitka National Historical Park (SITK)",
          "Wrangell-St. Elias National Park and Preserve (WRST)"
        ],
        "Title": "Male territorial and reproductive behavior in Steller sea lion, (Eumetopias jubatus)",
        "Link": "https://irma.nps.gov/DataStore/Reference/Profile/601033"
      },
      "geometry": {
        "type": "MultiPoint",
        "coordinates": [
          [-158.0973, 56.9011],
          [-136.8654, 58.7004],
          [-154.8894, 58.5661],
          [-150.2466, 59.504],
          [-135.3156, 57.047],
          [-142.1319, 60.6918]
        ]
      }
    },
    {
      "type": "Feature",
      "properties": {
        "id": "irma-564052",
        "institution": [
          "National Park Service (NPS)"
        ],
        "collection": [
          "NPS - IRMA"
        ],
        "topic": [
          "Arctic",
          "Geochronology",
          "geo-sedimentology/stratigraphy",
          "Gubik Formation",
          "Molluscs",
          "ostracoda",
          "plants - fossils",
          "Sea level changes",
          "Skull Cliff"
        ],
        "format": "Dissertation",
        "publishDate": "1985",
        "building": [
          "Bering Land Bridge National Preserve (BELA)",
          "Cape Krusenstern National Monument (CAKR)"
        ],
        "Title": "Marine stratigraphy and amino acid geochronology of the Gubik formation, western Arctic coastal plain, Alaska",
        "Link": "https://irma.nps.gov/DataStore/Reference/Profile/564052"
      },
      "geometry": {
        "type": "MultiPoint",
        "coordinates": [
          [-165.1266, 66.2151],
          [-163.4533, 67.4268]
        ]
      }
    },
    {
      "type": "Feature",
      "properties": {
        "id": "irma-605501",
        "institution": [
          "National Park Service (NPS)"
        ],
        "collection": [
          "NPS - IRMA"
        ],
        "topic": [
          "Athapaskan Indians",
          "kinship"
        ],
        "format": "Dissertation",
        "publishDate": "1985",
        "building": [
          "Denali National Park and Preserve (DENA)"
        ],
        "Title": "Northern Athapaskan social and economic variability",
        "Link": "https://irma.nps.gov/DataStore/Reference/Profile/605501"
      },
      "geometry": {
        "type": "Point",
        "coordinates": [-150.6029, 63.3183]
      }
    },
    {
      "type": "Feature",
      "properties": {
        "id": "irma-645877",
        "institution": [
          "National Park Service (NPS)"
        ],
        "collection": [
          "NPS - IRMA"
        ],
        "topic": [
          "1962-06-27",
          "1974-11-30",
          "1982-01-21",
          "1983-11-16",
          "Earthquake",
          "Geodesy",
          "Hawaii (Big Island)",
          "Hilea Fault Zone",
          "Horizontal EDM",
          "Kaoiki fault zone",
          "Kaoki Fault Zone",
          "Mauna Loa South Flank",
          "Mauna Loa Volcano",
          "Mechanism",
          "Seismicity",
          "Tectonics",
          "Vertical Leveling"
        ],
        "format": "Dissertation",
        "publishDate": "1985",
        "building": [
          "Hawaii Volcanoes National Park (HAVO)"
        ],
        "Title": "Seismotectonic framework for the southeast flank of Mauna Loa Volcano, Hawaii",
        "Link": "https://irma.nps.gov/DataStore/Reference/Profile/645877"
      },
      "geometry": {
        "type": "Point",
        "coordinates": [-155.4073, 19.235]
      }
    },
    {
      "type": "Feature",
      "properties": {
        "id": "irma-111512",
        "institution": [
          "National Park Service (NPS)"
        ],
        "collection": [
          "NPS - IRMA"
        ],
        "topic": [
          "Geology",
          "Kaoiki fault zone Mauna Loa Volcano HI",
          "Mauna Loa Volcano HI",
          "Physical Sciences",
          "Seismology",
          "Volcanoes"
        ],
        "format": "Dissertation",
        "publishDate": "1985",
        "building": [
          "Hawaii Volcanoes National Park (HAVO)"
        ],
        "Title": "Seismotectonic framework for the southeast flank of Mauna Loa Volcano, Hawai`i",
        "Link": "https://irma.nps.gov/DataStore/Reference/Profile/111512"
      },
      "geometry": {
        "type": "Point",
        "coordinates": [-155.4073, 19.235]
      }
    },
    {
      "type": "Feature",
      "properties": {
        "id": "irma-94840",
        "institution": [
          "National Park Service (NPS)"
        ],
        "collection": [
          "NPS - IRMA"
        ],
        "topic": [
          "Cetacean",
          "Marine Mammal",
          "Population Characteristics",
          "Social Organization",
          "Whale"
        ],
        "format": "Dissertation",
        "publishDate": "1985",
        "building": [
          "Glacier Bay National Park and Preserve (GLBA)"
        ],
        "Title": "The population structure and social organization of humpback whales (Megaptera novaeangliae) in the central and eastern North Pacific",
        "Link": "https://irma.nps.gov/DataStore/Reference/Profile/94840"
      },
      "geometry": {
        "type": "Point",
        "coordinates": [-136.8654, 58.7004]
      }
    },
    {
      "type": "Feature",
      "properties": {
        "id": "irma-36295",
        "institution": [
          "National Park Service (NPS)"
        ],
        "collection": [
          "NPS - IRMA"
        ],
        "topic": [
          "APHN",
          "Appalachian Highlands Network",
          "Great Smoky Mountains National Park",
          "GRSM",
          "Plethodon jordani",
          "salamanders",
          "SER",
          "Southeast Region"
        ],
        "format": "Dissertation",
        "publishDate": "1985",
        "building": [
          "Great Smoky Mountains National Park (GRSM)"
        ],
        "Title": "The ecology and evolution of aggressive behavior in two species of terrestrial salamanders (competition, misidentification, territoriality, species- specificity, home range)",
        "Link": "https://irma.nps.gov/DataStore/Reference/Profile/36295"
      },
      "geometry": {
        "type": "Point",
        "coordinates": [-83.5282, 35.5716]
      }
    },
    {
      "type": "Feature",
      "properties": {
        "id": "irma-645771",
        "institution": [
          "National Park Service (NPS)"
        ],
        "collection": [
          "NPS - IRMA"
        ],
        "topic": [
          "Chemical Analysis",
          "Chlorine (Cl)",
          "Fluorine (F)",
          "Geochemistry",
          "Hawaiian Archipelago",
          "Petrology",
          "Rock",
          "Sulfur (S)",
          "Trace Elements"
        ],
        "format": "Dissertation",
        "publishDate": "1985",
        "building": [
          "Hawaii Volcanoes National Park (HAVO)"
        ],
        "Title": "The behavior of fluorine, chlorine and sulfur in basalts",
        "Link": "https://irma.nps.gov/DataStore/Reference/Profile/645771"
      },
      "geometry": {
        "type": "Point",
        "coordinates": [-155.4073, 19.235]
      }
    },
    {
      "type": "Feature",
      "properties": {
        "id": "irma-600442",
        "institution": [
          "National Park Service (NPS)"
        ],
        "collection": [
          "NPS - IRMA"
        ],
        "topic": [
          "Ecology (Terrestrial)",
          "Floodplain",
          "Succession"
        ],
        "format": "Dissertation",
        "publishDate": "1985",
        "building": [
          "Denali National Park and Preserve (DENA)",
          "Wrangell-St. Elias National Park and Preserve (WRST)",
          "Yukon-Charley Rivers National Preserve (YUCH)"
        ],
        "Title": "The processes controlling primary succession on an Alaskan floodplain",
        "Link": "https://irma.nps.gov/DataStore/Reference/Profile/600442"
      },
      "geometry": {
        "type": "MultiPoint",
        "coordinates": [
          [-150.6029, 63.3183],
          [-142.1319, 60.6918],
          [-142.5708, 65.1668]
        ]
      }
    },
    {
      "type": "Feature",
      "properties": {
        "id": "irma-580187",
        "institution": [
          "National Park Service (NPS)"
        ],
        "collection": [
          "NPS - IRMA"
        ],
        "topic": [
          "Arctic",
          "Development Impacts",
          "Disturbance",
          "drill sites",
          "Habitats",
          "Revegetation",
          "Wetlands"
        ],
        "format": "Dissertation",
        "publishDate": "1985",
        "building": [
          "Arctic Network (ARCN)",
          "Bering Land Bridge National Preserve (BELA)",
          "Cape Krusenstern National Monument (CAKR)",
          "Gates of the Arctic National Park and Preserve (GAAR)",
          "Kobuk Valley National Park (KOVA)",
          "Noatak National Preserve (NOAT)"
        ],
        "Title": "Vegetation disturbance and recovery at the Oumalik oil well, Arctic Coastal Plain, Alaska",
        "Link": "https://irma.nps.gov/DataStore/Reference/Profile/580187"
      },
      "geometry": {
        "type": "MultiPoint",
        "coordinates": [
          [-165.1266, 66.2151],
          [-163.4533, 67.4268],
          [-153.3869, 67.869],
          [-159.0631, 67.2802],
          [-159.3945, 68.1814]
        ]
      }
    },
    {
      "type": "Feature",
      "properties": {
        "id": "irma-645773",
        "institution": [
          "National Park Service (NPS)"
        ],
        "collection": [
          "NPS - IRMA"
        ],
        "topic": [
          "Chemical Analysis",
          "Chlorine (Cl)",
          "Fluorine (F)",
          "Glass",
          "Hawaii (Big Island)",
          "Kilauea East Rift Zone",
          "Loihi",
          "Major Oxides",
          "Mantle",
          "Ocean floor geochemistry",
          "Source",
          "Submarine",
          "Trace Elements",
          "Water (H2O)"
        ],
        "format": "Dissertation",
        "publishDate": "1984",
        "building": [
          "Hawaii Volcanoes National Park (HAVO)"
        ],
        "Title": "A geochemical investigation of volatiles in abyssal glasses from the Galapagos Spreading Center at 85 degrees W and 95 degrees W, East Pacific Rise at 21 degrees N, and Loihi Seamount, Hawaii, using high temperature mass spectrometry",
        "Link": "https://irma.nps.gov/DataStore/Reference/Profile/645773"
      },
      "geometry": {
        "type": "Point",
        "coordinates": [-155.4073, 19.235]
      }
    },
    {
      "type": "Feature",
      "properties": {
        "id": "irma-580119",
        "institution": [
          "National Park Service (NPS)"
        ],
        "collection": [
          "NPS - IRMA"
        ],
        "topic": [
          "Arctic",
          "Arctic LTER Site",
          "Brooks Range Foothills",
          "Limnology",
          "Microorganisms",
          "Nutrients",
          "Physiology",
          "Phytoplankton",
          "Primary Production",
          "Tol",
          "Toolik Lake"
        ],
        "format": "Dissertation",
        "publishDate": "1984",
        "building": [
          "Arctic Network (ARCN)",
          "Bering Land Bridge National Preserve (BELA)",
          "Cape Krusenstern National Monument (CAKR)",
          "Gates of the Arctic National Park and Preserve (GAAR)",
          "Kobuk Valley National Park (KOVA)",
          "Noatak National Preserve (NOAT)"
        ],
        "Title": "A study of dissolved and collooidal organic carbon in rivers and their contribution to benthic microbial metabolism",
        "Link": "https://irma.nps.gov/DataStore/Reference/Profile/580119"
      },
      "geometry": {
        "type": "MultiPoint",
        "coordinates": [
          [-165.1266, 66.2151],
          [-163.4533, 67.4268],
          [-153.3869, 67.869],
          [-159.0631, 67.2802],
          [-159.3945, 68.1814]
        ]
      }
    },
    {
      "type": "Feature",
      "properties": {
        "id": "irma-31511",
        "institution": [
          "National Park Service (NPS)"
        ],
        "collection": [
          "NPS - IRMA"
        ],
        "topic": [
          "Aquatic Sciences",
          "Wrangell-Saint Elias National Park and Preserve",
          "Wrangell-St. Elias National Park And Preserve"
        ],
        "format": "Dissertation",
        "publishDate": "1984",
        "building": [
          "Wrangell-St. Elias National Park and Preserve (WRST)"
        ],
        "Title": "Determinants for the timing of escapement from the sockeye salmon fishery of the Copper River, Alaska: a simulation model",
        "Link": "https://irma.nps.gov/DataStore/Reference/Profile/31511"
      },
      "geometry": {
        "type": "Point",
        "coordinates": [-142.1319, 60.6918]
      }
    },
    {
      "type": "Feature",
      "properties": {
        "id": "irma-36542",
        "institution": [
          "National Park Service (NPS)"
        ],
        "collection": [
          "NPS - IRMA"
        ],
        "topic": [
          "Alpine Zone",
          "Animal Studies",
          "Distribution",
          "Habitat",
          "Mammals (Mammalia)",
          "Reproduction"
        ],
        "format": "Dissertation",
        "publishDate": "1984",
        "building": [
          "North Cascades National Park (NOCA)",
          "Olympic National Park (OLYM)"
        ],
        "Title": "Ecology of Pacific Northwest alpine mammals",
        "Link": "https://irma.nps.gov/DataStore/Reference/Profile/36542"
      },
      "geometry": {
        "type": "MultiPoint",
        "coordinates": [
          [-121.3505, 48.8279],
          [-123.6996, 47.7886]
        ]
      }
    },
    {
      "type": "Feature",
      "properties": {
        "id": "irma-70797",
        "institution": [
          "National Park Service (NPS)"
        ],
        "collection": [
          "NPS - IRMA"
        ],
        "topic": [
          "Boreal Forest",
          "Copper River",
          "Copper River Basin",
          "Fossils",
          "Geology",
          "Glaciers",
          "History – Natural",
          "Isotopic Dating",
          "Paleobotany",
          "Paleontology",
          "Physical Sciences",
          "Pollen Analysis",
          "Pollen records",
          "Quaternary",
          "Spruce Forest",
          "Stratigraphy",
          "Subarctic",
          "Vegetation",
          "vegetational history",
          "Wrangell-Saint Elias National Park and Preserve",
          "Wrangell-St. Elias National Park And Preserve"
        ],
        "format": "Dissertation",
        "publishDate": "1984",
        "building": [
          "Wrangell-St. Elias National Park and Preserve (WRST)"
        ],
        "Title": "Late Quaternary glaciolacustrine and vegetational history of the Copper River Basin, south-central Alaska",
        "Link": "https://irma.nps.gov/DataStore/Reference/Profile/70797"
      },
      "geometry": {
        "type": "Point",
        "coordinates": [-142.1319, 60.6918]
      }
    },
    {
      "type": "Feature",
      "properties": {
        "id": "irma-618198",
        "institution": [
          "National Park Service (NPS)"
        ],
        "collection": [
          "NPS - IRMA"
        ],
        "topic": [
          "Geology"
        ],
        "format": "Dissertation",
        "publishDate": "1984",
        "building": [
          "Wrangell-St. Elias National Park and Preserve (WRST)"
        ],
        "Title": "Paleomagnetism of the Wrangellia and Alexander terranes and the tectonic history of southern Alaska",
        "Link": "https://irma.nps.gov/DataStore/Reference/Profile/618198"
      },
      "geometry": {
        "type": "Point",
        "coordinates": [-142.1319, 60.6918]
      }
    },
    {
      "type": "Feature",
      "properties": {
        "id": "irma-579862",
        "institution": [
          "National Park Service (NPS)"
        ],
        "collection": [
          "NPS - IRMA"
        ],
        "topic": [
          "Community Ecology",
          "Distribution",
          "estuarine habitats",
          "landcover type",
          "Landscapes",
          "Salt Marsh",
          "Vegetation"
        ],
        "format": "Dissertation",
        "publishDate": "1984",
        "building": [
          "Glacier Bay National Park and Preserve (GLBA)",
          "Klondike Gold Rush National Historical Park (KLGO)",
          "Southeast Alaska Network (SEAN)",
          "Sitka National Historical Park (SITK)"
        ],
        "Title": "Patterns in coastal marsh vegetation of the Juneau area, Alaska",
        "Link": "https://irma.nps.gov/DataStore/Reference/Profile/579862"
      },
      "geometry": {
        "type": "MultiPoint",
        "coordinates": [
          [-136.8654, 58.7004],
          [-135.2926, 59.6316],
          [-135.3156, 57.047]
        ]
      }
    },
    {
      "type": "Feature",
      "properties": {
        "id": "irma-124473",
        "institution": [
          "National Park Service (NPS)"
        ],
        "collection": [
          "NPS - IRMA"
        ],
        "topic": [
          "Physical Sciences",
          "Wrangell-Saint Elias National Park and Preserve",
          "Wrangell-St. Elias National Park And Preserve"
        ],
        "format": "Dissertation",
        "publishDate": "1984",
        "building": [
          "Wrangell-St. Elias National Park and Preserve (WRST)"
        ],
        "Title": "Tectonics of an allochthonous terrane, the Yakutat Block, northern Gulf of Alaska",
        "Link": "https://irma.nps.gov/DataStore/Reference/Profile/124473"
      },
      "geometry": {
        "type": "Point",
        "coordinates": [-142.1319, 60.6918]
      }
    },
    {
      "type": "Feature",
      "properties": {
        "id": "irma-124661",
        "institution": [
          "National Park Service (NPS)"
        ],
        "collection": [
          "NPS - IRMA"
        ],
        "topic": [
          "Hydraulic Conductivity",
          "Moloka`i HI",
          "Physical Sciences",
          "Soils",
          "solute transport"
        ],
        "format": "Dissertation",
        "publishDate": "1984",
        "building": [
          "Kalaupapa National Historical Park (KALA)"
        ],
        "Title": "Temporal variability of soil hydraulic properties subsequent to tillage",
        "Link": "https://irma.nps.gov/DataStore/Reference/Profile/124661"
      },
      "geometry": {
        "type": "Point",
        "coordinates": [-156.9565, 21.1558]
      }
    },
    {
      "type": "Feature",
      "properties": {
        "id": "irma-579942",
        "institution": [
          "National Park Service (NPS)"
        ],
        "collection": [
          "NPS - IRMA"
        ],
        "topic": [
          "behavior (activity)",
          "Canada Goose",
          "Energetics",
          "Food Habits",
          "Geese",
          "Habitat Use",
          "Migration",
          "Northern Gulf of Alaska",
          "Reproduction",
          "Swans",
          "Waterfowl"
        ],
        "format": "Dissertation",
        "publishDate": "1984",
        "building": [
          "Glacier Bay National Park and Preserve (GLBA)",
          "Klondike Gold Rush National Historical Park (KLGO)",
          "Sitka National Historical Park (SITK)"
        ],
        "Title": "The energetics of migration and reproduction of dusky Canada geese (Branta canadensis occidentalis)",
        "Link": "https://irma.nps.gov/DataStore/Reference/Profile/579942"
      },
      "geometry": {
        "type": "MultiPoint",
        "coordinates": [
          [-136.8654, 58.7004],
          [-135.2926, 59.6316],
          [-135.3156, 57.047]
        ]
      }
    },
    {
      "type": "Feature",
      "properties": {
        "id": "irma-38142",
        "institution": [
          "National Park Service (NPS)"
        ],
        "collection": [
          "NPS - IRMA"
        ],
        "topic": [
          "Great Smoky Mountains National Park NC TN"
        ],
        "format": "Dissertation",
        "publishDate": "1984",
        "building": [
          "Great Smoky Mountains National Park (GRSM)"
        ],
        "Title": "The effects of rooting by wild boar on tree growth and nutrient cycling in Great Smoky Mountains National Park",
        "Link": "https://irma.nps.gov/DataStore/Reference/Profile/38142"
      },
      "geometry": {
        "type": "Point",
        "coordinates": [-83.5282, 35.5716]
      }
    },
    {
      "type": "Feature",
      "properties": {
        "id": "irma-23560",
        "institution": [
          "National Park Service (NPS)"
        ],
        "collection": [
          "NPS - IRMA"
        ],
        "topic": [
          "Aerosols",
          "Atmospheric Sciences",
          "Chemistry",
          "Mauna Loa Volcano HI",
          "Particulates (Air)",
          "Troposphere"
        ],
        "format": "Dissertation",
        "publishDate": "1984",
        "building": [
          "Hawaii Volcanoes National Park (HAVO)"
        ],
        "Title": "The chemistry of background atmospheric particles collected at Mauna Loa Observatory, Hawai`i",
        "Link": "https://irma.nps.gov/DataStore/Reference/Profile/23560"
      },
      "geometry": {
        "type": "Point",
        "coordinates": [-155.4073, 19.235]
      }
    },
    {
      "type": "Feature",
      "properties": {
        "id": "irma-618667",
        "institution": [
          "National Park Service (NPS)"
        ],
        "collection": [
          "NPS - IRMA"
        ],
        "topic": [
          "Archeology",
          "CRBIB",
          "Historic Preservation"
        ],
        "format": "Dissertation",
        "publishDate": "1979",
        "building": [
          "Wrangell-St. Elias National Park and Preserve (WRST)"
        ],
        "Title": "The role of the federal government in historic preservation",
        "Link": "https://irma.nps.gov/DataStore/Reference/Profile/618667"
      },
      "geometry": {
        "type": "Point",
        "coordinates": [-142.1319, 60.6918]
      }
    },
    {
      "type": "Feature",
      "properties": {
        "id": "irma-580121",
        "institution": [
          "National Park Service (NPS)"
        ],
        "collection": [
          "NPS - IRMA"
        ],
        "topic": [
          "Arctic",
          "Arctic Grayling",
          "Arctic LTER Site",
          "Brooks Range Foothills",
          "Fish",
          "Foraging",
          "Lake Trout",
          "Limnology",
          "Population Ecology",
          "Predation",
          "Prey Species",
          "Tol",
          "Toolik Lake"
        ],
        "format": "Dissertation",
        "publishDate": "1983",
        "building": [
          "Arctic Network (ARCN)",
          "Bering Land Bridge National Preserve (BELA)",
          "Cape Krusenstern National Monument (CAKR)",
          "Gates of the Arctic National Park and Preserve (GAAR)",
          "Kobuk Valley National Park (KOVA)",
          "Noatak National Preserve (NOAT)"
        ],
        "Title": "Benthic community structure in an arctic lake: fish predation foraging strategies, and prey refugia",
        "Link": "https://irma.nps.gov/DataStore/Reference/Profile/580121"
      },
      "geometry": {
        "type": "MultiPoint",
        "coordinates": [
          [-165.1266, 66.2151],
          [-163.4533, 67.4268],
          [-153.3869, 67.869],
          [-159.0631, 67.2802],
          [-159.3945, 68.1814]
        ]
      }
    },
    {
      "type": "Feature",
      "properties": {
        "id": "irma-16564",
        "institution": [
          "National Park Service (NPS)"
        ],
        "collection": [
          "NPS - IRMA"
        ],
        "topic": [
          "Animal Behavior",
          "Animal Studies",
          "Breeding",
          "Dark-Rumped Petrel (Pterodroma phaeopygia sandwichensis)",
          "Eggs",
          "Eggshell Thickness",
          "Mau`i HI",
          "Metabolism",
          "Nests & Nesting",
          "Predation",
          "Threatened & Endangered Species"
        ],
        "format": "Dissertation",
        "publishDate": "1983",
        "building": [
          "Haleakala National Park (HALE)"
        ],
        "Title": "Biology and behavior of the endangered Hawai`ian Dark-rumped Petrel (Pterodroma phaeopygia sandwichensis)",
        "Link": "https://irma.nps.gov/DataStore/Reference/Profile/16564"
      },
      "geometry": {
        "type": "Point",
        "coordinates": [-156.1471, 20.7045]
      }
    },
    {
      "type": "Feature",
      "properties": {
        "id": "irma-564487",
        "institution": [
          "National Park Service (NPS)"
        ],
        "collection": [
          "NPS - IRMA"
        ],
        "topic": [
          "Alpine",
          "Animal Communities (Wildlife)",
          "habitat (mountain goat)",
          "Mountain Goat",
          "Subarctic",
          "Terrestrial Ecology",
          "Wildlife"
        ],
        "format": "Dissertation",
        "publishDate": "1983",
        "building": [
          "Denali National Park and Preserve (DENA)",
          "Klondike Gold Rush National Historical Park (KLGO)",
          "Wrangell-St. Elias National Park and Preserve (WRST)",
          "Yukon-Charley Rivers National Preserve (YUCH)"
        ],
        "Title": "Constraints on winter habitat selection by the mountain goat (Oreamnos americanus) in Alaska",
        "Link": "https://irma.nps.gov/DataStore/Reference/Profile/564487"
      },
      "geometry": {
        "type": "MultiPoint",
        "coordinates": [
          [-150.6029, 63.3183],
          [-135.2926, 59.6316],
          [-142.1319, 60.6918],
          [-142.5708, 65.1668]
        ]
      }
    },
    {
      "type": "Feature",
      "properties": {
        "id": "irma-36555",
        "institution": [
          "National Park Service (NPS)"
        ],
        "collection": [
          "NPS - IRMA"
        ],
        "topic": [
          "Aquatic",
          "Colonization",
          "Community",
          "Ecology",
          "Fish",
          "Invertebrate",
          "Limnology",
          "Stream",
          "Succession"
        ],
        "format": "Dissertation",
        "publishDate": "1983",
        "building": [
          "Glacier Bay National Park and Preserve (GLBA)"
        ],
        "Title": "Ecology of post-glacial streams in Glacier Bay National Park, southeastern Alaska",
        "Link": "https://irma.nps.gov/DataStore/Reference/Profile/36555"
      },
      "geometry": {
        "type": "Point",
        "coordinates": [-136.8654, 58.7004]
      }
    },
    {
      "type": "Feature",
      "properties": {
        "id": "irma-580133",
        "institution": [
          "National Park Service (NPS)"
        ],
        "collection": [
          "NPS - IRMA"
        ],
        "topic": [
          "behavior (activity)",
          "Enhydra lutris",
          "Feeding Ecology",
          "Fisheries",
          "Food Habits",
          "Habitat Use",
          "Life History",
          "Marine Mammals",
          "Marking Studies",
          "Movement",
          "Population Dynamics",
          "Prince William Sound",
          "Reproduction",
          "Sea Otter",
          "Surveys"
        ],
        "format": "Dissertation",
        "publishDate": "1983",
        "building": [
          "Glacier Bay National Park and Preserve (GLBA)",
          "Klondike Gold Rush National Historical Park (KLGO)",
          "Sitka National Historical Park (SITK)"
        ],
        "Title": "Ecology of sea otters in Prince William Sound, Alaska",
        "Link": "https://irma.nps.gov/DataStore/Reference/Profile/580133"
      },
      "geometry": {
        "type": "MultiPoint",
        "coordinates": [
          [-136.8654, 58.7004],
          [-135.2926, 59.6316],
          [-135.3156, 57.047]
        ]
      }
    },
    {
      "type": "Feature",
      "properties": {
        "id": "irma-41732",
        "institution": [
          "National Park Service (NPS)"
        ],
        "collection": [
          "NPS - IRMA"
        ],
        "topic": [
          "Coastal",
          "Ethnobotany",
          "Ethnology",
          "Native American",
          "The Makah",
          "The Ozette"
        ],
        "format": "Dissertation",
        "publishDate": "1983",
        "building": [
          "Olympic National Park (OLYM)"
        ],
        "Title": "Ethnobotany of the Makah and Ozette People, Olympic National Park",
        "Link": "https://irma.nps.gov/DataStore/Reference/Profile/41732"
      },
      "geometry": {
        "type": "Point",
        "coordinates": [-123.6996, 47.7886]
      }
    },
    {
      "type": "Feature",
      "properties": {
        "id": "irma-579946",
        "institution": [
          "National Park Service (NPS)"
        ],
        "collection": [
          "NPS - IRMA"
        ],
        "topic": [
          "Arctic",
          "Brood Ecology",
          "Cackling Canada Geese",
          "Feeding Ecology",
          "Nutrition",
          "Thesis"
        ],
        "format": "Dissertation",
        "publishDate": "1983",
        "building": [
          "Arctic Network (ARCN)",
          "Bering Land Bridge National Preserve (BELA)",
          "Cape Krusenstern National Monument (CAKR)",
          "Gates of the Arctic National Park and Preserve (GAAR)",
          "Kobuk Valley National Park (KOVA)",
          "Noatak National Preserve (NOAT)"
        ],
        "Title": "Foraging ecology of cackling geese during brood rearing",
        "Link": "https://irma.nps.gov/DataStore/Reference/Profile/579946"
      },
      "geometry": {
        "type": "MultiPoint",
        "coordinates": [
          [-165.1266, 66.2151],
          [-163.4533, 67.4268],
          [-153.3869, 67.869],
          [-159.0631, 67.2802],
          [-159.3945, 68.1814]
        ]
      }
    },
    {
      "type": "Feature",
      "properties": {
        "id": "irma-52434",
        "institution": [
          "National Park Service (NPS)"
        ],
        "collection": [
          "NPS - IRMA"
        ],
        "topic": [
          "Geochemistry",
          "Haleakala Volcano HI",
          "Lava",
          "Mantle",
          "Mau`i HI",
          "Petrology",
          "Physical Sciences",
          "Volcanoes"
        ],
        "format": "Dissertation",
        "publishDate": "1983",
        "building": [
          "Haleakala National Park (HALE)"
        ],
        "Title": "Geochemical and petrologic systematics in lavas from Haleakala Volcano, East Mau`i: implications for the evolution of Hawai`ian mantle",
        "Link": "https://irma.nps.gov/DataStore/Reference/Profile/52434"
      },
      "geometry": {
        "type": "Point",
        "coordinates": [-156.1471, 20.7045]
      }
    },
    {
      "type": "Feature",
      "properties": {
        "id": "irma-580089",
        "institution": [
          "National Park Service (NPS)"
        ],
        "collection": [
          "NPS - IRMA"
        ],
        "topic": [
          "Arc",
          "Arctic",
          "Arctic LTER Site",
          "Brooks Range Foothills",
          "Limnology",
          "Metals",
          "Nutrients",
          "Toolik Lake"
        ],
        "format": "Dissertation",
        "publishDate": "1983",
        "building": [
          "Arctic Network (ARCN)",
          "Bering Land Bridge National Preserve (BELA)",
          "Cape Krusenstern National Monument (CAKR)",
          "Gates of the Arctic National Park and Preserve (GAAR)",
          "Kobuk Valley National Park (KOVA)",
          "Noatak National Preserve (NOAT)"
        ],
        "Title": "Geochemistry of manganese, iron, and phosphorus in an arctic lake",
        "Link": "https://irma.nps.gov/DataStore/Reference/Profile/580089"
      },
      "geometry": {
        "type": "MultiPoint",
        "coordinates": [
          [-165.1266, 66.2151],
          [-163.4533, 67.4268],
          [-153.3869, 67.869],
          [-159.0631, 67.2802],
          [-159.3945, 68.1814]
        ]
      }
    },
    {
      "type": "Feature",
      "properties": {
        "id": "irma-61810",
        "institution": [
          "National Park Service (NPS)"
        ],
        "collection": [
          "NPS - IRMA"
        ],
        "topic": [
          "Atmospheric Sciences",
          "Climate Change",
          "Davis Creek",
          "Fossils",
          "Geology",
          "Holocene",
          "Icy Cape",
          "Malaspina Glacier district",
          "Munday Creek",
          "Paleobotany",
          "Paleontology",
          "Palynology",
          "Physical Sciences",
          "Pike Lakes",
          "Plant Studies",
          "Pollen records",
          "Situk River",
          "Slate Mesa",
          "Vegetation",
          "Watson Creek",
          "Wrangell-Saint Elias National Park and Preserve",
          "Wrangell-St. Elias National Park And Preserve"
        ],
        "format": "Dissertation",
        "publishDate": "1983",
        "building": [
          "Wrangell-St. Elias National Park and Preserve (WRST)"
        ],
        "Title": "Holocene vegetational history of the Malaspina Glacier district, Alaska",
        "Link": "https://irma.nps.gov/DataStore/Reference/Profile/61810"
      },
      "geometry": {
        "type": "Point",
        "coordinates": [-142.1319, 60.6918]
      }
    },
    {
      "type": "Feature",
      "properties": {
        "id": "irma-64461",
        "institution": [
          "National Park Service (NPS)"
        ],
        "collection": [
          "NPS - IRMA"
        ],
        "topic": [
          "Geology",
          "Physical Sciences",
          "Volcanoes",
          "Wrangell-Saint Elias National Park and Preserve",
          "Wrangell-St. Elias National Park And Preserve"
        ],
        "format": "Dissertation",
        "publishDate": "1983",
        "building": [
          "Wrangell-St. Elias National Park and Preserve (WRST)"
        ],
        "Title": "Increases and fluctuations in thermal activity at Mount Wrangell, Alaska",
        "Link": "https://irma.nps.gov/DataStore/Reference/Profile/64461"
      },
      "geometry": {
        "type": "Point",
        "coordinates": [-142.1319, 60.6918]
      }
    },
    {
      "type": "Feature",
      "properties": {
        "id": "irma-580236",
        "institution": [
          "National Park Service (NPS)"
        ],
        "collection": [
          "NPS - IRMA"
        ],
        "topic": [
          "Arctic",
          "Development Impacts",
          "Disturbance",
          "Habitats",
          "Uplands",
          "Wetlands"
        ],
        "format": "Dissertation",
        "publishDate": "1983",
        "building": [
          "Arctic Network (ARCN)",
          "Bering Land Bridge National Preserve (BELA)",
          "Cape Krusenstern National Monument (CAKR)",
          "Gates of the Arctic National Park and Preserve (GAAR)",
          "Kobuk Valley National Park (KOVA)",
          "Noatak National Preserve (NOAT)"
        ],
        "Title": "Long-term ecological consequences in tundra environments of the CANOL crude oil pipeline project, N. W. T., 1942-1945",
        "Link": "https://irma.nps.gov/DataStore/Reference/Profile/580236"
      },
      "geometry": {
        "type": "MultiPoint",
        "coordinates": [
          [-165.1266, 66.2151],
          [-163.4533, 67.4268],
          [-153.3869, 67.869],
          [-159.0631, 67.2802],
          [-159.3945, 68.1814]
        ]
      }
    },
    {
      "type": "Feature",
      "properties": {
        "id": "irma-580245",
        "institution": [
          "National Park Service (NPS)"
        ],
        "collection": [
          "NPS - IRMA"
        ],
        "topic": [
          "Cetaceans",
          "Identification",
          "Megaptera novaeangliae",
          "Migration",
          "Photographs",
          "Prince William Sound"
        ],
        "format": "Dissertation",
        "publishDate": "1983",
        "building": [
          "Glacier Bay National Park and Preserve (GLBA)",
          "Klondike Gold Rush National Historical Park (KLGO)",
          "Sitka National Historical Park (SITK)"
        ],
        "Title": "Migrations, abundance and behavior of Hawaiian humpback whales, Megaptera novaeangliae (Borowski)",
        "Link": "https://irma.nps.gov/DataStore/Reference/Profile/580245"
      },
      "geometry": {
        "type": "MultiPoint",
        "coordinates": [
          [-136.8654, 58.7004],
          [-135.2926, 59.6316],
          [-135.3156, 57.047]
        ]
      }
    },
    {
      "type": "Feature",
      "properties": {
        "id": "irma-646011",
        "institution": [
          "National Park Service (NPS)"
        ],
        "collection": [
          "NPS - IRMA"
        ],
        "topic": [
          "Chemical Analysis",
          "Geochemistry",
          "Isotopes",
          "Kauai",
          "Major Oxides",
          "Mantle",
          "Mineral",
          "Mineralogy",
          "Petrogenesis",
          "Petrology",
          "Rock",
          "Source",
          "Strontium (Sr)",
          "Trace Elements"
        ],
        "format": "Dissertation",
        "publishDate": "1983",
        "building": [
          "Hawaii Volcanoes National Park (HAVO)"
        ],
        "Title": "Mineralogy, petrology, and geochemistry of some unusually oxidized rocks from Kauai, Hawaii, and their entrained mantle xenoliths",
        "Link": "https://irma.nps.gov/DataStore/Reference/Profile/646011"
      },
      "geometry": {
        "type": "Point",
        "coordinates": [-155.4073, 19.235]
      }
    },
    {
      "type": "Feature",
      "properties": {
        "id": "irma-85004",
        "institution": [
          "National Park Service (NPS)"
        ],
        "collection": [
          "NPS - IRMA"
        ],
        "topic": [
          "Aquatic Sciences",
          "Wrangell-Saint Elias National Park and Preserve",
          "Wrangell-St. Elias National Park And Preserve"
        ],
        "format": "Dissertation",
        "publishDate": "1983",
        "building": [
          "Wrangell-St. Elias National Park and Preserve (WRST)"
        ],
        "Title": "Norian (Late Triassic) molluscs of Coldilleran allochthonous terranes: paleoecology and paleozoogeography",
        "Link": "https://irma.nps.gov/DataStore/Reference/Profile/85004"
      },
      "geometry": {
        "type": "Point",
        "coordinates": [-142.1319, 60.6918]
      }
    },
    {
      "type": "Feature",
      "properties": {
        "id": "irma-91519",
        "institution": [
          "National Park Service (NPS)"
        ],
        "collection": [
          "NPS - IRMA"
        ],
        "topic": [
          "Geology",
          "Physical Sciences",
          "Volcanoes",
          "Wrangell",
          "Wrangell-Saint Elias National Park and Preserve",
          "Wrangell-St. Elias National Park And Preserve"
        ],
        "format": "Dissertation",
        "publishDate": "1983",
        "building": [
          "Wrangell-St. Elias National Park and Preserve (WRST)"
        ],
        "Title": "Petrology and geochemistry of Okmok and Wrangell volcanoes, Alaska",
        "Link": "https://irma.nps.gov/DataStore/Reference/Profile/91519"
      },
      "geometry": {
        "type": "Point",
        "coordinates": [-142.1319, 60.6918]
      }
    },
    {
      "type": "Feature",
      "properties": {
        "id": "irma-97711",
        "institution": [
          "National Park Service (NPS)"
        ],
        "collection": [
          "NPS - IRMA"
        ],
        "topic": [
          "Diatoms",
          "Great Smoky Mountains National Park NC TN",
          "phytolithic communities",
          "Plant Studies"
        ],
        "format": "Dissertation",
        "publishDate": "1983",
        "building": [
          "Great Smoky Mountains National Park (GRSM)"
        ],
        "Title": "Primary Productivity and Structure of Phytolithic Communities in Streams in the Great Smoky Mountains National Park",
        "Link": "https://irma.nps.gov/DataStore/Reference/Profile/97711"
      },
      "geometry": {
        "type": "Point",
        "coordinates": [-83.5282, 35.5716]
      }
    },
    {
      "type": "Feature",
      "properties": {
        "id": "irma-604759",
        "institution": [
          "National Park Service (NPS)"
        ],
        "collection": [
          "NPS - IRMA"
        ],
        "topic": [
          "Denali National Park And Preserve",
          "Fossils",
          "Mount Mckinley National Park",
          "Mt. McKinley National Park",
          "Paleoecology",
          "Sediments",
          "Stratigraphy",
          "Surveys",
          "Vegetation"
        ],
        "format": "Dissertation",
        "publishDate": "1978",
        "building": [
          "Denali National Park and Preserve (DENA)"
        ],
        "Title": "Recent plant-macrofossils from the Alaska interior and their relation to late-glacial landscapes in Minnesota",
        "Link": "https://irma.nps.gov/DataStore/Reference/Profile/604759"
      },
      "geometry": {
        "type": "Point",
        "coordinates": [-150.6029, 63.3183]
      }
    },
    {
      "type": "Feature",
      "properties": {
        "id": "irma-646182",
        "institution": [
          "National Park Service (NPS)"
        ],
        "collection": [
          "NPS - IRMA"
        ],
        "topic": [
          "Age Dating",
          "Chemical Analysis",
          "Modeling",
          "Musicians seamounts",
          "Non-Seismic Geophysics",
          "Pacific Plate",
          "Paleomagnetism",
          "Submarine",
          "Tectonics"
        ],
        "format": "Dissertation",
        "publishDate": "1983",
        "building": [
          "Hawaii Volcanoes National Park (HAVO)"
        ],
        "Title": "Seamount paleomagnetism and Pacific Plate tectonics",
        "Link": "https://irma.nps.gov/DataStore/Reference/Profile/646182"
      },
      "geometry": {
        "type": "Point",
        "coordinates": [-155.4073, 19.235]
      }
    },
    {
      "type": "Feature",
      "properties": {
        "id": "irma-599804",
        "institution": [
          "National Park Service (NPS)"
        ],
        "collection": [
          "NPS - IRMA"
        ],
        "topic": [
          "Alaska",
          "Boreal Forest",
          "carbon exchange",
          "Interior",
          "Soil Temperature",
          "Soils",
          "Taiga",
          "Vascular Plants"
        ],
        "format": "Dissertation",
        "publishDate": "1983",
        "building": [
          "Denali National Park and Preserve (DENA)",
          "Wrangell-St. Elias National Park and Preserve (WRST)",
          "Yukon-Charley Rivers National Preserve (YUCH)"
        ],
        "Title": "Soil temperature effects on carbon exchange in taiga species of interior Alaska",
        "Link": "https://irma.nps.gov/DataStore/Reference/Profile/599804"
      },
      "geometry": {
        "type": "MultiPoint",
        "coordinates": [
          [-150.6029, 63.3183],
          [-142.1319, 60.6918],
          [-142.5708, 65.1668]
        ]
      }
    },
    {
      "type": "Feature",
      "properties": {
        "id": "irma-582756",
        "institution": [
          "National Park Service (NPS)"
        ],
        "collection": [
          "NPS - IRMA"
        ],
        "topic": [
          "Geology",
          "Glacier",
          "Glaciology"
        ],
        "format": "Dissertation",
        "publishDate": "1983",
        "building": [
          "Glacier Bay National Park and Preserve (GLBA)",
          "Southeast Alaska Network (SEAN)"
        ],
        "Title": "The Quaternary history of the Lituya glacial refugium, Alaska",
        "Link": "https://irma.nps.gov/DataStore/Reference/Profile/582756"
      },
      "geometry": {
        "type": "Point",
        "coordinates": [-136.8654, 58.7004]
      }
    },
    {
      "type": "Feature",
      "properties": {
        "id": "irma-580014",
        "institution": [
          "National Park Service (NPS)"
        ],
        "collection": [
          "NPS - IRMA"
        ],
        "topic": [
          "Abundance",
          "Density",
          "Diet",
          "Distribution",
          "Furbearers",
          "Habitat Use",
          "Home Range",
          "Mammals",
          "Marten",
          "Movements",
          "Population Ecology",
          "Prey Species",
          "Reproduction",
          "Subarctic"
        ],
        "format": "Dissertation",
        "publishDate": "1983",
        "building": [
          "Central Alaska Network (CAKN)",
          "Denali National Park and Preserve (DENA)",
          "Wrangell-St. Elias National Park and Preserve (WRST)",
          "Yukon-Charley Rivers National Preserve (YUCH)"
        ],
        "Title": "The ecology of marten in southcentral Alaska",
        "Link": "https://irma.nps.gov/DataStore/Reference/Profile/580014"
      },
      "geometry": {
        "type": "MultiPoint",
        "coordinates": [
          [-150.6029, 63.3183],
          [-142.1319, 60.6918],
          [-142.5708, 65.1668]
        ]
      }
    },
    {
      "type": "Feature",
      "properties": {
        "id": "irma-646260",
        "institution": [
          "National Park Service (NPS)"
        ],
        "collection": [
          "NPS - IRMA"
        ],
        "topic": [
          "Geochemistry",
          "Geology",
          "Hawaii (Big Island)",
          "Kilauea Volcano",
          "Ocean Floor Geology",
          "Petrology",
          "Sediment",
          "Submarine"
        ],
        "format": "Dissertation",
        "publishDate": "1983",
        "building": [
          "Hawaii Volcanoes National Park (HAVO)"
        ],
        "Title": "The origin and sedimentology of the Puna submarine canyon, Hawaii",
        "Link": "https://irma.nps.gov/DataStore/Reference/Profile/646260"
      },
      "geometry": {
        "type": "Point",
        "coordinates": [-155.4073, 19.235]
      }
    },
    {
      "type": "Feature",
      "properties": {
        "id": "irma-645884",
        "institution": [
          "National Park Service (NPS)"
        ],
        "collection": [
          "NPS - IRMA"
        ],
        "topic": [
          "Barium (Ba)",
          "Cesium (Cs)",
          "Chemical Analysis",
          "Chromium (Cr)",
          "Clinopyroxene",
          "Cobalt (Co)",
          "Garnet",
          "Geochemistry",
          "Hawaii (Big Island)",
          "Isotopes",
          "Kohala Volcano",
          "Magma",
          "Major Oxides",
          "Mantle",
          "Mineral",
          "Nickel (Ni)",
          "Olivine",
          "Partition Coefficient",
          "Petrogenesis",
          "Petrology",
          "Plagioclase",
          "Potassium (K)",
          "Rare Earth Elements",
          "Rheology",
          "Rock",
          "Rubidium (Rb)",
          "Source",
          "Spinel",
          "Strontium (Sr)",
          "Trace Elements",
          "Vanadium (V)",
          "Xenolith"
        ],
        "format": "Dissertation",
        "publishDate": "1982",
        "building": [
          "Hawaii Volcanoes National Park (HAVO)"
        ],
        "Title": "Aspects of the petrology of oceanic basalts: I. Geochemistry of Kohala Volcano, Hawaii; II. Petrochemistry of basalts associated with manganese ores from California; III. Rheology of subliquidus basalts and other silicate melts",
        "Link": "https://irma.nps.gov/DataStore/Reference/Profile/645884"
      },
      "geometry": {
        "type": "Point",
        "coordinates": [-155.4073, 19.235]
      }
    },
    {
      "type": "Feature",
      "properties": {
        "id": "irma-580243",
        "institution": [
          "National Park Service (NPS)"
        ],
        "collection": [
          "NPS - IRMA"
        ],
        "topic": [
          "Arctic",
          "Hydrology",
          "Lakes",
          "Mapping",
          "Remote Sensing",
          "Satellite"
        ],
        "format": "Dissertation",
        "publishDate": "1982",
        "building": [
          "Arctic Network (ARCN)",
          "Bering Land Bridge National Preserve (BELA)",
          "Cape Krusenstern National Monument (CAKR)",
          "Gates of the Arctic National Park and Preserve (GAAR)",
          "Kobuk Valley National Park (KOVA)",
          "Noatak National Preserve (NOAT)"
        ],
        "Title": "Bathymetry of Alaskan arctic lakes: a key to resource inventory with remote-sensing methods",
        "Link": "https://irma.nps.gov/DataStore/Reference/Profile/580243"
      },
      "geometry": {
        "type": "MultiPoint",
        "coordinates": [
          [-165.1266, 66.2151],
          [-163.4533, 67.4268],
          [-153.3869, 67.869],
          [-159.0631, 67.2802],
          [-159.3945, 68.1814]
        ]
      }
    },
    {
      "type": "Feature",
      "properties": {
        "id": "irma-30222",
        "institution": [
          "National Park Service (NPS)"
        ],
        "collection": [
          "NPS - IRMA"
        ],
        "topic": [
          "Physical Sciences",
          "Wrangell-Saint Elias National Park and Preserve",
          "Wrangell-St. Elias National Park And Preserve"
        ],
        "format": "Dissertation",
        "publishDate": "1982",
        "building": [
          "Wrangell-St. Elias National Park and Preserve (WRST)"
        ],
        "Title": "Deformation along a late Mesozoic convergent margin: the Border Ranges fault system, southern Alaska",
        "Link": "https://irma.nps.gov/DataStore/Reference/Profile/30222"
      },
      "geometry": {
        "type": "Point",
        "coordinates": [-142.1319, 60.6918]
      }
    },
    {
      "type": "Feature",
      "properties": {
        "id": "irma-52403",
        "institution": [
          "National Park Service (NPS)"
        ],
        "collection": [
          "NPS - IRMA"
        ],
        "topic": [
          "Physical Sciences",
          "Wrangell-Saint Elias National Park and Preserve",
          "Wrangell-St. Elias National Park And Preserve"
        ],
        "format": "Dissertation",
        "publishDate": "1982",
        "building": [
          "Wrangell-St. Elias National Park and Preserve (WRST)"
        ],
        "Title": "Geochemical and depositional environments of upper Mesozoic radiolarian cherts from the northeastern Pacific rim and from Pacific d[eep] s[ea] d[rilling] p[rogram] cores",
        "Link": "https://irma.nps.gov/DataStore/Reference/Profile/52403"
      },
      "geometry": {
        "type": "Point",
        "coordinates": [-142.1319, 60.6918]
      }
    },
    {
      "type": "Feature",
      "properties": {
        "id": "irma-645778",
        "institution": [
          "National Park Service (NPS)"
        ],
        "collection": [
          "NPS - IRMA"
        ],
        "topic": [
          "Barium (Ba)",
          "Chemical Analysis",
          "Chromium (Cr)",
          "Cobalt (Co)",
          "East Maui Volcano",
          "Geochemistry",
          "Hafnium (Hf)",
          "Haleakala Volcano",
          "Isotopes",
          "Major Oxides",
          "Mantle",
          "Mechanism",
          "Neodymium (Nd)",
          "Nickel (Ni)",
          "Niobium (Nb)",
          "Partial Melt",
          "Petrology",
          "Post-Shield Stage",
          "Potassium (K)",
          "Rare Earth Elements",
          "Rejuvenated Stage",
          "Rock",
          "Rubidium (Rb)",
          "Scandium (Sc)",
          "Shield Stage",
          "Source",
          "Strontium (Sr)",
          "Tantalum (Ta)",
          "Thorium (Th)",
          "Trace Elements",
          "Vanadium (V)",
          "Zinc (Zn)",
          "Zirconium (Zr)"
        ],
        "format": "Dissertation",
        "publishDate": "1982",
        "building": [
          "Haleakala National Park (HALE)",
          "Hawaii Volcanoes National Park (HAVO)"
        ],
        "Title": "Geochemical and petrologic systematics in lavas from Haleakala Volcano, East Maui: implications for the evolution of Hawaiian mantle",
        "Link": "https://irma.nps.gov/DataStore/Reference/Profile/645778"
      },
      "geometry": {
        "type": "MultiPoint",
        "coordinates": [
          [-156.1471, 20.7045],
          [-155.4073, 19.235]
        ]
      }
    },
    {
      "type": "Feature",
      "properties": {
        "id": "irma-508607",
        "institution": [
          "National Park Service (NPS)"
        ],
        "collection": [
          "NPS - IRMA"
        ],
        "topic": [
          "Alaska",
          "C 14",
          "Geology",
          "Geomorphology",
          "Glacial Geology",
          "glacial lakes",
          "Glaciation",
          "Glacier Bay",
          "Glacier Bay National Park and Preserve AK",
          "glaciolacustrine environment",
          "glaciolacustrine sedimentation",
          "Glaciology",
          "GLBA",
          "Holocene",
          "Ice",
          "ice movement",
          "lacustrine sedimentation",
          "lake sediments",
          "Monographic",
          "neoglacial",
          "Paleomagnetism",
          "Planar Bedding Structures",
          "Processes",
          "Quaternary",
          "Sediment",
          "Sedimentary Structures",
          "Sedimentation",
          "Thesis",
          "United States",
          "Upper Holocene",
          "varves",
          "Western U.S."
        ],
        "format": "Dissertation",
        "publishDate": "1982",
        "building": [
          "Glacier Bay National Park and Preserve (GLBA)"
        ],
        "Title": "Neoglacial lacustrine sedimentation and ice advance, Glacier Bay, Alaska",
        "Link": "https://irma.nps.gov/DataStore/Reference/Profile/508607"
      },
      "geometry": {
        "type": "Point",
        "coordinates": [-136.8654, 58.7004]
      }
    },
    {
      "type": "Feature",
      "properties": {
        "id": "irma-94495",
        "institution": [
          "National Park Service (NPS)"
        ],
        "collection": [
          "NPS - IRMA"
        ],
        "topic": [
          "Great Smoky Mountains National Park NC TN"
        ],
        "format": "Dissertation",
        "publishDate": "1982",
        "building": [
          "Great Smoky Mountains National Park (GRSM)"
        ],
        "Title": "Population biology of Mycophagous drosophilidae in the eastern United States",
        "Link": "https://irma.nps.gov/DataStore/Reference/Profile/94495"
      },
      "geometry": {
        "type": "Point",
        "coordinates": [-83.5282, 35.5716]
      }
    },
    {
      "type": "Feature",
      "properties": {
        "id": "irma-338630",
        "institution": [
          "National Park Service (NPS)"
        ],
        "collection": [
          "NPS - IRMA"
        ],
        "topic": [
          "Birds (Aves)",
          "cavity-nesting",
          "Distribution",
          "Ecology",
          "Population Density",
          "snags",
          "western larch-Douglas fir forest"
        ],
        "format": "Dissertation",
        "publishDate": "1977",
        "building": [
          "Glacier National Park (GLAC)"
        ],
        "Title": "Relationships between hole-nesting birds, forest snags, and decay in western Larch-Douglas-Fir forests of the northern Rocky Mountains",
        "Link": "https://irma.nps.gov/DataStore/Reference/Profile/338630"
      },
      "geometry": {
        "type": "Point",
        "coordinates": [-113.8587, 48.7468]
      }
    },
    {
      "type": "Feature",
      "properties": {
        "id": "irma-44184",
        "institution": [
          "National Park Service (NPS)"
        ],
        "collection": [
          "NPS - IRMA"
        ],
        "topic": [
          "Animal Studies",
          "Birds (Aves)",
          "black drongo (Dicrurus macrocercus)",
          "drongo (Dicruridae)",
          "Ecology",
          "Feeding",
          "Guam"
        ],
        "format": "Dissertation",
        "publishDate": "1982",
        "building": [
          "War in the Pacific National Historical Park (WAPA)"
        ],
        "Title": "The feeding ecology of the black drongo Dicrurus macrocercus on Guam",
        "Link": "https://irma.nps.gov/DataStore/Reference/Profile/44184"
      },
      "geometry": {
        "type": "Point",
        "coordinates": [144.6534, 13.3896]
      }
    },
    {
      "type": "Feature",
      "properties": {
        "id": "irma-37593",
        "institution": [
          "National Park Service (NPS)"
        ],
        "collection": [
          "NPS - IRMA"
        ],
        "topic": [
          "Great Smoky Mountains National Park NC TN"
        ],
        "format": "Dissertation",
        "publishDate": "1982",
        "building": [
          "Great Smoky Mountains National Park (GRSM)"
        ],
        "Title": "The effects of environmental complexity on community structure in woodland centipedes",
        "Link": "https://irma.nps.gov/DataStore/Reference/Profile/37593"
      },
      "geometry": {
        "type": "Point",
        "coordinates": [-83.5282, 35.5716]
      }
    },
    {
      "type": "Feature",
      "properties": {
        "id": "irma-645981",
        "institution": [
          "National Park Service (NPS)"
        ],
        "collection": [
          "NPS - IRMA"
        ],
        "topic": [
          "1959",
          "Controlled source electromagnetic",
          "Cross-Section",
          "Hawaii (Big Island)",
          "Hydrology",
          "Kilauea Iki",
          "Kilauea Volcano",
          "Lava Lake",
          "Non-Seismic Geophysics"
        ],
        "format": "Dissertation",
        "publishDate": "1982",
        "building": [
          "Hawaii Volcanoes National Park (HAVO)"
        ],
        "Title": "The subsurface resistivity structure of Kilauea Volcano, Hawaii",
        "Link": "https://irma.nps.gov/DataStore/Reference/Profile/645981"
      },
      "geometry": {
        "type": "Point",
        "coordinates": [-155.4073, 19.235]
      }
    },
    {
      "type": "Feature",
      "properties": {
        "id": "irma-16770",
        "institution": [
          "National Park Service (NPS)"
        ],
        "collection": [
          "NPS - IRMA"
        ],
        "topic": [
          "Hawai`i",
          "Plant Studies",
          "Shrubs",
          "Tetramolopium",
          "Threatened & Endangered Species"
        ],
        "format": "Dissertation",
        "publishDate": "1981",
        "building": [
          "Haleakala National Park (HALE)"
        ],
        "Title": "A biosystematic study of Hawai`ian Tetramolopium (Compositae: Astereae)",
        "Link": "https://irma.nps.gov/DataStore/Reference/Profile/16770"
      },
      "geometry": {
        "type": "Point",
        "coordinates": [-156.1471, 20.7045]
      }
    },
    {
      "type": "Feature",
      "properties": {
        "id": "irma-580157",
        "institution": [
          "National Park Service (NPS)"
        ],
        "collection": [
          "NPS - IRMA"
        ],
        "topic": [
          "Cetaceans",
          "Dall's porpoise",
          "finback whale",
          "Gray Whale",
          "harbor porpoise",
          "Humpback Whale",
          "Killer Whale",
          "Life History",
          "Marine Mammals",
          "minke whale",
          "Pacific White-sided Dolphin",
          "Population Size",
          "Prince William Sound",
          "Status"
        ],
        "format": "Dissertation",
        "publishDate": "1981",
        "building": [
          "Glacier Bay National Park and Preserve (GLBA)",
          "Klondike Gold Rush National Historical Park (KLGO)",
          "Sitka National Historical Park (SITK)"
        ],
        "Title": "Aspects of the natural history of cetaceans of Prince William Sound, Alaska",
        "Link": "https://irma.nps.gov/DataStore/Reference/Profile/580157"
      },
      "geometry": {
        "type": "MultiPoint",
        "coordinates": [
          [-136.8654, 58.7004],
          [-135.2926, 59.6316],
          [-135.3156, 57.047]
        ]
      }
    },
    {
      "type": "Feature",
      "properties": {
        "id": "irma-336381",
        "institution": [
          "National Park Service (NPS)"
        ],
        "collection": [
          "NPS - IRMA"
        ],
        "topic": [
          "psychology"
        ],
        "format": "Dissertation",
        "publishDate": "1981",
        "building": [
          "Glacier National Park (GLAC)"
        ],
        "Title": "Cognitive representations of the natural environment",
        "Link": "https://irma.nps.gov/DataStore/Reference/Profile/336381"
      },
      "geometry": {
        "type": "Point",
        "coordinates": [-113.8587, 48.7468]
      }
    },
    {
      "type": "Feature",
      "properties": {
        "id": "irma-579883",
        "institution": [
          "National Park Service (NPS)"
        ],
        "collection": [
          "NPS - IRMA"
        ],
        "topic": [
          "Arc",
          "Arctic",
          "Arctic Grayling",
          "Arctic LTER Site",
          "Brooks Range Foothills",
          "Fish",
          "Foraging",
          "Invertebrates",
          "Lake Trout",
          "Limnology",
          "Phytoplankton",
          "Toolik Lake",
          "Vegetation",
          "Zooplankton"
        ],
        "format": "Dissertation",
        "publishDate": "1981",
        "building": [
          "Arctic Network (ARCN)",
          "Bering Land Bridge National Preserve (BELA)",
          "Cape Krusenstern National Monument (CAKR)",
          "Gates of the Arctic National Park and Preserve (GAAR)",
          "Kobuk Valley National Park (KOVA)",
          "Noatak National Preserve (NOAT)"
        ],
        "Title": "Control of epilithic community structure in an arctic lake by vertebrate predation and invertebrate grazing",
        "Link": "https://irma.nps.gov/DataStore/Reference/Profile/579883"
      },
      "geometry": {
        "type": "MultiPoint",
        "coordinates": [
          [-165.1266, 66.2151],
          [-163.4533, 67.4268],
          [-153.3869, 67.869],
          [-159.0631, 67.2802],
          [-159.3945, 68.1814]
        ]
      }
    },
    {
      "type": "Feature",
      "properties": {
        "id": "irma-337241",
        "institution": [
          "National Park Service (NPS)"
        ],
        "collection": [
          "NPS - IRMA"
        ],
        "topic": [
          "Animal Studies",
          "Grizzly Bear (Ursus arctos)",
          "Mission Mountains MT"
        ],
        "format": "Dissertation",
        "publishDate": "1981",
        "building": [
          "Glacier National Park (GLAC)"
        ],
        "Title": "Grizzly bear ecology and management in the Mission Mountains, Montana",
        "Link": "https://irma.nps.gov/DataStore/Reference/Profile/337241"
      },
      "geometry": {
        "type": "Point",
        "coordinates": [-113.8587, 48.7468]
      }
    },
    {
      "type": "Feature",
      "properties": {
        "id": "irma-338523",
        "institution": [
          "National Park Service (NPS)"
        ],
        "collection": [
          "NPS - IRMA"
        ],
        "topic": [
          "Cenozoic",
          "Geomorphology",
          "Glacial Deposits",
          "Physical Sciences",
          "Soil Formation",
          "Soils",
          "Stratigraphy",
          "Waterton Lakes National Park Alberta Canada"
        ],
        "format": "Dissertation",
        "publishDate": "1981",
        "building": [
          "Glacier National Park (GLAC)"
        ],
        "Title": "Late cenozoic soils of the Glacier and Waterton parks area, northwestern Montana and southwestern Alberta, and paleoclimatic implications",
        "Link": "https://irma.nps.gov/DataStore/Reference/Profile/338523"
      },
      "geometry": {
        "type": "Point",
        "coordinates": [-113.8587, 48.7468]
      }
    },
    {
      "type": "Feature",
      "properties": {
        "id": "irma-88283",
        "institution": [
          "National Park Service (NPS)"
        ],
        "collection": [
          "NPS - IRMA"
        ],
        "topic": [
          "Basalts",
          "Crust (Earth's)",
          "Granite",
          "Kilauea Volcano HI",
          "Magma",
          "Physical Sciences",
          "Tholeiites"
        ],
        "format": "Dissertation",
        "publishDate": "1981",
        "building": [
          "Hawaii Volcanoes National Park (HAVO)"
        ],
        "Title": "Origin of granitic rocks in oceanic crust: an experimental study",
        "Link": "https://irma.nps.gov/DataStore/Reference/Profile/88283"
      },
      "geometry": {
        "type": "Point",
        "coordinates": [-155.4073, 19.235]
      }
    },
    {
      "type": "Feature",
      "properties": {
        "id": "irma-88665",
        "institution": [
          "National Park Service (NPS)"
        ],
        "collection": [
          "NPS - IRMA"
        ],
        "topic": [
          "Physical Sciences",
          "scour channel"
        ],
        "format": "Dissertation",
        "publishDate": "1981",
        "building": [
          "Pictured Rocks National Lakeshore (PIRO)"
        ],
        "Title": "Outlet Channels for the Post-Duluth Lakes in the Upper Peninsula of Michigan",
        "Link": "https://irma.nps.gov/DataStore/Reference/Profile/88665"
      },
      "geometry": {
        "type": "Point",
        "coordinates": [-86.3079, 46.5691]
      }
    },
    {
      "type": "Feature",
      "properties": {
        "id": "irma-646200",
        "institution": [
          "National Park Service (NPS)"
        ],
        "collection": [
          "NPS - IRMA"
        ],
        "topic": [
          "Chemical Analysis",
          "Chromite",
          "Experimental Studies",
          "Honolulu Volcanic Series",
          "Major Oxides",
          "Mantle",
          "Mechanism",
          "Mineral",
          "Oahu",
          "Olivine",
          "Petrology",
          "Source",
          "Xenolith"
        ],
        "format": "Dissertation",
        "publishDate": "1981",
        "building": [
          "Hawaii Volcanoes National Park (HAVO)"
        ],
        "Title": "Part 1, Petrology of the ultramafic xenoliths on the Koolau Shield, Oahu, Hawaii; part 2, Liquidus phase relations on the join anorthite-forsterite-silica at 10 kbar",
        "Link": "https://irma.nps.gov/DataStore/Reference/Profile/646200"
      },
      "geometry": {
        "type": "Point",
        "coordinates": [-155.4073, 19.235]
      }
    },
    {
      "type": "Feature",
      "properties": {
        "id": "irma-605901",
        "institution": [
          "National Park Service (NPS)"
        ],
        "collection": [
          "NPS - IRMA"
        ],
        "topic": [
          "Tanaina Athapaskan Indians"
        ],
        "format": "Dissertation",
        "publishDate": "1981",
        "building": [
          "Denali National Park and Preserve (DENA)"
        ],
        "Title": "Patterns of Upper Inlet Tanaina leadership, 1741-1918",
        "Link": "https://irma.nps.gov/DataStore/Reference/Profile/605901"
      },
      "geometry": {
        "type": "Point",
        "coordinates": [-150.6029, 63.3183]
      }
    },
    {
      "type": "Feature",
      "properties": {
        "id": "irma-119846",
        "institution": [
          "National Park Service (NPS)"
        ],
        "collection": [
          "NPS - IRMA"
        ],
        "topic": [
          "Physical Sciences",
          "Wrangell-Saint Elias National Park and Preserve",
          "Wrangell-St. Elias National Park And Preserve"
        ],
        "format": "Dissertation",
        "publishDate": "1981",
        "building": [
          "Wrangell-St. Elias National Park and Preserve (WRST)"
        ],
        "Title": "Structure and petrology of a portion of a regional thrust zone in the central Chugach Mountains, Alaska",
        "Link": "https://irma.nps.gov/DataStore/Reference/Profile/119846"
      },
      "geometry": {
        "type": "Point",
        "coordinates": [-142.1319, 60.6918]
      }
    },
    {
      "type": "Feature",
      "properties": {
        "id": "irma-119884",
        "institution": [
          "National Park Service (NPS)"
        ],
        "collection": [
          "NPS - IRMA"
        ],
        "topic": [
          "Great Smoky Mountains National Park NC TN"
        ],
        "format": "Dissertation",
        "publishDate": "1981",
        "building": [
          "Great Smoky Mountains National Park (GRSM)"
        ],
        "Title": "Structure of Blue Ridge thrust front, Tennessee, Southern Appalachians",
        "Link": "https://irma.nps.gov/DataStore/Reference/Profile/119884"
      },
      "geometry": {
        "type": "Point",
        "coordinates": [-83.5282, 35.5716]
      }
    },
    {
      "type": "Feature",
      "properties": {
        "id": "irma-645885",
        "institution": [
          "National Park Service (NPS)"
        ],
        "collection": [
          "NPS - IRMA"
        ],
        "topic": [
          "Hawaiian Archipelago",
          "Mechanism",
          "Weathering"
        ],
        "format": "Dissertation",
        "publishDate": "1981",
        "building": [
          "Hawaii Volcanoes National Park (HAVO)"
        ],
        "Title": "Surface weathering of rocks in semiarid regions and its importance for geologic remote sensing",
        "Link": "https://irma.nps.gov/DataStore/Reference/Profile/645885"
      },
      "geometry": {
        "type": "Point",
        "coordinates": [-155.4073, 19.235]
      }
    },
    {
      "type": "Feature",
      "properties": {
        "id": "irma-645956",
        "institution": [
          "National Park Service (NPS)"
        ],
        "collection": [
          "NPS - IRMA"
        ],
        "topic": [
          "1959",
          "Carbon Dioxide (CO2)",
          "Chemical Analysis",
          "Chlorine (Cl)",
          "Experimental Studies",
          "Geobarometry",
          "Geochemistry",
          "Geothermometry",
          "Glass",
          "Hawaii (Big Island)",
          "Kilauea East Rift Zone",
          "Kilauea Iki",
          "Kilauea Volcano",
          "Mantle",
          "Melt Inclusion",
          "Mineral",
          "Olivine",
          "Petrology",
          "Primary Magma",
          "Source",
          "Submarine",
          "Sulfur (S)",
          "Water (H2O)"
        ],
        "format": "Dissertation",
        "publishDate": "1981",
        "building": [
          "Hawaii Volcanoes National Park (HAVO)"
        ],
        "Title": "The concentrations of H2O, CO2, S, and Cl during pre-eruption crystallization of some mantle derived magmas: implications for magma genesis and eruption mechanisms",
        "Link": "https://irma.nps.gov/DataStore/Reference/Profile/645956"
      },
      "geometry": {
        "type": "Point",
        "coordinates": [-155.4073, 19.235]
      }
    },
    {
      "type": "Feature",
      "properties": {
        "id": "irma-646276",
        "institution": [
          "National Park Service (NPS)"
        ],
        "collection": [
          "NPS - IRMA"
        ],
        "topic": [
          "Cross-Section",
          "Crust",
          "Depth",
          "Gravity",
          "Hawaii (Big Island)",
          "Hualalai Volcano",
          "Kilauea Volcano",
          "Mantle",
          "Mauna Loa Volcano",
          "Mohorovicic Discontinuity",
          "Non-Seismic Geophysics",
          "Refraction",
          "Seismology"
        ],
        "format": "Dissertation",
        "publishDate": "1981",
        "building": [
          "Hawaii Volcanoes National Park (HAVO)"
        ],
        "Title": "The crustal structure of Kilauea and Mauna Loa Volcanoes, Hawaii, from seismic refraction and gravity data",
        "Link": "https://irma.nps.gov/DataStore/Reference/Profile/646276"
      },
      "geometry": {
        "type": "Point",
        "coordinates": [-155.4073, 19.235]
      }
    },
    {
      "type": "Feature",
      "properties": {
        "id": "irma-604968",
        "institution": [
          "National Park Service (NPS)"
        ],
        "collection": [
          "NPS - IRMA"
        ],
        "topic": [
          "Backcountry",
          "crowding",
          "Denali National Park And Preserve",
          "Hikers",
          "Katmai National Park And Preserve",
          "Mount Mckinley National Park",
          "Surveys",
          "Visitor Experience"
        ],
        "format": "Dissertation",
        "publishDate": "1981",
        "building": [
          "Denali National Park and Preserve (DENA)",
          "Katmai National Park and Preserve (KATM)"
        ],
        "Title": "The response of hikers to being in the presence of others : a study of crowding and social gatherings in Alaska's National Parks",
        "Link": "https://irma.nps.gov/DataStore/Reference/Profile/604968"
      },
      "geometry": {
        "type": "MultiPoint",
        "coordinates": [
          [-150.6029, 63.3183],
          [-154.8894, 58.5661]
        ]
      }
    },
    {
      "type": "Feature",
      "properties": {
        "id": "irma-94170",
        "institution": [
          "National Park Service (NPS)"
        ],
        "collection": [
          "NPS - IRMA"
        ],
        "topic": [
          "Great Smoky Mountains National Park NC TN"
        ],
        "format": "Dissertation",
        "publishDate": "1981",
        "building": [
          "Great Smoky Mountains National Park (GRSM)"
        ],
        "Title": "The politics of parklands: resource decision making in the National Park Service",
        "Link": "https://irma.nps.gov/DataStore/Reference/Profile/94170"
      },
      "geometry": {
        "type": "Point",
        "coordinates": [-83.5282, 35.5716]
      }
    },
    {
      "type": "Feature",
      "properties": {
        "id": "irma-579886",
        "institution": [
          "National Park Service (NPS)"
        ],
        "collection": [
          "NPS - IRMA"
        ],
        "topic": [
          "Arc",
          "Arctic",
          "Arctic LTER Site",
          "Brooks Range Foothills",
          "decomposers",
          "Invertebrates",
          "Limnology",
          "Phytoplankton",
          "Toolik Lake",
          "Vegetation",
          "Zooplankton"
        ],
        "format": "Dissertation",
        "publishDate": "1981",
        "building": [
          "Arctic Network (ARCN)",
          "Bering Land Bridge National Preserve (BELA)",
          "Cape Krusenstern National Monument (CAKR)",
          "Gates of the Arctic National Park and Preserve (GAAR)",
          "Kobuk Valley National Park (KOVA)",
          "Noatak National Preserve (NOAT)"
        ],
        "Title": "The processes and control of the microbial colonization and decomposition of plant litter in an arctic lake",
        "Link": "https://irma.nps.gov/DataStore/Reference/Profile/579886"
      },
      "geometry": {
        "type": "MultiPoint",
        "coordinates": [
          [-165.1266, 66.2151],
          [-163.4533, 67.4268],
          [-153.3869, 67.869],
          [-159.0631, 67.2802],
          [-159.3945, 68.1814]
        ]
      }
    },
    {
      "type": "Feature",
      "properties": {
        "id": "irma-61761",
        "institution": [
          "National Park Service (NPS)"
        ],
        "collection": [
          "NPS - IRMA"
        ],
        "topic": [
          "Alaska",
          "Environmental Analysis",
          "Fjords",
          "Geology",
          "Geomorphology",
          "Glacial Geology",
          "Glacier Bay",
          "Glaciers",
          "glaciomarine environment",
          "glaciomarine sedimentation",
          "Holocene",
          "Lithofacies",
          "Marine",
          "Processes",
          "Quaternary",
          "Sediment",
          "Sedimentation",
          "Sediments",
          "tidewater glaciers",
          "Western U.S."
        ],
        "format": "Dissertation",
        "publishDate": "1980",
        "building": [
          "Glacier Bay National Park and Preserve (GLBA)"
        ],
        "Title": "Holocene glacimarine sediment deposition by tidewater glaciers in Glacier Bay, Alaska",
        "Link": "https://irma.nps.gov/DataStore/Reference/Profile/61761"
      },
      "geometry": {
        "type": "Point",
        "coordinates": [-136.8654, 58.7004]
      }
    },
    {
      "type": "Feature",
      "properties": {
        "id": "irma-65825",
        "institution": [
          "National Park Service (NPS)"
        ],
        "collection": [
          "NPS - IRMA"
        ],
        "topic": [
          "Evolution",
          "Genetic",
          "Reproduction",
          "Seabird"
        ],
        "format": "Dissertation",
        "publishDate": "1980",
        "building": [
          "Glacier Bay National Park and Preserve (GLBA)"
        ],
        "Title": "Interbreeding and evolution in the Larus glaucenscens - Larus aggentatus complex on the south coast of Alaska",
        "Link": "https://irma.nps.gov/DataStore/Reference/Profile/65825"
      },
      "geometry": {
        "type": "Point",
        "coordinates": [-136.8654, 58.7004]
      }
    },
    {
      "type": "Feature",
      "properties": {
        "id": "irma-580080",
        "institution": [
          "National Park Service (NPS)"
        ],
        "collection": [
          "NPS - IRMA"
        ],
        "topic": [
          "Algae",
          "Community Ecology",
          "Food Habits",
          "Habitat Use",
          "Invertebrate",
          "Kelp",
          "Marine Invertebrates",
          "Marine Mammal",
          "Marine Mammals",
          "Nearshore",
          "Northern Gulf of Alaska",
          "Otter",
          "Sea Otter"
        ],
        "format": "Dissertation",
        "publishDate": "1980",
        "building": [
          "Glacier Bay National Park and Preserve (GLBA)",
          "Klondike Gold Rush National Historical Park (KLGO)",
          "Southeast Alaska Network (SEAN)",
          "Sitka National Historical Park (SITK)"
        ],
        "Title": "Kelp dominated communities: experimental studies on the relationships between sea urchins, their predators and their algal resources",
        "Link": "https://irma.nps.gov/DataStore/Reference/Profile/580080"
      },
      "geometry": {
        "type": "MultiPoint",
        "coordinates": [
          [-136.8654, 58.7004],
          [-135.2926, 59.6316],
          [-135.3156, 57.047]
        ]
      }
    },
    {
      "type": "Feature",
      "properties": {
        "id": "irma-645971",
        "institution": [
          "National Park Service (NPS)"
        ],
        "collection": [
          "NPS - IRMA"
        ],
        "topic": [
          "Age Dating",
          "Chemical Analysis",
          "Cross-Section",
          "Geology",
          "Geomorphology",
          "Hawaii (Big Island)",
          "Kilauea Volcano",
          "Lava coverage",
          "Legend",
          "Map",
          "Non-Seismic Geophysics",
          "Paleomagnetism",
          "Rate"
        ],
        "format": "Dissertation",
        "publishDate": "1980",
        "building": [
          "Hawaii Volcanoes National Park (HAVO)"
        ],
        "Title": "Kilauea Volcano, Hawaii: chronology and morphology of the surficial lava flows",
        "Link": "https://irma.nps.gov/DataStore/Reference/Profile/645971"
      },
      "geometry": {
        "type": "Point",
        "coordinates": [-155.4073, 19.235]
      }
    },
    {
      "type": "Feature",
      "properties": {
        "id": "irma-503038",
        "institution": [
          "National Park Service (NPS)"
        ],
        "collection": [
          "NPS - IRMA"
        ],
        "topic": [
          "basal",
          "basal sliding",
          "Bedrock",
          "coatings",
          "Geochemistry",
          "Geology",
          "Geomorphology",
          "Glacial Geology",
          "Glaciers",
          "ice movement",
          "Mechanism",
          "North America",
          "Pacific Coast",
          "Paradise Glacier",
          "Precipitation",
          "Processes",
          "Rocky Mountains",
          "silica",
          "sliding",
          "Temperate",
          "Washington",
          "Western U.S."
        ],
        "format": "Dissertation",
        "publishDate": "1975",
        "building": [
          "Glacier National Park (GLAC)",
          "Mount Rainier National Park (MORA)"
        ],
        "Title": "Nature and effects of chemical processes at the base of temperate glaciers",
        "Link": "https://irma.nps.gov/DataStore/Reference/Profile/503038"
      },
      "geometry": {
        "type": "MultiPoint",
        "coordinates": [
          [-113.8587, 48.7468],
          [-121.6826, 46.8656]
        ]
      }
    },
    {
      "type": "Feature",
      "properties": {
        "id": "irma-88109",
        "institution": [
          "National Park Service (NPS)"
        ],
        "collection": [
          "NPS - IRMA"
        ],
        "topic": [
          "Animal Studies",
          "Chemistry",
          "Coral",
          "Moloka`i HI"
        ],
        "format": "Dissertation",
        "publishDate": "1980",
        "building": [
          "Kalaupapa National Historical Park (KALA)"
        ],
        "Title": "Organic constituents of the deep-sea precious corals Gerardia and Corallium SPP",
        "Link": "https://irma.nps.gov/DataStore/Reference/Profile/88109"
      },
      "geometry": {
        "type": "Point",
        "coordinates": [-156.9565, 21.1558]
      }
    },
    {
      "type": "Feature",
      "properties": {
        "id": "irma-2243867",
        "institution": [
          "National Park Service (NPS)"
        ],
        "collection": [
          "NPS - IRMA"
        ],
        "topic": [
          "Ecology",
          "Environmental Impact",
          "Fire Ecology",
          "Grizzly Bear (Ursus arctos)",
          "Habitats",
          "Logging",
          "Montana (Northwestern)"
        ],
        "format": "Dissertation",
        "publishDate": "1980",
        "building": [
          "Glacier National Park (GLAC)"
        ],
        "Title": "The influence of logging and wildfire on grizzly bear habitat in northwestern Montana",
        "Link": "https://irma.nps.gov/DataStore/Reference/Profile/2243867"
      },
      "geometry": {
        "type": "Point",
        "coordinates": [-113.8587, 48.7468]
      }
    },
    {
      "type": "Feature",
      "properties": {
        "id": "irma-337113",
        "institution": [
          "National Park Service (NPS)"
        ],
        "collection": [
          "NPS - IRMA"
        ],
        "topic": [
          "Ecology",
          "Environmental Impact",
          "Fire Ecology",
          "Flathead National Forest MT",
          "Food Availability",
          "Grizzly Bear (Ursus arctos)",
          "Habitat Utilization",
          "Logging",
          "Mission Range Glacier National Park MT",
          "Roads"
        ],
        "format": "Dissertation",
        "publishDate": "1980",
        "building": [
          "Glacier National Park (GLAC)"
        ],
        "Title": "The influence of logging and wildfire on grizzly bear habitat in northwestern Montana",
        "Link": "https://irma.nps.gov/DataStore/Reference/Profile/337113"
      },
      "geometry": {
        "type": "Point",
        "coordinates": [-113.8587, 48.7468]
      }
    },
    {
      "type": "Feature",
      "properties": {
        "id": "irma-579878",
        "institution": [
          "National Park Service (NPS)"
        ],
        "collection": [
          "NPS - IRMA"
        ],
        "topic": [
          "Abundance",
          "Aquatic Insects",
          "Arc",
          "Arctic",
          "Arctic LTER Site",
          "Brooks Range Foothills",
          "Distribution",
          "freshwater zooplankton",
          "Invertebrates",
          "Limnology",
          "Toolik Lake"
        ],
        "format": "Dissertation",
        "publishDate": "1980",
        "building": [
          "Arctic Network (ARCN)",
          "Bering Land Bridge National Preserve (BELA)",
          "Cape Krusenstern National Monument (CAKR)",
          "Gates of the Arctic National Park and Preserve (GAAR)",
          "Kobuk Valley National Park (KOVA)",
          "Noatak National Preserve (NOAT)"
        ],
        "Title": "The population ecology of some Arctic Alaskan Chironomidae",
        "Link": "https://irma.nps.gov/DataStore/Reference/Profile/579878"
      },
      "geometry": {
        "type": "MultiPoint",
        "coordinates": [
          [-165.1266, 66.2151],
          [-163.4533, 67.4268],
          [-153.3869, 67.869],
          [-159.0631, 67.2802],
          [-159.3945, 68.1814]
        ]
      }
    },
    {
      "type": "Feature",
      "properties": {
        "id": "irma-646289",
        "institution": [
          "National Park Service (NPS)"
        ],
        "collection": [
          "NPS - IRMA"
        ],
        "topic": [
          "1975-11-29",
          "Earthquake",
          "Hawaii (Big Island)",
          "Kilauea South Flank",
          "Kilauea Volcano",
          "Method",
          "Precursor",
          "Seismology"
        ],
        "format": "Dissertation",
        "publishDate": "1979",
        "building": [
          "Hawaii Volcanoes National Park (HAVO)"
        ],
        "Title": "An investigation of temporal P-velocity variation using travel time residuals at Hawaii and selected Circum-Pacific sites",
        "Link": "https://irma.nps.gov/DataStore/Reference/Profile/646289"
      },
      "geometry": {
        "type": "Point",
        "coordinates": [-155.4073, 19.235]
      }
    },
    {
      "type": "Feature",
      "properties": {
        "id": "irma-645838",
        "institution": [
          "National Park Service (NPS)"
        ],
        "collection": [
          "NPS - IRMA"
        ],
        "topic": [
          "Fissure",
          "fracture",
          "Hawaii (Big Island)",
          "Kilauea Volcano",
          "Map",
          "Tectonics",
          "vent"
        ],
        "format": "Dissertation",
        "publishDate": "1979",
        "building": [
          "Hawaii Volcanoes National Park (HAVO)"
        ],
        "Title": "Analyse morpho-structurale et surveillance tectonique d'un volcan actif: exemple du Kilauea, Hawaii",
        "Link": "https://irma.nps.gov/DataStore/Reference/Profile/645838"
      },
      "geometry": {
        "type": "Point",
        "coordinates": [-155.4073, 19.235]
      }
    },
    {
      "type": "Feature",
      "properties": {
        "id": "irma-564920",
        "institution": [
          "National Park Service (NPS)"
        ],
        "collection": [
          "NPS - IRMA"
        ],
        "topic": [
          "Arctic",
          "Ecology (Terrestrial)",
          "Germination",
          "Plant Communities (Vegetation)",
          "Seed Dispersal",
          "seed ecology",
          "Subarctic",
          "Taiga",
          "Terrestrial Ecology",
          "Tundra",
          "Vegetation"
        ],
        "format": "Dissertation",
        "publishDate": "1979",
        "building": [
          "Bering Land Bridge National Preserve (BELA)",
          "Cape Krusenstern National Monument (CAKR)",
          "Denali National Park and Preserve (DENA)",
          "Gates of the Arctic National Park and Preserve (GAAR)",
          "Kobuk Valley National Park (KOVA)",
          "Noatak National Preserve (NOAT)",
          "Wrangell-St. Elias National Park and Preserve (WRST)",
          "Yukon-Charley Rivers National Preserve (YUCH)"
        ],
        "Title": "Aspects of the seed ecology of woody plants of the Alaskan taiga and tundra",
        "Link": "https://irma.nps.gov/DataStore/Reference/Profile/564920"
      },
      "geometry": {
        "type": "MultiPoint",
        "coordinates": [
          [-165.1266, 66.2151],
          [-163.4533, 67.4268],
          [-150.6029, 63.3183],
          [-153.3869, 67.869],
          [-159.0631, 67.2802],
          [-159.3945, 68.1814],
          [-142.1319, 60.6918],
          [-142.5708, 65.1668]
        ]
      }
    },
    {
      "type": "Feature",
      "properties": {
        "id": "irma-526322",
        "institution": [
          "National Park Service (NPS)"
        ],
        "collection": [
          "NPS - IRMA"
        ],
        "topic": [
          "asymmetric folds",
          "Atlin",
          "British Columbia",
          "Canada",
          "Controls",
          "Evolution",
          "Folds",
          "KLGO",
          "Klondike Gold Rush National Historic Park AK",
          "Mesozoic",
          "Monographic",
          "plunging folds",
          "Sedimentation",
          "structural controls",
          "Structural Geology",
          "symmetric folds",
          "synclinoria",
          "systems",
          "tectonic controls",
          "Tectonics",
          "Thesis",
          "troughs",
          "Volcanism",
          "Western Canada",
          "Whitehorse Trough"
        ],
        "format": "Dissertation",
        "publishDate": "1979",
        "building": [
          "Glacier Bay National Park and Preserve (GLBA)",
          "Klondike Gold Rush National Historical Park (KLGO)"
        ],
        "Title": "Geology and tectonic history of the Whitehorse Trough west of Atlin, British Columbia",
        "Link": "https://irma.nps.gov/DataStore/Reference/Profile/526322"
      },
      "geometry": {
        "type": "MultiPoint",
        "coordinates": [
          [-136.8654, 58.7004],
          [-135.2926, 59.6316]
        ]
      }
    },
    {
      "type": "Feature",
      "properties": {
        "id": "irma-520360",
        "institution": [
          "National Park Service (NPS)"
        ],
        "collection": [
          "NPS - IRMA"
        ],
        "topic": [
          "Bluffs",
          "Dunes",
          "Eastern U.S.",
          "Erosion",
          "Geology",
          "Geomorphology",
          "Littoral Drift",
          "Long Island",
          "marine transport",
          "Nassau County",
          "New York",
          "Processes",
          "Provenance",
          "Sedimentation",
          "Sediments",
          "Shore Features",
          "Suffolk County",
          "terrain classification",
          "Transport"
        ],
        "format": "Dissertation",
        "publishDate": "1979",
        "building": [
          "Fire Island National Seashore (FIIS)",
          "Sagamore Hill National Historic Site (SAHI)"
        ],
        "Title": "Geomorphology and littoral processes between Jones Beach and Montauk Point, Long Island, New York",
        "Link": "https://irma.nps.gov/DataStore/Reference/Profile/520360"
      },
      "geometry": {
        "type": "MultiPoint",
        "coordinates": [
          [-72.9943, 40.6918],
          [-73.4966, 40.8857]
        ]
      }
    },
    {
      "type": "Feature",
      "properties": {
        "id": "irma-173630",
        "institution": [
          "National Park Service (NPS)"
        ],
        "collection": [
          "NPS - IRMA"
        ],
        "topic": [
          "Alaska",
          "Animal Studies",
          "Forest Succession",
          "Forestry",
          "habitat responses",
          "Mammals",
          "microtine rodents",
          "Plant Communities"
        ],
        "format": "Dissertation",
        "publishDate": "1979",
        "building": [
          "Wrangell-St. Elias National Park and Preserve (WRST)"
        ],
        "Title": "Habitat responses of microtine rodents to central Alaskan forest succession",
        "Link": "https://irma.nps.gov/DataStore/Reference/Profile/173630"
      },
      "geometry": {
        "type": "Point",
        "coordinates": [-142.1319, 60.6918]
      }
    },
    {
      "type": "Feature",
      "properties": {
        "id": "irma-580081",
        "institution": [
          "National Park Service (NPS)"
        ],
        "collection": [
          "NPS - IRMA"
        ],
        "topic": [
          "Abundance",
          "Age",
          "Ecosystem",
          "Marine",
          "Olsen Bay",
          "Oncorhynchus keta",
          "Prince William Sound",
          "Temperature"
        ],
        "format": "Dissertation",
        "publishDate": "1979",
        "building": [
          "Central Alaska Network (CAKN)",
          "Glacier Bay National Park and Preserve (GLBA)",
          "Klondike Gold Rush National Historical Park (KLGO)",
          "Sitka National Historical Park (SITK)"
        ],
        "Title": "Influence of marine environment on age and size at maturity, growth, and abundance of chum salmon, Oncorhynchus keta (Walbaum), from Olsen Creek, Prince William Sound, Alaska",
        "Link": "https://irma.nps.gov/DataStore/Reference/Profile/580081"
      },
      "geometry": {
        "type": "MultiPoint",
        "coordinates": [
          [-136.8654, 58.7004],
          [-135.2926, 59.6316],
          [-135.3156, 57.047]
        ]
      }
    },
    {
      "type": "Feature",
      "properties": {
        "id": "irma-646081",
        "institution": [
          "National Park Service (NPS)"
        ],
        "collection": [
          "NPS - IRMA"
        ],
        "topic": [
          "Honolulu Volcanic Series",
          "Low-Velocity Zone",
          "Magma Transport",
          "Mantle",
          "Mechanism",
          "Mineralogy",
          "Oahu",
          "Parent Magma",
          "Partial Melt",
          "Petrology",
          "Source"
        ],
        "format": "Dissertation",
        "publishDate": "1979",
        "building": [
          "Hawaii Volcanoes National Park (HAVO)"
        ],
        "Title": "Petrogenesis of nephelinites and melilite nephelinites fron Oahu, Hawaii",
        "Link": "https://irma.nps.gov/DataStore/Reference/Profile/646081"
      },
      "geometry": {
        "type": "Point",
        "coordinates": [-155.4073, 19.235]
      }
    },
    {
      "type": "Feature",
      "properties": {
        "id": "irma-645882",
        "institution": [
          "National Park Service (NPS)"
        ],
        "collection": [
          "NPS - IRMA"
        ],
        "topic": [
          "Cross-Section",
          "Crust",
          "Earthquake",
          "Hawaii (Big Island)",
          "Hawaiian Archipelago",
          "Loihi",
          "Mantle",
          "Map",
          "Maui",
          "Mechanism",
          "Method",
          "Molokai",
          "Oahu",
          "Seismicity",
          "Seismology",
          "Submarine",
          "Velocity Structure"
        ],
        "format": "Dissertation",
        "publishDate": "1979",
        "building": [
          "Hawaii Volcanoes National Park (HAVO)"
        ],
        "Title": "Seismotectonics and velocity structure of the southeastern Hawaiian Ridge",
        "Link": "https://irma.nps.gov/DataStore/Reference/Profile/645882"
      },
      "geometry": {
        "type": "Point",
        "coordinates": [-155.4073, 19.235]
      }
    },
    {
      "type": "Feature",
      "properties": {
        "id": "irma-2190761",
        "institution": [
          "National Park Service (NPS)"
        ],
        "collection": [
          "NPS - IRMA"
        ],
        "topic": [
          "arrays",
          "body waves",
          "Crust",
          "Earthquakes",
          "Elastic Waves",
          "explosions",
          "Geophysical Methods",
          "Great Lakes region",
          "Interpretation",
          "Midwest",
          "Minnesota",
          "P waves",
          "Rayleigh Waves",
          "Refraction",
          "S waves",
          "seismic methods",
          "seismographs",
          "Seismology",
          "Structure",
          "surface waves",
          "teleseismic signals",
          "Velocity Structure"
        ],
        "format": "Dissertation",
        "publishDate": "1979",
        "building": [
          "Saint Croix National Scenic Riverway (SACN)"
        ],
        "Title": "Studies with a small seismic array in east-central Minnesota",
        "Link": "https://irma.nps.gov/DataStore/Reference/Profile/2190761"
      },
      "geometry": {
        "type": "Point",
        "coordinates": [-92.0174, 46.0293]
      }
    },
    {
      "type": "Feature",
      "properties": {
        "id": "irma-16771",
        "institution": [
          "National Park Service (NPS)"
        ],
        "collection": [
          "NPS - IRMA"
        ],
        "topic": [
          "Great Smoky Mountains National Park NC TN"
        ],
        "format": "Dissertation",
        "publishDate": "1978",
        "building": [
          "Great Smoky Mountains National Park (GRSM)"
        ],
        "Title": "A biosystematic study of Sanicula section Sanicula",
        "Link": "https://irma.nps.gov/DataStore/Reference/Profile/16771"
      },
      "geometry": {
        "type": "Point",
        "coordinates": [-83.5282, 35.5716]
      }
    },
    {
      "type": "Feature",
      "properties": {
        "id": "irma-645931",
        "institution": [
          "National Park Service (NPS)"
        ],
        "collection": [
          "NPS - IRMA"
        ],
        "topic": [
          "Carbon Dioxide (CO2)",
          "Chemical Analysis",
          "Glass",
          "Hawaii (Big Island)",
          "Kilauea East Rift Zone",
          "Lava Flow",
          "Mechanism",
          "Ocean floor geochemistry",
          "Submarine"
        ],
        "format": "Dissertation",
        "publishDate": "1978",
        "building": [
          "Hawaii Volcanoes National Park (HAVO)"
        ],
        "Title": "A mass spectrometric investigation of the volatile content of deep submarine basalts",
        "Link": "https://irma.nps.gov/DataStore/Reference/Profile/645931"
      },
      "geometry": {
        "type": "Point",
        "coordinates": [-155.4073, 19.235]
      }
    },
    {
      "type": "Feature",
      "properties": {
        "id": "irma-645875",
        "institution": [
          "National Park Service (NPS)"
        ],
        "collection": [
          "NPS - IRMA"
        ],
        "topic": [
          "Hawaiian-Emperor Chain",
          "Hotspot",
          "Mechanism",
          "Pacific Plate",
          "Tectonics"
        ],
        "format": "Dissertation",
        "publishDate": "1978",
        "building": [
          "Hawaii Volcanoes National Park (HAVO)"
        ],
        "Title": "Age and tectonic relationships among volcanic chains on the Pacific Plate",
        "Link": "https://irma.nps.gov/DataStore/Reference/Profile/645875"
      },
      "geometry": {
        "type": "Point",
        "coordinates": [-155.4073, 19.235]
      }
    },
    {
      "type": "Feature",
      "properties": {
        "id": "irma-579877",
        "institution": [
          "National Park Service (NPS)"
        ],
        "collection": [
          "NPS - IRMA"
        ],
        "topic": [
          "Abundance",
          "Arc",
          "Arctic",
          "Arctic LTER Site",
          "Brooks Range Foothills",
          "Distribution",
          "freshwater zooplankton",
          "Invertebrates",
          "Limnology",
          "Toolik Lake",
          "vertical movements"
        ],
        "format": "Dissertation",
        "publishDate": "1978",
        "building": [
          "Arctic Network (ARCN)",
          "Bering Land Bridge National Preserve (BELA)",
          "Cape Krusenstern National Monument (CAKR)",
          "Gates of the Arctic National Park and Preserve (GAAR)",
          "Kobuk Valley National Park (KOVA)",
          "Noatak National Preserve (NOAT)"
        ],
        "Title": "Arctic investigations of some factors that control the vertical distributions and swimming activities of zooplankton",
        "Link": "https://irma.nps.gov/DataStore/Reference/Profile/579877"
      },
      "geometry": {
        "type": "MultiPoint",
        "coordinates": [
          [-165.1266, 66.2151],
          [-163.4533, 67.4268],
          [-153.3869, 67.869],
          [-159.0631, 67.2802],
          [-159.3945, 68.1814]
        ]
      }
    },
    {
      "type": "Feature",
      "properties": {
        "id": "irma-597772",
        "institution": [
          "National Park Service (NPS)"
        ],
        "collection": [
          "NPS - IRMA"
        ],
        "topic": [
          "Ciguatera",
          "Diplopsalis spp.",
          "fish poisoning",
          "South Pacific",
          "Western Samoa"
        ],
        "format": "Dissertation",
        "publishDate": "1978",
        "building": [
          "National Park of American Samoa (NPSA)",
          "Pacific Islands Network (PACN)"
        ],
        "Title": "Ciguatera in the South Pacific: An analysis of the impact of tropical fish poisoning on health and resource utilization in Pacific Island communities",
        "Link": "https://irma.nps.gov/DataStore/Reference/Profile/597772"
      },
      "geometry": {
        "type": "Point",
        "coordinates": [-170.689, -14.259]
      }
    },
    {
      "type": "Feature",
      "properties": {
        "id": "irma-338768",
        "institution": [
          "National Park Service (NPS)"
        ],
        "collection": [
          "NPS - IRMA"
        ],
        "topic": [
          "aluminum processing plant",
          "Atmospheric Sciences",
          "Columbia Falls MT",
          "conifers (Coniferophyta)",
          "Environmental Impact",
          "Fluoride",
          "Plant Studies"
        ],
        "format": "Dissertation",
        "publishDate": "1978",
        "building": [
          "Glacier National Park (GLAC)"
        ],
        "Title": "Fluroride induced impact on a coniferous forest near the Anaconda aluminum plant in northwestern Montana",
        "Link": "https://irma.nps.gov/DataStore/Reference/Profile/338768"
      },
      "geometry": {
        "type": "Point",
        "coordinates": [-113.8587, 48.7468]
      }
    },
    {
      "type": "Feature",
      "properties": {
        "id": "irma-646149",
        "institution": [
          "National Park Service (NPS)"
        ],
        "collection": [
          "NPS - IRMA"
        ],
        "topic": [
          "James Dwight Dana"
        ],
        "format": "Dissertation",
        "publishDate": "1978",
        "building": [
          "Hawaii Volcanoes National Park (HAVO)"
        ],
        "Title": "James Dwight Dana: the life and thought of an American scientist",
        "Link": "https://irma.nps.gov/DataStore/Reference/Profile/646149"
      },
      "geometry": {
        "type": "Point",
        "coordinates": [-155.4073, 19.235]
      }
    },
    {
      "type": "Feature",
      "properties": {
        "id": "irma-610039",
        "institution": [
          "National Park Service (NPS)"
        ],
        "collection": [
          "NPS - IRMA"
        ],
        "topic": [
          "Acid Precipitation",
          "AIRBIB",
          "Balsam Fir",
          "rain pH",
          "solution chemistry",
          "subalpine ecosystem"
        ],
        "format": "Dissertation",
        "publishDate": "1978",
        "building": [
          "Air Resources Division (ARD)"
        ],
        "Title": "Solution Chemistry of a New Hampshire Subalpine Ecosystem",
        "Link": "https://irma.nps.gov/DataStore/Reference/Profile/610039"
      },
      "geometry": {
        "type": "Point",
        "coordinates": [-105.0777, 39.6517]
      }
    },
    {
      "type": "Feature",
      "properties": {
        "id": "irma-580232",
        "institution": [
          "National Park Service (NPS)"
        ],
        "collection": [
          "NPS - IRMA"
        ],
        "topic": [
          "Arctic",
          "Coastal",
          "Erosion",
          "Geomorphology",
          "Marine",
          "Permafrost"
        ],
        "format": "Dissertation",
        "publishDate": "1978",
        "building": [
          "Arctic Network (ARCN)",
          "Bering Land Bridge National Preserve (BELA)",
          "Cape Krusenstern National Monument (CAKR)",
          "Gates of the Arctic National Park and Preserve (GAAR)",
          "Kobuk Valley National Park (KOVA)",
          "Noatak National Preserve (NOAT)"
        ],
        "Title": "The physical processes affecting the stability of tundra cliff coasts",
        "Link": "https://irma.nps.gov/DataStore/Reference/Profile/580232"
      },
      "geometry": {
        "type": "MultiPoint",
        "coordinates": [
          [-165.1266, 66.2151],
          [-163.4533, 67.4268],
          [-153.3869, 67.869],
          [-159.0631, 67.2802],
          [-159.3945, 68.1814]
        ]
      }
    },
    {
      "type": "Feature",
      "properties": {
        "id": "irma-645910",
        "institution": [
          "National Park Service (NPS)"
        ],
        "collection": [
          "NPS - IRMA"
        ],
        "topic": [
          "Hawaiian-Emperor Chain",
          "Hotspot",
          "Laysan Island",
          "Mechanism",
          "Mendocino fracture zone",
          "Murray Fracture Zone",
          "Pacific Plate",
          "Reflection",
          "Seismology",
          "Tectonics"
        ],
        "format": "Dissertation",
        "publishDate": "1978",
        "building": [
          "Hawaii Volcanoes National Park (HAVO)"
        ],
        "Title": "The interaction between primary basement structure and secondary crustal extrusion along the Hawaiian Ridge",
        "Link": "https://irma.nps.gov/DataStore/Reference/Profile/645910"
      },
      "geometry": {
        "type": "Point",
        "coordinates": [-155.4073, 19.235]
      }
    },
    {
      "type": "Feature",
      "properties": {
        "id": "irma-645874",
        "institution": [
          "National Park Service (NPS)"
        ],
        "collection": [
          "NPS - IRMA"
        ],
        "topic": [
          "Crust",
          "Hawaii (Big Island)",
          "Hawaiian-Emperor Chain",
          "Hotspot",
          "Mantle",
          "Mechanism",
          "Seismology",
          "Source",
          "Tomography",
          "Velocity Structure"
        ],
        "format": "Dissertation",
        "publishDate": "1978",
        "building": [
          "Hawaii Volcanoes National Park (HAVO)"
        ],
        "Title": "Three-dimensional structure of the crust and mantle beneath the island of Hawaii",
        "Link": "https://irma.nps.gov/DataStore/Reference/Profile/645874"
      },
      "geometry": {
        "type": "Point",
        "coordinates": [-155.4073, 19.235]
      }
    },
    {
      "type": "Feature",
      "properties": {
        "id": "irma-646218",
        "institution": [
          "National Park Service (NPS)"
        ],
        "collection": [
          "NPS - IRMA"
        ],
        "topic": [
          "Hawaiian-Emperor Chain",
          "Hotspot",
          "Mechanism",
          "Pacific Plate",
          "Refraction",
          "Seismology",
          "Tectonics"
        ],
        "format": "Dissertation",
        "publishDate": "1977",
        "building": [
          "Hawaii Volcanoes National Park (HAVO)"
        ],
        "Title": "Earth deformation in response to surface loading; application to the formation of the Hawaiian Ridge",
        "Link": "https://irma.nps.gov/DataStore/Reference/Profile/646218"
      },
      "geometry": {
        "type": "Point",
        "coordinates": [-155.4073, 19.235]
      }
    },
    {
      "type": "Feature",
      "properties": {
        "id": "irma-646156",
        "institution": [
          "National Park Service (NPS)"
        ],
        "collection": [
          "NPS - IRMA"
        ],
        "topic": [
          "Conductivity",
          "Electric",
          "Hawaiian Archipelago",
          "Hydrology",
          "Lava Flow",
          "Mantle",
          "Mechanism",
          "Non-Seismic Geophysics",
          "Partial Melt",
          "Physical Properties",
          "resistivity",
          "Seismology",
          "Source",
          "Xenolith"
        ],
        "format": "Dissertation",
        "publishDate": "1977",
        "building": [
          "Hawaii Volcanoes National Park (HAVO)"
        ],
        "Title": "Electrical and elastic properties of basalts and ultramafic rocks as function of saturation, pressure and temperature",
        "Link": "https://irma.nps.gov/DataStore/Reference/Profile/646156"
      },
      "geometry": {
        "type": "Point",
        "coordinates": [-155.4073, 19.235]
      }
    },
    {
      "type": "Feature",
      "properties": {
        "id": "irma-645988",
        "institution": [
          "National Park Service (NPS)"
        ],
        "collection": [
          "NPS - IRMA"
        ],
        "topic": [
          "Alteration",
          "Ash",
          "Glass",
          "Hawaii (Big Island)",
          "Kilauea Volcano",
          "Mauna Kea Volcano",
          "Mauna Loa Volcano",
          "Mechanism",
          "Mineralogy",
          "Pahala Ash",
          "Pedology"
        ],
        "format": "Dissertation",
        "publishDate": "1977",
        "building": [
          "Hawaii Volcanoes National Park (HAVO)"
        ],
        "Title": "Genesis and morphology of secondary products in selected volcanic ash soils from the island of Hawaii",
        "Link": "https://irma.nps.gov/DataStore/Reference/Profile/645988"
      },
      "geometry": {
        "type": "Point",
        "coordinates": [-155.4073, 19.235]
      }
    },
    {
      "type": "Feature",
      "properties": {
        "id": "irma-600428",
        "institution": [
          "National Park Service (NPS)"
        ],
        "collection": [
          "NPS - IRMA"
        ],
        "topic": [
          "habitat (snowshoe hare)",
          "Small Mammal",
          "Snowshoe Hare",
          "Subarctic",
          "Taiga"
        ],
        "format": "Dissertation",
        "publishDate": "1977",
        "building": [
          "Denali National Park and Preserve (DENA)",
          "Yukon-Charley Rivers National Preserve (YUCH)"
        ],
        "Title": "Habitat utilization of snowshoe hares (Lepus americanus) in interior Alaska",
        "Link": "https://irma.nps.gov/DataStore/Reference/Profile/600428"
      },
      "geometry": {
        "type": "MultiPoint",
        "coordinates": [
          [-150.6029, 63.3183],
          [-142.5708, 65.1668]
        ]
      }
    },
    {
      "type": "Feature",
      "properties": {
        "id": "irma-646008",
        "institution": [
          "National Park Service (NPS)"
        ],
        "collection": [
          "NPS - IRMA"
        ],
        "topic": [
          "Creep",
          "Engineering Geology",
          "Hazard",
          "Landslide",
          "Oahu",
          "Pedology",
          "Precursor"
        ],
        "format": "Dissertation",
        "publishDate": "1977",
        "building": [
          "Hawaii Volcanoes National Park (HAVO)"
        ],
        "Title": "Methods of detection and analysis of slope instability, southeast Oahu, Hawaii",
        "Link": "https://irma.nps.gov/DataStore/Reference/Profile/646008"
      },
      "geometry": {
        "type": "Point",
        "coordinates": [-155.4073, 19.235]
      }
    },
    {
      "type": "Feature",
      "properties": {
        "id": "irma-80598",
        "institution": [
          "National Park Service (NPS)"
        ],
        "collection": [
          "NPS - IRMA"
        ],
        "topic": [
          "Atmospheric Sciences",
          "fog",
          "Mauna Loa Volcano HI"
        ],
        "format": "Dissertation",
        "publishDate": "1977",
        "building": [
          "Hawaii Volcanoes National Park (HAVO)"
        ],
        "Title": "Mountain fog on Mauna Loa, Hawai`i",
        "Link": "https://irma.nps.gov/DataStore/Reference/Profile/80598"
      },
      "geometry": {
        "type": "Point",
        "coordinates": [-155.4073, 19.235]
      }
    },
    {
      "type": "Feature",
      "properties": {
        "id": "irma-114203",
        "institution": [
          "National Park Service (NPS)"
        ],
        "collection": [
          "NPS - IRMA"
        ],
        "topic": [
          "Alces alces",
          "Baseline Inventory",
          "Behavior",
          "Canis lupus",
          "Caribou",
          "Denali National Park And Preserve",
          "Moose (Alces alces)",
          "Mortality",
          "Mount Mckinley National Park",
          "Mt. McKinley National Park",
          "Predation",
          "Range",
          "Rangifer tarandus",
          "Reproduction",
          "Savage Wolf Pack",
          "Sheep",
          "Terrestrial Mammals",
          "Toklat Wolf Pack",
          "Wolves"
        ],
        "format": "Dissertation",
        "publishDate": "1977",
        "building": [
          "Denali National Park and Preserve (DENA)"
        ],
        "Title": "Socio-ecological dynamics of wolves and prey in a subarctic ecosystem",
        "Link": "https://irma.nps.gov/DataStore/Reference/Profile/114203"
      },
      "geometry": {
        "type": "Point",
        "coordinates": [-150.6029, 63.3183]
      }
    },
    {
      "type": "Feature",
      "properties": {
        "id": "irma-119448",
        "institution": [
          "National Park Service (NPS)"
        ],
        "collection": [
          "NPS - IRMA"
        ],
        "topic": [
          "Great Smoky Mountains National Park",
          "NC",
          "TN"
        ],
        "format": "Dissertation",
        "publishDate": "1972",
        "building": [
          "Great Smoky Mountains National Park (GRSM)"
        ],
        "Title": "Stratigraphy, structure, and metamorphism of the Eastern part of the Fontana Lake Reservoir, Great Smoky Mountains, North Carolina",
        "Link": "https://irma.nps.gov/DataStore/Reference/Profile/119448"
      },
      "geometry": {
        "type": "Point",
        "coordinates": [-83.5282, 35.5716]
      }
    },
    {
      "type": "Feature",
      "properties": {
        "id": "irma-67630",
        "institution": [
          "National Park Service (NPS)"
        ],
        "collection": [
          "NPS - IRMA"
        ],
        "topic": [
          "1959",
          "1971",
          "1974",
          "Carbon (C)",
          "Chemical Analysis",
          "Drilling Project",
          "Geochemistry",
          "Geothermal",
          "Hawaii (Big Island)",
          "Helium (He)",
          "Isotopes",
          "Kilauea East Rift Zone",
          "Kilauea Iki",
          "Kilauea Volcano HI",
          "Lava Lake",
          "Method",
          "Nitrogen (N)",
          "Oxygen (O)",
          "Physical Sciences",
          "Sulphur Bank",
          "Summit Caldera",
          "Volcanic Gas"
        ],
        "format": "Dissertation",
        "publishDate": "1977",
        "building": [
          "Hawaii Volcanoes National Park (HAVO)"
        ],
        "Title": "The isotopic profile of gases from the summit and flank of Kilauea Volcano",
        "Link": "https://irma.nps.gov/DataStore/Reference/Profile/67630"
      },
      "geometry": {
        "type": "Point",
        "coordinates": [-155.4073, 19.235]
      }
    },
    {
      "type": "Feature",
      "properties": {
        "id": "irma-520392",
        "institution": [
          "National Park Service (NPS)"
        ],
        "collection": [
          "NPS - IRMA"
        ],
        "topic": [
          "Atlantic Ocean",
          "Biodegradation",
          "biogenic structures",
          "bioturbation",
          "Connecticut",
          "Diagenesis",
          "Diffusion",
          "dissolution",
          "early diagenesis",
          "Eastern U.S.",
          "Geochemistry",
          "Geology",
          "Long Island Sound",
          "Marine Environment",
          "Metals",
          "migration of elements",
          "New England",
          "New York",
          "Northwest Atlantic",
          "Oceanography",
          "Pore water",
          "reworking",
          "Sedimentary Petrology",
          "Sedimentary Structures",
          "Sediments"
        ],
        "format": "Dissertation",
        "publishDate": "1977",
        "building": [
          "Fire Island National Seashore (FIIS)",
          "Gateway National Recreation Area (GATE)"
        ],
        "Title": "The influence of macrobenthos on chemical diagenesis of marine sediments",
        "Link": "https://irma.nps.gov/DataStore/Reference/Profile/520392"
      },
      "geometry": {
        "type": "MultiPoint",
        "coordinates": [
          [-72.9943, 40.6918],
          [-73.8609, 40.6187]
        ]
      }
    },
    {
      "type": "Feature",
      "properties": {
        "id": "irma-580238",
        "institution": [
          "National Park Service (NPS)"
        ],
        "collection": [
          "NPS - IRMA"
        ],
        "topic": [
          "Behavior",
          "Disturbance",
          "Gyrfalcon",
          "Nesting",
          "Raptors",
          "Subarctic",
          "Yukon Territory"
        ],
        "format": "Dissertation",
        "publishDate": "1977",
        "building": [
          "Central Alaska Network (CAKN)",
          "Denali National Park and Preserve (DENA)",
          "Wrangell-St. Elias National Park and Preserve (WRST)",
          "Yukon-Charley Rivers National Preserve (YUCH)"
        ],
        "Title": "The breeding behavior of wild and captive gyrfalcons in relation to their environment and human disturbance",
        "Link": "https://irma.nps.gov/DataStore/Reference/Profile/580238"
      },
      "geometry": {
        "type": "MultiPoint",
        "coordinates": [
          [-150.6029, 63.3183],
          [-142.1319, 60.6918],
          [-142.5708, 65.1668]
        ]
      }
    },
    {
      "type": "Feature",
      "properties": {
        "id": "irma-646243",
        "institution": [
          "National Park Service (NPS)"
        ],
        "collection": [
          "NPS - IRMA"
        ],
        "topic": [
          "bromine (Br)",
          "Chemical Analysis",
          "Chlorine (Cl)",
          "Geochemistry",
          "Hawaii (Big Island)",
          "Hawaiian Archipelago",
          "Kilauea East Rift Zone",
          "Mantle",
          "Rock",
          "Source",
          "Submarine",
          "Trace Elements"
        ],
        "format": "Dissertation",
        "publishDate": "1976",
        "building": [
          "Hawaii Volcanoes National Park (HAVO)"
        ],
        "Title": "Chlorine and bromine degassing during submarine and subaerial volcanism",
        "Link": "https://irma.nps.gov/DataStore/Reference/Profile/646243"
      },
      "geometry": {
        "type": "Point",
        "coordinates": [-155.4073, 19.235]
      }
    },
    {
      "type": "Feature",
      "properties": {
        "id": "irma-25810",
        "institution": [
          "National Park Service (NPS)"
        ],
        "collection": [
          "NPS - IRMA"
        ],
        "topic": [
          "Amphibians (Amphibia)",
          "Animal Studies",
          "Ecology",
          "Endemic Species",
          "Jemez Mountains NM",
          "Jemez Mountains Salamander (Plethodon neomexicanus)",
          "Reproduction",
          "Sacramento Mountain salamander (Aneides hardii)"
        ],
        "format": "Dissertation",
        "publishDate": "1976",
        "building": [
          "Bandelier National Monument (BAND)"
        ],
        "Title": "Comparative ecology and reproduction of the endemic New Mexico plethodontid salamanders, Plethodon neomexicanus and Aneides hardii",
        "Link": "https://irma.nps.gov/DataStore/Reference/Profile/25810"
      },
      "geometry": {
        "type": "Point",
        "coordinates": [-106.3573, 35.8188]
      }
    },
    {
      "type": "Feature",
      "properties": {
        "id": "irma-580169",
        "institution": [
          "National Park Service (NPS)"
        ],
        "collection": [
          "NPS - IRMA"
        ],
        "topic": [
          "Dall Sheep",
          "Food Habits",
          "Golden Eagle",
          "Raptors",
          "Yukon Territory"
        ],
        "format": "Dissertation",
        "publishDate": "1976",
        "building": [
          "Central Alaska Network (CAKN)",
          "Denali National Park and Preserve (DENA)"
        ],
        "Title": "Ecological investigation of Dall sheep (Ovis dali dali, Nelson) and their habitat on Sheep Mountain, Kluane National Park, Yukon Territory, Canada",
        "Link": "https://irma.nps.gov/DataStore/Reference/Profile/580169"
      },
      "geometry": {
        "type": "Point",
        "coordinates": [-150.6029, 63.3183]
      }
    },
    {
      "type": "Feature",
      "properties": {
        "id": "irma-580025",
        "institution": [
          "National Park Service (NPS)"
        ],
        "collection": [
          "NPS - IRMA"
        ],
        "topic": [
          "Caribou",
          "Habitat Use",
          "Landsat",
          "Mammals",
          "Porcupine Caribou Herd",
          "Ungulates",
          "Vegetation Mapping",
          "Winter Range"
        ],
        "format": "Dissertation",
        "publishDate": "1976",
        "building": [
          "Arctic Network (ARCN)",
          "Central Alaska Network (CAKN)",
          "Gates of the Arctic National Park and Preserve (GAAR)",
          "Yukon-Charley Rivers National Preserve (YUCH)"
        ],
        "Title": "Feasibility of caribou winter habitat analysis using satellite data",
        "Link": "https://irma.nps.gov/DataStore/Reference/Profile/580025"
      },
      "geometry": {
        "type": "MultiPoint",
        "coordinates": [
          [-153.3869, 67.869],
          [-142.5708, 65.1668]
        ]
      }
    },
    {
      "type": "Feature",
      "properties": {
        "id": "irma-646052",
        "institution": [
          "National Park Service (NPS)"
        ],
        "collection": [
          "NPS - IRMA"
        ],
        "topic": [
          "Electric",
          "Hawaii (Big Island)",
          "Magnetism",
          "Mantle",
          "Mechanism",
          "Non-Seismic Geophysics",
          "Partial Melt",
          "Source"
        ],
        "format": "Dissertation",
        "publishDate": "1976",
        "building": [
          "Hawaii Volcanoes National Park (HAVO)"
        ],
        "Title": "Magnetic variations (2-30 cpd) on Hawaii Island and mantle electrical conductivity",
        "Link": "https://irma.nps.gov/DataStore/Reference/Profile/646052"
      },
      "geometry": {
        "type": "Point",
        "coordinates": [-155.4073, 19.235]
      }
    },
    {
      "type": "Feature",
      "properties": {
        "id": "irma-339059",
        "institution": [
          "National Park Service (NPS)"
        ],
        "collection": [
          "NPS - IRMA"
        ],
        "topic": [
          "Alpine Zone",
          "Human Impact",
          "Plant Studies",
          "Subalpine Zone",
          "Vegetation"
        ],
        "format": "Dissertation",
        "publishDate": "1976",
        "building": [
          "Glacier National Park (GLAC)",
          "Rocky Mountain Network (ROMN)"
        ],
        "Title": "Man's effects on the stability of alpine and subalpine vegetation in Glacier National Park, Montana",
        "Link": "https://irma.nps.gov/DataStore/Reference/Profile/339059"
      },
      "geometry": {
        "type": "Point",
        "coordinates": [-113.8587, 48.7468]
      }
    },
    {
      "type": "Feature",
      "properties": {
        "id": "irma-543175",
        "institution": [
          "National Park Service (NPS)"
        ],
        "collection": [
          "NPS - IRMA"
        ],
        "topic": [
          "1973",
          "Alaska",
          "Burroughs Glacier",
          "Glacial Geology",
          "Glacier Bay National Monument",
          "Glacier Bay National Park and Preserve AK",
          "Glaciers",
          "GLBA",
          "Hydrogeology",
          "Hydrology",
          "Measurement",
          "Meltwater",
          "Monographic",
          "Runoff",
          "Southeast",
          "Storage",
          "Thesis",
          "United States",
          "Western U.S."
        ],
        "format": "Dissertation",
        "publishDate": "1976",
        "building": [
          "Glacier Bay National Park and Preserve (GLBA)"
        ],
        "Title": "Meltwater storage in a temperate glacier",
        "Link": "https://irma.nps.gov/DataStore/Reference/Profile/543175"
      },
      "geometry": {
        "type": "Point",
        "coordinates": [-136.8654, 58.7004]
      }
    },
    {
      "type": "Feature",
      "properties": {
        "id": "irma-336231",
        "institution": [
          "National Park Service (NPS)"
        ],
        "collection": [
          "NPS - IRMA"
        ],
        "topic": [
          "Backcountry",
          "Grizzly Bear (Ursus arctos)",
          "Human-Animal Encounters",
          "Management"
        ],
        "format": "Dissertation",
        "publishDate": "1976",
        "building": [
          "Glacier National Park (GLAC)"
        ],
        "Title": "Multiobjective analysis of wilderness travel in grizzly bear habitat using parametric linear programming",
        "Link": "https://irma.nps.gov/DataStore/Reference/Profile/336231"
      },
      "geometry": {
        "type": "Point",
        "coordinates": [-113.8587, 48.7468]
      }
    },
    {
      "type": "Feature",
      "properties": {
        "id": "irma-565246",
        "institution": [
          "National Park Service (NPS)"
        ],
        "collection": [
          "NPS - IRMA"
        ],
        "topic": [
          "Arctic",
          "Arthropoda",
          "Barrow",
          "Invertebrates (Insects Other)",
          "Soils",
          "Terrestrial Ecology",
          "Tundra"
        ],
        "format": "Dissertation",
        "publishDate": "1976",
        "building": [
          "Bering Land Bridge National Preserve (BELA)",
          "Cape Krusenstern National Monument (CAKR)",
          "Gates of the Arctic National Park and Preserve (GAAR)",
          "Kobuk Valley National Park (KOVA)",
          "Noatak National Preserve (NOAT)"
        ],
        "Title": "The role of soil fauna in litter decomposition processes in arctic tundra, evaluated by field and systems analysis techniques",
        "Link": "https://irma.nps.gov/DataStore/Reference/Profile/565246"
      },
      "geometry": {
        "type": "MultiPoint",
        "coordinates": [
          [-165.1266, 66.2151],
          [-163.4533, 67.4268],
          [-153.3869, 67.869],
          [-159.0631, 67.2802],
          [-159.3945, 68.1814]
        ]
      }
    },
    {
      "type": "Feature",
      "properties": {
        "id": "irma-125901",
        "institution": [
          "National Park Service (NPS)"
        ],
        "collection": [
          "NPS - IRMA"
        ],
        "topic": [
          "electromagnetic survey",
          "Kilauea Volcano HI",
          "Physical Sciences",
          "Volcanoes"
        ],
        "format": "Dissertation",
        "publishDate": "1975",
        "building": [
          "Hawaii Volcanoes National Park (HAVO)"
        ],
        "Title": "A time-domain electromagnetic survey of the East Rift Zone, Kilauea Volcano, Hawai`i",
        "Link": "https://irma.nps.gov/DataStore/Reference/Profile/125901"
      },
      "geometry": {
        "type": "Point",
        "coordinates": [-155.4073, 19.235]
      }
    },
    {
      "type": "Feature",
      "properties": {
        "id": "irma-580234",
        "institution": [
          "National Park Service (NPS)"
        ],
        "collection": [
          "NPS - IRMA"
        ],
        "topic": [
          "Anatomy",
          "Central",
          "Galliformes",
          "Intermontane Plateaus",
          "Lagopus mutus",
          "Physiology",
          "Subarctic"
        ],
        "format": "Dissertation",
        "publishDate": "1975",
        "building": [
          "Central Alaska Network (CAKN)",
          "Denali National Park and Preserve (DENA)",
          "Wrangell-St. Elias National Park and Preserve (WRST)",
          "Yukon-Charley Rivers National Preserve (YUCH)"
        ],
        "Title": "Aspects of morphology in female rock ptarmigan (Lagopus mutus) during ovarian recrudescence",
        "Link": "https://irma.nps.gov/DataStore/Reference/Profile/580234"
      },
      "geometry": {
        "type": "MultiPoint",
        "coordinates": [
          [-150.6029, 63.3183],
          [-142.1319, 60.6918],
          [-142.5708, 65.1668]
        ]
      }
    },
    {
      "type": "Feature",
      "properties": {
        "id": "irma-646071",
        "institution": [
          "National Park Service (NPS)"
        ],
        "collection": [
          "NPS - IRMA"
        ],
        "topic": [
          "Geochemistry",
          "Hawaiian Archipelago"
        ],
        "format": "Dissertation",
        "publishDate": "1975",
        "building": [
          "Hawaii Volcanoes National Park (HAVO)"
        ],
        "Title": "Epithermal gold-silver veins of Central America and SO2 emission from Hawaiian and Italian volcanoes",
        "Link": "https://irma.nps.gov/DataStore/Reference/Profile/646071"
      },
      "geometry": {
        "type": "Point",
        "coordinates": [-155.4073, 19.235]
      }
    },
    {
      "type": "Feature",
      "properties": {
        "id": "irma-564915",
        "institution": [
          "National Park Service (NPS)"
        ],
        "collection": [
          "NPS - IRMA"
        ],
        "topic": [
          "Arctic",
          "Arctic Coastal Plain",
          "Disturbance",
          "Ecology (Aquatic Marine Terrestrial)",
          "ecosystem ecology",
          "Impacts",
          "Prudhoe Bay"
        ],
        "format": "Dissertation",
        "publishDate": "1975",
        "building": [
          "Bering Land Bridge National Preserve (BELA)",
          "Cape Krusenstern National Monument (CAKR)",
          "Gates of the Arctic National Park and Preserve (GAAR)"
        ],
        "Title": "Nutrient status of surface waters as related to soils and other environmental factors in a tundra ecosystem",
        "Link": "https://irma.nps.gov/DataStore/Reference/Profile/564915"
      },
      "geometry": {
        "type": "MultiPoint",
        "coordinates": [
          [-165.1266, 66.2151],
          [-163.4533, 67.4268],
          [-153.3869, 67.869]
        ]
      }
    },
    {
      "type": "Feature",
      "properties": {
        "id": "irma-645938",
        "institution": [
          "National Park Service (NPS)"
        ],
        "collection": [
          "NPS - IRMA"
        ],
        "topic": [
          "Pacific Plate",
          "Tectonics"
        ],
        "format": "Dissertation",
        "publishDate": "1975",
        "building": [
          "Hawaii Volcanoes National Park (HAVO)"
        ],
        "Title": "Post-Eocene plate tectonics of the Eastern Pacific",
        "Link": "https://irma.nps.gov/DataStore/Reference/Profile/645938"
      },
      "geometry": {
        "type": "Point",
        "coordinates": [-155.4073, 19.235]
      }
    },
    {
      "type": "Feature",
      "properties": {
        "id": "irma-646297",
        "institution": [
          "National Park Service (NPS)"
        ],
        "collection": [
          "NPS - IRMA"
        ],
        "topic": [
          "Age Dating",
          "Archaeology",
          "Ash",
          "Chemical Analysis",
          "Drill Core",
          "Fission track",
          "Geochemistry",
          "Glass",
          "Hawaiian-Emperor Chain",
          "Ocean Floor Geology",
          "Rubidium (Rb)",
          "Stratigraphy",
          "Strontium (Sr)",
          "Submarine",
          "Titanium (Ti)",
          "Trace Elements",
          "Zirconium (Zr)"
        ],
        "format": "Dissertation",
        "publishDate": "1975",
        "building": [
          "Hawaii Volcanoes National Park (HAVO)"
        ],
        "Title": "Submarine geology of volcanic ash deposits: stratigraphy, age, and magmatic composition of Hawaiian and Aleutian tephra--Eocene to Recent",
        "Link": "https://irma.nps.gov/DataStore/Reference/Profile/646297"
      },
      "geometry": {
        "type": "Point",
        "coordinates": [-155.4073, 19.235]
      }
    },
    {
      "type": "Feature",
      "properties": {
        "id": "irma-93309",
        "institution": [
          "National Park Service (NPS)"
        ],
        "collection": [
          "NPS - IRMA"
        ],
        "topic": [
          "Checklist",
          "Classification",
          "Ecology",
          "Forest",
          "Forest Communities",
          "Forest Structure",
          "Map",
          "Plant Studies",
          "Trees",
          "Vegetation"
        ],
        "format": "Dissertation",
        "publishDate": "1975",
        "building": [
          "Mammoth Cave National Park (MACA)"
        ],
        "Title": "The plant ecology of Mammoth Cave National Park, Kentucky",
        "Link": "https://irma.nps.gov/DataStore/Reference/Profile/93309"
      },
      "geometry": {
        "type": "Point",
        "coordinates": [-86.1454, 37.1316]
      }
    },
    {
      "type": "Feature",
      "properties": {
        "id": "irma-645986",
        "institution": [
          "National Park Service (NPS)"
        ],
        "collection": [
          "NPS - IRMA"
        ],
        "topic": [
          "Age Dating",
          "Carbon (C)",
          "Chemical Analysis",
          "Geochemistry",
          "Hydrology",
          "Isotopes",
          "Oahu",
          "Radiocarbon (C-14)",
          "tritium (T)",
          "Water (H2O)"
        ],
        "format": "Dissertation",
        "publishDate": "1974",
        "building": [
          "Hawaii Volcanoes National Park (HAVO)"
        ],
        "Title": "A geohydrologic investigation of Honolulu's basal waters based on isotopic and chemical analyses of water samples",
        "Link": "https://irma.nps.gov/DataStore/Reference/Profile/645986"
      },
      "geometry": {
        "type": "Point",
        "coordinates": [-155.4073, 19.235]
      }
    },
    {
      "type": "Feature",
      "properties": {
        "id": "irma-338902",
        "institution": [
          "National Park Service (NPS)"
        ],
        "collection": [
          "NPS - IRMA"
        ],
        "topic": [
          "Animal Studies",
          "Gunsight Pass Glacier National Park MT",
          "Mountain Goat (Oreamnos americanus)",
          "Radio Telemetry"
        ],
        "format": "Dissertation",
        "publishDate": "1974",
        "building": [
          "Glacier National Park (GLAC)"
        ],
        "Title": "A radio telemetry study of the ecology and behavior of the Rocky Mountain goat in western Montana",
        "Link": "https://irma.nps.gov/DataStore/Reference/Profile/338902"
      },
      "geometry": {
        "type": "Point",
        "coordinates": [-113.8587, 48.7468]
      }
    },
    {
      "type": "Feature",
      "properties": {
        "id": "irma-337259",
        "institution": [
          "National Park Service (NPS)"
        ],
        "collection": [
          "NPS - IRMA"
        ],
        "topic": [
          "Animals (Animalia)",
          "Belly River Alberta Canada",
          "Ecology",
          "Forest",
          "Lee Creek southwest Alberta",
          "Plants (Plantae)",
          "Riparian Zone",
          "Saint Mary River southwest Alberta"
        ],
        "format": "Dissertation",
        "publishDate": "1974",
        "building": [
          "Glacier National Park (GLAC)"
        ],
        "Title": "A taxonomic and ecological study of the riverbottom forest on St. Mary River, Lee Creek and Belly River in southwest Alberta, Canada",
        "Link": "https://irma.nps.gov/DataStore/Reference/Profile/337259"
      },
      "geometry": {
        "type": "Point",
        "coordinates": [-113.8587, 48.7468]
      }
    },
    {
      "type": "Feature",
      "properties": {
        "id": "irma-2226154",
        "institution": [
          "National Park Service (NPS)"
        ],
        "collection": [
          "NPS - IRMA"
        ],
        "topic": [
          "Bittacidae",
          "Clingmans Dome",
          "hangingflies",
          "insects",
          "Mecoptera",
          "Panorpidae",
          "scorpionflies"
        ],
        "topic_facet": [
          {
            "key": "1045",
            "label": "Ecological Framework: Biological Integrity | Focal Species or Communities | Terrestrial Invertebrates",
            "description": {}
          }
        ],
        "format": "Dissertation",
        "publishDate": "1974",
        "building": [
          "Great Smoky Mountains National Park (GRSM)"
        ],
        "Title": "Evolutionary Ecology of Mecoptera (Insecta)",
        "Link": "https://irma.nps.gov/DataStore/Reference/Profile/2226154"
      },
      "geometry": {
        "type": "Point",
        "coordinates": [-83.5282, 35.5716]
      }
    },
    {
      "type": "Feature",
      "properties": {
        "id": "irma-55617",
        "institution": [
          "National Park Service (NPS)"
        ],
        "collection": [
          "NPS - IRMA"
        ],
        "topic": [
          "Geothermal Activity",
          "Kilauea Volcano HI",
          "Physical Sciences"
        ],
        "format": "Dissertation",
        "publishDate": "1974",
        "building": [
          "Hawaii Volcanoes National Park (HAVO)"
        ],
        "Title": "Geothermal system at Kilauea Volcano, Hawai`i",
        "Link": "https://irma.nps.gov/DataStore/Reference/Profile/55617"
      },
      "geometry": {
        "type": "Point",
        "coordinates": [-155.4073, 19.235]
      }
    },
    {
      "type": "Feature",
      "properties": {
        "id": "irma-646152",
        "institution": [
          "National Park Service (NPS)"
        ],
        "collection": [
          "NPS - IRMA"
        ],
        "topic": [
          "Hawaii (Big Island)",
          "Mauna Kea Volcano",
          "Oahu",
          "Pedology",
          "Waianae Volcano"
        ],
        "format": "Dissertation",
        "publishDate": "1974",
        "building": [
          "Hawaii Volcanoes National Park (HAVO)"
        ],
        "Title": "Interrelationships, involving sensitivity, thixotropy and their relationship with electrokinetic phenomena in some Hawaiian soils",
        "Link": "https://irma.nps.gov/DataStore/Reference/Profile/646152"
      },
      "geometry": {
        "type": "Point",
        "coordinates": [-155.4073, 19.235]
      }
    },
    {
      "type": "Feature",
      "properties": {
        "id": "irma-646035",
        "institution": [
          "National Park Service (NPS)"
        ],
        "collection": [
          "NPS - IRMA"
        ],
        "topic": [
          "Age Dating",
          "Argon (Ar)",
          "Chemical Analysis",
          "Clinopyroxene",
          "Geochemistry",
          "Hanauma Bay",
          "Hawaii (Big Island)",
          "Honolulu Volcanic Series",
          "Intrusion",
          "Isotopes",
          "Kilauea Volcano",
          "Koolau Volcano",
          "Manana Island",
          "Method",
          "Mineral",
          "Oahu",
          "Olivine",
          "Plagioclase",
          "Potassium-Argon (K-Ar)",
          "Prehistoric Volcanic Eruption",
          "Summit Caldera",
          "Trace Elements",
          "Uwekahuna laccolith"
        ],
        "format": "Dissertation",
        "publishDate": "1974",
        "building": [
          "Hawaii Volcanoes National Park (HAVO)"
        ],
        "Title": "K-Ar dating: atmospheric argon contamination in volcanic rocks",
        "Link": "https://irma.nps.gov/DataStore/Reference/Profile/646035"
      },
      "geometry": {
        "type": "Point",
        "coordinates": [-155.4073, 19.235]
      }
    },
    {
      "type": "Feature",
      "properties": {
        "id": "irma-645754",
        "institution": [
          "National Park Service (NPS)"
        ],
        "collection": [
          "NPS - IRMA"
        ],
        "topic": [
          "Chemical Analysis",
          "East Molokai volcanics",
          "East Molokai Volcano",
          "Geochemistry",
          "Major Oxides",
          "Mineralogy",
          "Petrology",
          "Rock"
        ],
        "format": "Dissertation",
        "publishDate": "1974",
        "building": [
          "Hawaii Volcanoes National Park (HAVO)"
        ],
        "Title": "Petrology, mineralogy and geochemistry of the lavas of East Molokai Volcano, Hawaii",
        "Link": "https://irma.nps.gov/DataStore/Reference/Profile/645754"
      },
      "geometry": {
        "type": "Point",
        "coordinates": [-155.4073, 19.235]
      }
    },
    {
      "type": "Feature",
      "properties": {
        "id": "irma-555593",
        "institution": [
          "National Park Service (NPS)"
        ],
        "collection": [
          "NPS - IRMA"
        ],
        "topic": [
          "Biology",
          "Diatoms",
          "Massachusetts Bay",
          "Nitrogen (N)",
          "Nutrients",
          "Phosphorus (P)",
          "Phytoplankton"
        ],
        "format": "Dissertation",
        "publishDate": "1974",
        "building": [
          "Boston Harbor Islands National Recreation Area (BOHA)"
        ],
        "Title": "Phytoplankton primary productivity in Massachusetts Bay",
        "Link": "https://irma.nps.gov/DataStore/Reference/Profile/555593"
      },
      "geometry": {
        "type": "Point",
        "coordinates": [-70.8762, 42.2622]
      }
    },
    {
      "type": "Feature",
      "properties": {
        "id": "irma-580135",
        "institution": [
          "National Park Service (NPS)"
        ],
        "collection": [
          "NPS - IRMA"
        ],
        "topic": [
          "Abundance",
          "Arctic",
          "Breeding",
          "Calcarius lapponicus",
          "Energetics",
          "Food Habits",
          "Interior Plains",
          "Northern",
          "Passeriformes",
          "Sparrow",
          "Statistics",
          "Survivorship"
        ],
        "format": "Dissertation",
        "publishDate": "1974",
        "building": [
          "Arctic Network (ARCN)",
          "Bering Land Bridge National Preserve (BELA)",
          "Cape Krusenstern National Monument (CAKR)",
          "Gates of the Arctic National Park and Preserve (GAAR)",
          "Kobuk Valley National Park (KOVA)",
          "Noatak National Preserve (NOAT)"
        ],
        "Title": "Population ecology and bioenergetics of the Lapland longspur (Calcarius lapponicus) near Barrow, Alaska",
        "Link": "https://irma.nps.gov/DataStore/Reference/Profile/580135"
      },
      "geometry": {
        "type": "MultiPoint",
        "coordinates": [
          [-165.1266, 66.2151],
          [-163.4533, 67.4268],
          [-153.3869, 67.869],
          [-159.0631, 67.2802],
          [-159.3945, 68.1814]
        ]
      }
    },
    {
      "type": "Feature",
      "properties": {
        "id": "irma-114147",
        "institution": [
          "National Park Service (NPS)"
        ],
        "collection": [
          "NPS - IRMA"
        ],
        "topic": [
          "Animal Studies",
          "Behavior",
          "Black Bear (Ursus americanus)",
          "Great Smoky Mountains National Park NC TN"
        ],
        "format": "Dissertation",
        "publishDate": "1974",
        "building": [
          "Great Smoky Mountains National Park (GRSM)"
        ],
        "Title": "Social Behavior of Young Captive Black Bears",
        "Link": "https://irma.nps.gov/DataStore/Reference/Profile/114147"
      },
      "geometry": {
        "type": "Point",
        "coordinates": [-83.5282, 35.5716]
      }
    },
    {
      "type": "Feature",
      "properties": {
        "id": "irma-339065",
        "institution": [
          "National Park Service (NPS)"
        ],
        "collection": [
          "NPS - IRMA"
        ],
        "topic": [
          "Animal Studies",
          "compliance (visitors)",
          "Grizzly Bear (Ursus arctos)",
          "Human-Animal Encounters",
          "Visitors"
        ],
        "format": "Dissertation",
        "publishDate": "1974",
        "building": [
          "Glacier National Park (GLAC)"
        ],
        "Title": "Some effects of threat appeal in messages about hazards of grizzly bears in national parks: An experiment",
        "Link": "https://irma.nps.gov/DataStore/Reference/Profile/339065"
      },
      "geometry": {
        "type": "Point",
        "coordinates": [-113.8587, 48.7468]
      }
    },
    {
      "type": "Feature",
      "properties": {
        "id": "irma-645792",
        "institution": [
          "National Park Service (NPS)"
        ],
        "collection": [
          "NPS - IRMA"
        ],
        "topic": [
          "Age Dating",
          "Hawaiian-Emperor Chain",
          "Hawaii-Emperor Bend",
          "Hotspot",
          "Koko Seamount",
          "Mantle",
          "Mechanism",
          "Non-Seismic Geophysics",
          "Ocean floor petrology",
          "Pacific Plate",
          "Paleomagnetism",
          "Petrogenesis",
          "Petrography",
          "Rate",
          "Source",
          "Submarine",
          "Wentworth seamount"
        ],
        "format": "Dissertation",
        "publishDate": "1974",
        "building": [
          "Hawaii Volcanoes National Park (HAVO)"
        ],
        "Title": "The Hawaiian-Emperor seamount chain: its origin, petrology, and implications for plate tectonics",
        "Link": "https://irma.nps.gov/DataStore/Reference/Profile/645792"
      },
      "geometry": {
        "type": "Point",
        "coordinates": [-155.4073, 19.235]
      }
    },
    {
      "type": "Feature",
      "properties": {
        "id": "irma-646110",
        "institution": [
          "National Park Service (NPS)"
        ],
        "collection": [
          "NPS - IRMA"
        ],
        "topic": [
          "Age Dating",
          "Geothermal",
          "Hawaii (Big Island)",
          "Heat Flow",
          "Hydrology",
          "Hydrothermal",
          "Kilauea Caldera",
          "Kilauea Volcano",
          "Mechanism",
          "Modeling",
          "Non-Seismic Geophysics"
        ],
        "format": "Dissertation",
        "publishDate": "1974",
        "building": [
          "Hawaii Volcanoes National Park (HAVO)"
        ],
        "Title": "The geothermal system at Kilauea Volcano, Hawaii",
        "Link": "https://irma.nps.gov/DataStore/Reference/Profile/646110"
      },
      "geometry": {
        "type": "Point",
        "coordinates": [-155.4073, 19.235]
      }
    },
    {
      "type": "Feature",
      "properties": {
        "id": "irma-580085",
        "institution": [
          "National Park Service (NPS)"
        ],
        "collection": [
          "NPS - IRMA"
        ],
        "topic": [
          "Abundance",
          "Arctic",
          "Birds",
          "Distribution",
          "Ducks",
          "Eiders",
          "Geese",
          "Habitat Use",
          "North Slope",
          "Prudhoe Bay",
          "Shorebirds",
          "Swans",
          "Waterfowl"
        ],
        "format": "Dissertation",
        "publishDate": "1974",
        "building": [
          "Arctic Network (ARCN)",
          "Bering Land Bridge National Preserve (BELA)",
          "Cape Krusenstern National Monument (CAKR)",
          "Gates of the Arctic National Park and Preserve (GAAR)",
          "Kobuk Valley National Park (KOVA)",
          "Noatak National Preserve (NOAT)"
        ],
        "Title": "Wetlands and waterbirds at Point Storkersen, Alaska",
        "Link": "https://irma.nps.gov/DataStore/Reference/Profile/580085"
      },
      "geometry": {
        "type": "MultiPoint",
        "coordinates": [
          [-165.1266, 66.2151],
          [-163.4533, 67.4268],
          [-153.3869, 67.869],
          [-159.0631, 67.2802],
          [-159.3945, 68.1814]
        ]
      }
    },
    {
      "type": "Feature",
      "properties": {
        "id": "irma-645879",
        "institution": [
          "National Park Service (NPS)"
        ],
        "collection": [
          "NPS - IRMA"
        ],
        "topic": [
          "Chemical Analysis",
          "Geochemistry",
          "Geothermal",
          "Hawaii (Big Island)",
          "Hawaiian Archipelago",
          "Hazard",
          "Lead (Pb)",
          "Mercury (Hg)",
          "Vegetation",
          "Volcanic Gas"
        ],
        "format": "Dissertation",
        "publishDate": "1973",
        "building": [
          "Hawaii Volcanoes National Park (HAVO)"
        ],
        "Title": "A preliminary survey of lead and mercury in the Hawaiian environment",
        "Link": "https://irma.nps.gov/DataStore/Reference/Profile/645879"
      },
      "geometry": {
        "type": "Point",
        "coordinates": [-155.4073, 19.235]
      }
    },
    {
      "type": "Feature",
      "properties": {
        "id": "irma-579887",
        "institution": [
          "National Park Service (NPS)"
        ],
        "collection": [
          "NPS - IRMA"
        ],
        "topic": [
          "Arctic",
          "Coastal",
          "Geomorphology",
          "Marine"
        ],
        "format": "Dissertation",
        "publishDate": "1973",
        "building": [
          "Arctic Network (ARCN)",
          "Bering Land Bridge National Preserve (BELA)",
          "Cape Krusenstern National Monument (CAKR)",
          "Gates of the Arctic National Park and Preserve (GAAR)",
          "Kobuk Valley National Park (KOVA)",
          "Noatak National Preserve (NOAT)"
        ],
        "Title": "Beach dynamics and nearshore morphology of the Alaskan Arctic Coast",
        "Link": "https://irma.nps.gov/DataStore/Reference/Profile/579887"
      },
      "geometry": {
        "type": "MultiPoint",
        "coordinates": [
          [-165.1266, 66.2151],
          [-163.4533, 67.4268],
          [-153.3869, 67.869],
          [-159.0631, 67.2802],
          [-159.3945, 68.1814]
        ]
      }
    },
    {
      "type": "Feature",
      "properties": {
        "id": "irma-580217",
        "institution": [
          "National Park Service (NPS)"
        ],
        "collection": [
          "NPS - IRMA"
        ],
        "topic": [
          "Arctic",
          "Birds",
          "Brant",
          "Gyrfalcon",
          "Northern Harrier",
          "Peregrine Falcon",
          "Raptors",
          "Rough-Legged Hawk",
          "Short-Eared Owl",
          "Southwest migration",
          "Waterfowl"
        ],
        "format": "Dissertation",
        "publishDate": "1973",
        "building": [
          "Arctic Network (ARCN)",
          "Bering Land Bridge National Preserve (BELA)",
          "Cape Krusenstern National Monument (CAKR)",
          "Gates of the Arctic National Park and Preserve (GAAR)",
          "Kobuk Valley National Park (KOVA)",
          "Noatak National Preserve (NOAT)"
        ],
        "Title": "Breeding biology of cackling geese (Branta canadensis minima, ridgway) and associated species on the Yukon-Kuskokwim Delta, Alaska",
        "Link": "https://irma.nps.gov/DataStore/Reference/Profile/580217"
      },
      "geometry": {
        "type": "MultiPoint",
        "coordinates": [
          [-165.1266, 66.2151],
          [-163.4533, 67.4268],
          [-153.3869, 67.869],
          [-159.0631, 67.2802],
          [-159.3945, 68.1814]
        ]
      }
    },
    {
      "type": "Feature",
      "properties": {
        "id": "irma-646153",
        "institution": [
          "National Park Service (NPS)"
        ],
        "collection": [
          "NPS - IRMA"
        ],
        "topic": [
          "Botany",
          "Carbon Dioxide (CO2)",
          "Chemical Analysis",
          "Flux",
          "Geochemistry",
          "Hawaii (Big Island)",
          "Kilauea Volcano",
          "Radiocarbon (C-14)",
          "Vegetation"
        ],
        "format": "Dissertation",
        "publishDate": "1973",
        "building": [
          "Hawaii Volcanoes National Park (HAVO)"
        ],
        "Title": "Contemporary volcanic CO2 emission: a study employing dilution of atmospheric C-14 as a quantitative tracer",
        "Link": "https://irma.nps.gov/DataStore/Reference/Profile/646153"
      },
      "geometry": {
        "type": "Point",
        "coordinates": [-155.4073, 19.235]
      }
    },
    {
      "type": "Feature",
      "properties": {
        "id": "irma-49285",
        "institution": [
          "National Park Service (NPS)"
        ],
        "collection": [
          "NPS - IRMA"
        ],
        "topic": [
          "Physical Sciences",
          "Wrangell-Saint Elias National Park and Preserve",
          "Wrangell-St. Elias National Park And Preserve"
        ],
        "format": "Dissertation",
        "publishDate": "1973",
        "building": [
          "Wrangell-St. Elias National Park and Preserve (WRST)"
        ],
        "Title": "Fluvial and lacustrine sedimentation in the proglacial environment, Malaspina Glacier Foreland, Alaska",
        "Link": "https://irma.nps.gov/DataStore/Reference/Profile/49285"
      },
      "geometry": {
        "type": "Point",
        "coordinates": [-142.1319, 60.6918]
      }
    },
    {
      "type": "Feature",
      "properties": {
        "id": "irma-91549",
        "institution": [
          "National Park Service (NPS)"
        ],
        "collection": [
          "NPS - IRMA"
        ],
        "topic": [
          "East Moloka`i Volcano HI",
          "Geochemistry",
          "Lava",
          "Minerals",
          "Moloka`i HI",
          "Petrology",
          "Physical Sciences",
          "Volcanoes"
        ],
        "format": "Dissertation",
        "publishDate": "1973",
        "building": [
          "Kalaupapa National Historical Park (KALA)"
        ],
        "Title": "Petrology, mineralogy and geochemistry of the lavas of East Moloka`i Volcano, Hawai`i",
        "Link": "https://irma.nps.gov/DataStore/Reference/Profile/91549"
      },
      "geometry": {
        "type": "Point",
        "coordinates": [-156.9565, 21.1558]
      }
    },
    {
      "type": "Feature",
      "properties": {
        "id": "irma-580252",
        "institution": [
          "National Park Service (NPS)"
        ],
        "collection": [
          "NPS - IRMA"
        ],
        "topic": [
          "Abundance",
          "Breeding Biology",
          "Density",
          "Distribution",
          "Fairbanks",
          "jumping mice",
          "Mammals",
          "Metabolism",
          "Microtines",
          "Mortality",
          "Small Mammals",
          "Subarctic",
          "Survival",
          "Trapping",
          "Voles"
        ],
        "format": "Dissertation",
        "publishDate": "1973",
        "building": [
          "Central Alaska Network (CAKN)",
          "Denali National Park and Preserve (DENA)",
          "Yukon-Charley Rivers National Preserve (YUCH)"
        ],
        "Title": "Population biology and energetics of three species of small mammals in the taiga of interior Alaska",
        "Link": "https://irma.nps.gov/DataStore/Reference/Profile/580252"
      },
      "geometry": {
        "type": "MultiPoint",
        "coordinates": [
          [-150.6029, 63.3183],
          [-142.5708, 65.1668]
        ]
      }
    },
    {
      "type": "Feature",
      "properties": {
        "id": "irma-565330",
        "institution": [
          "National Park Service (NPS)"
        ],
        "collection": [
          "NPS - IRMA"
        ],
        "topic": [
          "Arctic",
          "Cape Deceit",
          "insects - fossils",
          "Paleoclimate",
          "Paleontology",
          "plants - fossils",
          "Pleistocene",
          "Seward Peninsula",
          "Stratigraphy",
          "vegetation history"
        ],
        "format": "Dissertation",
        "publishDate": "1973",
        "building": [
          "Bering Land Bridge National Preserve (BELA)"
        ],
        "Title": "Quaternary environments at Cape Deceit (Seward Peninsula, Alaska): a contribtion towards an understanding of the evolution of tunda ecosystems",
        "Link": "https://irma.nps.gov/DataStore/Reference/Profile/565330"
      },
      "geometry": {
        "type": "Point",
        "coordinates": [-165.1266, 66.2151]
      }
    },
    {
      "type": "Feature",
      "properties": {
        "id": "irma-122148",
        "institution": [
          "National Park Service (NPS)"
        ],
        "collection": [
          "NPS - IRMA"
        ],
        "topic": [
          "Atmospheric Sciences",
          "Wrangell-Saint Elias National Park and Preserve",
          "Wrangell-St. Elias National Park And Preserve"
        ],
        "format": "Dissertation",
        "publishDate": "1973",
        "building": [
          "Wrangell-St. Elias National Park and Preserve (WRST)"
        ],
        "Title": "Summer synoptic climatology of the St Elias Mountains, Yukon and Alaska",
        "Link": "https://irma.nps.gov/DataStore/Reference/Profile/122148"
      },
      "geometry": {
        "type": "Point",
        "coordinates": [-142.1319, 60.6918]
      }
    },
    {
      "type": "Feature",
      "properties": {
        "id": "irma-580199",
        "institution": [
          "National Park Service (NPS)"
        ],
        "collection": [
          "NPS - IRMA"
        ],
        "topic": [
          "AMNWR",
          "Arctic",
          "Finch",
          "Genetics",
          "konwr",
          "Leucosticte arctoa",
          "Pacific Mountain System",
          "Passeriformes",
          "Plumage",
          "saxonomy",
          "Southwestern",
          "Specimen Record",
          "Zoogeography"
        ],
        "format": "Dissertation",
        "publishDate": "1973",
        "building": [
          "Arctic Network (ARCN)",
          "Bering Land Bridge National Preserve (BELA)",
          "Cape Krusenstern National Monument (CAKR)",
          "Gates of the Arctic National Park and Preserve (GAAR)",
          "Kobuk Valley National Park (KOVA)",
          "Noatak National Preserve (NOAT)"
        ],
        "Title": "The biosystematics of the avian genus Leucosticte",
        "Link": "https://irma.nps.gov/DataStore/Reference/Profile/580199"
      },
      "geometry": {
        "type": "MultiPoint",
        "coordinates": [
          [-165.1266, 66.2151],
          [-163.4533, 67.4268],
          [-153.3869, 67.869],
          [-159.0631, 67.2802],
          [-159.3945, 68.1814]
        ]
      }
    },
    {
      "type": "Feature",
      "properties": {
        "id": "irma-646255",
        "institution": [
          "National Park Service (NPS)"
        ],
        "collection": [
          "NPS - IRMA"
        ],
        "topic": [
          "Bathymetry",
          "Hawaiian-Emperor Chain",
          "Magnetism",
          "Murray Fracture Zone",
          "Non-Seismic Geophysics",
          "Pacific Plate",
          "Reflection",
          "Seismology",
          "Tectonics"
        ],
        "format": "Dissertation",
        "publishDate": "1973",
        "building": [
          "Hawaii Volcanoes National Park (HAVO)"
        ],
        "Title": "The structure and tectonic of the Murray Fracture Zone west of the Hawaiian Ridge",
        "Link": "https://irma.nps.gov/DataStore/Reference/Profile/646255"
      },
      "geometry": {
        "type": "Point",
        "coordinates": [-155.4073, 19.235]
      }
    },
    {
      "type": "Feature",
      "properties": {
        "id": "irma-579893",
        "institution": [
          "National Park Service (NPS)"
        ],
        "collection": [
          "NPS - IRMA"
        ],
        "topic": [
          "Arctic",
          "Birds",
          "Breeding Biology",
          "Foraging",
          "Habitat Use",
          "Loons",
          "Nesting",
          "Waterbirds"
        ],
        "format": "Dissertation",
        "publishDate": "1972",
        "building": [
          "Arctic Network (ARCN)",
          "Bering Land Bridge National Preserve (BELA)",
          "Cape Krusenstern National Monument (CAKR)",
          "Gates of the Arctic National Park and Preserve (GAAR)",
          "Kobuk Valley National Park (KOVA)",
          "Noatak National Preserve (NOAT)"
        ],
        "Title": "A comparative study of the use of habitat by arctic loons and red-throated loons",
        "Link": "https://irma.nps.gov/DataStore/Reference/Profile/579893"
      },
      "geometry": {
        "type": "MultiPoint",
        "coordinates": [
          [-165.1266, 66.2151],
          [-163.4533, 67.4268],
          [-153.3869, 67.869],
          [-159.0631, 67.2802],
          [-159.3945, 68.1814]
        ]
      }
    },
    {
      "type": "Feature",
      "properties": {
        "id": "irma-5006",
        "institution": [
          "National Park Service (NPS)"
        ],
        "collection": [
          "NPS - IRMA"
        ],
        "topic": [
          "Atmospheric Sciences",
          "Chitistone Pass",
          "Climate",
          "Physical Sciences",
          "Solar Radiation",
          "Thermal regime",
          "Topography",
          "Wrangell-Saint Elias National Park and Preserve",
          "Wrangell-St. Elias National Park And Preserve"
        ],
        "format": "Dissertation",
        "publishDate": "1972",
        "building": [
          "Wrangell-St. Elias National Park and Preserve (WRST)"
        ],
        "Title": "Active layer thermal regimes in an alpine pass, Chitistone Pass, Alaska",
        "Link": "https://irma.nps.gov/DataStore/Reference/Profile/5006"
      },
      "geometry": {
        "type": "Point",
        "coordinates": [-142.1319, 60.6918]
      }
    },
    {
      "type": "Feature",
      "properties": {
        "id": "irma-36355",
        "institution": [
          "National Park Service (NPS)"
        ],
        "collection": [
          "NPS - IRMA"
        ],
        "topic": [
          "Chitistone Pass",
          "Ecology",
          "Glaciers",
          "Hulten Theory",
          "Physical Sciences",
          "Phytogeography",
          "Plant Studies",
          "Plants",
          "Skolai Pass",
          "Snow",
          "Soils",
          "Vegetation",
          "Wrangell Mountains",
          "Wrangell-Saint Elias National Park and Preserve",
          "Wrangell-St. Elias National Park And Preserve"
        ],
        "format": "Dissertation",
        "publishDate": "1972",
        "building": [
          "Wrangell-St. Elias National Park and Preserve (WRST)"
        ],
        "Title": "Ecology and phytogeography of alpine vegetation in the southeastern Wrangell Mountains, Alaska",
        "Link": "https://irma.nps.gov/DataStore/Reference/Profile/36355"
      },
      "geometry": {
        "type": "Point",
        "coordinates": [-142.1319, 60.6918]
      }
    },
    {
      "type": "Feature",
      "properties": {
        "id": "irma-660704",
        "institution": [
          "National Park Service (NPS)"
        ],
        "collection": [
          "NPS - IRMA"
        ],
        "topic": [
          "Distribution",
          "Habitat",
          "Montane",
          "Pacific silver fir (Abies amabilis)",
          "Western hemlock (Tsuga heterophylla)"
        ],
        "format": "Dissertation",
        "publishDate": "1972",
        "building": [
          "Olympic National Park (OLYM)"
        ],
        "Title": "Ecology of Abies amabilis in relation to its altitudinal distribution and in contrast to its common associate Tsuga heterophylla",
        "Link": "https://irma.nps.gov/DataStore/Reference/Profile/660704"
      },
      "geometry": {
        "type": "Point",
        "coordinates": [-123.6996, 47.7886]
      }
    },
    {
      "type": "Feature",
      "properties": {
        "id": "irma-2217804",
        "institution": [
          "National Park Service (NPS)"
        ],
        "collection": [
          "NPS - IRMA"
        ],
        "topic": [
          "TBBI"
        ],
        "format": "Dissertation",
        "publishDate": "1972",
        "building": [
          "Point Reyes National Seashore (PORE)",
          "San Francisco Bay Area Network (SFAN)"
        ],
        "Title": "Functional morphology of the hind-gut of Upogebia pugettensis (Crustacea: Thalassinidea) and its role in burrow construction.",
        "Link": "https://irma.nps.gov/DataStore/Reference/Profile/2217804"
      },
      "geometry": {
        "type": "Point",
        "coordinates": [-122.8649, 38.0556]
      }
    },
    {
      "type": "Feature",
      "properties": {
        "id": "irma-646211",
        "institution": [
          "National Park Service (NPS)"
        ],
        "collection": [
          "NPS - IRMA"
        ],
        "topic": [
          "1959",
          "Kilauea Iki",
          "Kilauea Volcano",
          "Lava Flow",
          "Lava Lake",
          "Mechanism",
          "Revegetation"
        ],
        "format": "Dissertation",
        "publishDate": "1972",
        "building": [
          "Hawaii Volcanoes National Park (HAVO)"
        ],
        "Title": "Invasion, early succession and recovery of vegetation on the 1959 Kilauea volcanic surfaces, Hawaii Volcanoes National Park, Hawaii",
        "Link": "https://irma.nps.gov/DataStore/Reference/Profile/646211"
      },
      "geometry": {
        "type": "Point",
        "coordinates": [-155.4073, 19.235]
      }
    },
    {
      "type": "Feature",
      "properties": {
        "id": "irma-336027",
        "institution": [
          "National Park Service (NPS)"
        ],
        "collection": [
          "NPS - IRMA"
        ],
        "topic": [
          "British Columbia Canada",
          "Landscape (Natural)",
          "Recreation",
          "Visitors"
        ],
        "format": "Dissertation",
        "publishDate": "1972",
        "building": [
          "Glacier National Park (GLAC)"
        ],
        "Title": "Man, landscape and recreation in Glacier National Park, British Columbia, 1880 to present",
        "Link": "https://irma.nps.gov/DataStore/Reference/Profile/336027"
      },
      "geometry": {
        "type": "Point",
        "coordinates": [-113.8587, 48.7468]
      }
    },
    {
      "type": "Feature",
      "properties": {
        "id": "irma-645784",
        "institution": [
          "National Park Service (NPS)"
        ],
        "collection": [
          "NPS - IRMA"
        ],
        "topic": [
          "Chemical Analysis",
          "Experimental Studies",
          "Honolulu Volcanic Series",
          "Magma Transport",
          "Major Oxides",
          "Mantle",
          "Mechanism",
          "Oahu",
          "Partial Melt",
          "Petrology",
          "Salt Lake",
          "Xenolith"
        ],
        "format": "Dissertation",
        "publishDate": "1972",
        "building": [
          "Hawaii Volcanoes National Park (HAVO)"
        ],
        "Title": "Partial melting of a spinel lherzolite at 20 kilobars pressure",
        "Link": "https://irma.nps.gov/DataStore/Reference/Profile/645784"
      },
      "geometry": {
        "type": "Point",
        "coordinates": [-155.4073, 19.235]
      }
    },
    {
      "type": "Feature",
      "properties": {
        "id": "irma-582492",
        "institution": [
          "National Park Service (NPS)"
        ],
        "collection": [
          "NPS - IRMA"
        ],
        "topic": [
          "Botany",
          "Forest",
          "nonvascular"
        ],
        "format": "Dissertation",
        "publishDate": "1972",
        "building": [
          "Glacier Bay National Park and Preserve (GLBA)",
          "Southeast Alaska Network (SEAN)"
        ],
        "Title": "The bryo-geography of southeast Alaska",
        "Link": "https://irma.nps.gov/DataStore/Reference/Profile/582492"
      },
      "geometry": {
        "type": "Point",
        "coordinates": [-136.8654, 58.7004]
      }
    },
    {
      "type": "Feature",
      "properties": {
        "id": "irma-25820",
        "institution": [
          "National Park Service (NPS)"
        ],
        "collection": [
          "NPS - IRMA"
        ],
        "topic": [
          "Great Smoky Mountains National Park NC TN",
          "Nothonotus",
          "Plant Studies"
        ],
        "format": "Dissertation",
        "publishDate": "1972",
        "building": [
          "Great Smoky Mountains National Park (GRSM)"
        ],
        "Title": "The comparative ecology of three species of Nothonotus (Percidae- Etheostoma) in Tennessees Little River",
        "Link": "https://irma.nps.gov/DataStore/Reference/Profile/25820"
      },
      "geometry": {
        "type": "Point",
        "coordinates": [-83.5282, 35.5716]
      }
    },
    {
      "type": "Feature",
      "properties": {
        "id": "irma-58351",
        "institution": [
          "National Park Service (NPS)"
        ],
        "collection": [
          "NPS - IRMA"
        ],
        "topic": [
          "Growth",
          "Hawai`i",
          "Metrosideros",
          "Phenology",
          "Plant Studies"
        ],
        "format": "Dissertation",
        "publishDate": "1972",
        "building": [
          "Haleakala National Park (HALE)"
        ],
        "Title": "The growth and phenology of Metrosideros in Hawai`i",
        "Link": "https://irma.nps.gov/DataStore/Reference/Profile/58351"
      },
      "geometry": {
        "type": "Point",
        "coordinates": [-156.1471, 20.7045]
      }
    },
    {
      "type": "Feature",
      "properties": {
        "id": "irma-134789",
        "institution": [
          "National Park Service (NPS)"
        ],
        "collection": [
          "NPS - IRMA"
        ],
        "topic": [
          "Denali National Park And Preserve",
          "Mount Mckinley National Park",
          "Mt. McKinley National Park"
        ],
        "format": "Dissertation",
        "publishDate": "1972",
        "building": [
          "Denali National Park and Preserve (DENA)"
        ],
        "Title": "Water metabolism by reindeer (Rangifer tarandus)",
        "Link": "https://irma.nps.gov/DataStore/Reference/Profile/134789"
      },
      "geometry": {
        "type": "Point",
        "coordinates": [-150.6029, 63.3183]
      }
    },
    {
      "type": "Feature",
      "properties": {
        "id": "irma-646196",
        "institution": [
          "National Park Service (NPS)"
        ],
        "collection": [
          "NPS - IRMA"
        ],
        "topic": [
          "Hawaiian Archipelago",
          "Pedology"
        ],
        "format": "Dissertation",
        "publishDate": "1971",
        "building": [
          "Hawaii Volcanoes National Park (HAVO)"
        ],
        "Title": "An investigation of the tropical histosols in Hawaii",
        "Link": "https://irma.nps.gov/DataStore/Reference/Profile/646196"
      },
      "geometry": {
        "type": "Point",
        "coordinates": [-155.4073, 19.235]
      }
    },
    {
      "type": "Feature",
      "properties": {
        "id": "irma-33276",
        "institution": [
          "National Park Service (NPS)"
        ],
        "collection": [
          "NPS - IRMA"
        ],
        "topic": [
          "Carbon",
          "Estuary",
          "Marine"
        ],
        "format": "Dissertation",
        "publishDate": "1971",
        "building": [
          "Glacier Bay National Park and Preserve (GLBA)"
        ],
        "Title": "Distribution of dissolved and particulate organic carbon in Alaskan polar, sub-polar and estuarine waters",
        "Link": "https://irma.nps.gov/DataStore/Reference/Profile/33276"
      },
      "geometry": {
        "type": "Point",
        "coordinates": [-136.8654, 58.7004]
      }
    },
    {
      "type": "Feature",
      "properties": {
        "id": "irma-39431",
        "institution": [
          "National Park Service (NPS)"
        ],
        "collection": [
          "NPS - IRMA"
        ],
        "topic": [
          "Physical Sciences",
          "Wrangell-Saint Elias National Park and Preserve",
          "Wrangell-St. Elias National Park And Preserve"
        ],
        "format": "Dissertation",
        "publishDate": "1971",
        "building": [
          "Wrangell-St. Elias National Park and Preserve (WRST)"
        ],
        "Title": "Energy balance studies over glacier and tundra surfaces, summer 1969",
        "Link": "https://irma.nps.gov/DataStore/Reference/Profile/39431"
      },
      "geometry": {
        "type": "Point",
        "coordinates": [-142.1319, 60.6918]
      }
    },
    {
      "type": "Feature",
      "properties": {
        "id": "irma-39454",
        "institution": [
          "National Park Service (NPS)"
        ],
        "collection": [
          "NPS - IRMA"
        ],
        "topic": [
          "Coastal Regions",
          "Geomorphology",
          "Moloka`i HI",
          "Physical Sciences"
        ],
        "format": "Dissertation",
        "publishDate": "1971",
        "building": [
          "Kalaupapa National Historical Park (KALA)"
        ],
        "Title": "Engineering analysis of subaerial and submarine geomorphology along the north coast of Moloka`i Island, HI",
        "Link": "https://irma.nps.gov/DataStore/Reference/Profile/39454"
      },
      "geometry": {
        "type": "Point",
        "coordinates": [-156.9565, 21.1558]
      }
    },
    {
      "type": "Feature",
      "properties": {
        "id": "irma-646092",
        "institution": [
          "National Park Service (NPS)"
        ],
        "collection": [
          "NPS - IRMA"
        ],
        "topic": [
          "Bathymetry",
          "East Molokai Volcano",
          "Geomorphology",
          "Hazard",
          "Landslide",
          "Mechanism",
          "Reflection",
          "Seismology",
          "Submarine",
          "West Molokai Volcano"
        ],
        "format": "Dissertation",
        "publishDate": "1971",
        "building": [
          "Hawaii Volcanoes National Park (HAVO)"
        ],
        "Title": "Engineering analysis of subaerial and submarine geomorphology along the north coast of Molokai Island, Hawaii",
        "Link": "https://irma.nps.gov/DataStore/Reference/Profile/646092"
      },
      "geometry": {
        "type": "Point",
        "coordinates": [-155.4073, 19.235]
      }
    },
    {
      "type": "Feature",
      "properties": {
        "id": "irma-645939",
        "institution": [
          "National Park Service (NPS)"
        ],
        "collection": [
          "NPS - IRMA"
        ],
        "topic": [
          "230Th-234U Decay Series",
          "Age Dating",
          "Chemical Analysis",
          "Coral",
          "Method",
          "Oahu"
        ],
        "format": "Dissertation",
        "publishDate": "1971",
        "building": [
          "Hawaii Volcanoes National Park (HAVO)"
        ],
        "Title": "Radiometric ages of selected Hawaiian corals",
        "Link": "https://irma.nps.gov/DataStore/Reference/Profile/645939"
      },
      "geometry": {
        "type": "Point",
        "coordinates": [-155.4073, 19.235]
      }
    },
    {
      "type": "Feature",
      "properties": {
        "id": "irma-660592",
        "institution": [
          "National Park Service (NPS)"
        ],
        "collection": [
          "NPS - IRMA"
        ],
        "topic": [
          "History",
          "Land Use",
          "Park Establishment",
          "Resource Management"
        ],
        "format": "Dissertation",
        "publishDate": "1971",
        "building": [
          "Olympic National Park (OLYM)"
        ],
        "Title": "The tenacity of value commitment: the Forest Service and the Olympic National Park",
        "Link": "https://irma.nps.gov/DataStore/Reference/Profile/660592"
      },
      "geometry": {
        "type": "Point",
        "coordinates": [-123.6996, 47.7886]
      }
    },
    {
      "type": "Feature",
      "properties": {
        "id": "irma-169220",
        "institution": [
          "National Park Service (NPS)"
        ],
        "collection": [
          "NPS - IRMA"
        ],
        "topic": [
          "Animal Studies",
          "Aquatic Communities",
          "Cyclops scutifer Sars (Copepod)",
          "Pedro Bay Iliamna Lake AK",
          "Plankton",
          "Population Dynamics",
          "Primary Production",
          "Zooplankton"
        ],
        "format": "Dissertation",
        "publishDate": "1971",
        "building": [
          "Lake Clark National Park and Preserve (LACL)"
        ],
        "Title": "The life history and population dynamics of Cyclops scutifer sars in Pedro Bay, Iliamna Lake, Alaska",
        "Link": "https://irma.nps.gov/DataStore/Reference/Profile/169220"
      },
      "geometry": {
        "type": "Point",
        "coordinates": [-153.2619, 60.5804]
      }
    },
    {
      "type": "Feature",
      "properties": {
        "id": "irma-556502",
        "institution": [
          "National Park Service (NPS)"
        ],
        "collection": [
          "NPS - IRMA"
        ],
        "topic": [
          "Algae",
          "Cape Cod Bay",
          "Distribution",
          "Massachusetts Bay",
          "Population",
          "Population Dynamics",
          "Reproduction",
          "Woods Hole MA"
        ],
        "format": "Dissertation",
        "publishDate": "1971",
        "building": [
          "Boston Harbor Islands National Recreation Area (BOHA)"
        ],
        "Title": "The species composition, seasonal succession, reproduction and distribution of marine algae from Scituate to Woods Hole, Massachusetts",
        "Link": "https://irma.nps.gov/DataStore/Reference/Profile/556502"
      },
      "geometry": {
        "type": "Point",
        "coordinates": [-70.8762, 42.2622]
      }
    },
    {
      "type": "Feature",
      "properties": {
        "id": "irma-579892",
        "institution": [
          "National Park Service (NPS)"
        ],
        "collection": [
          "NPS - IRMA"
        ],
        "topic": [
          "Arctic",
          "Carnivores",
          "Diet",
          "Energetics",
          "Fox",
          "Hunting",
          "Mammals",
          "Metabolism",
          "Physiology",
          "Predation"
        ],
        "format": "Dissertation",
        "publishDate": "1971",
        "building": [
          "Arctic Network (ARCN)",
          "Bering Land Bridge National Preserve (BELA)",
          "Cape Krusenstern National Monument (CAKR)",
          "Gates of the Arctic National Park and Preserve (GAAR)",
          "Kobuk Valley National Park (KOVA)",
          "Noatak National Preserve (NOAT)"
        ],
        "Title": "The bioenergetics of the arctic fox (Alopex Lagopus L.)",
        "Link": "https://irma.nps.gov/DataStore/Reference/Profile/579892"
      },
      "geometry": {
        "type": "MultiPoint",
        "coordinates": [
          [-165.1266, 66.2151],
          [-163.4533, 67.4268],
          [-153.3869, 67.869],
          [-159.0631, 67.2802],
          [-159.3945, 68.1814]
        ]
      }
    },
    {
      "type": "Feature",
      "properties": {
        "id": "irma-564414",
        "institution": [
          "National Park Service (NPS)"
        ],
        "collection": [
          "NPS - IRMA"
        ],
        "topic": [
          "Atlin",
          "fossil pollen",
          "geobotanical study",
          "Plant Communities (Vegetation)",
          "Plant Survey",
          "temperate forest",
          "Yukon Territory"
        ],
        "format": "Dissertation",
        "publishDate": "1970",
        "building": [
          "Klondike Gold Rush National Historical Park (KLGO)"
        ],
        "Title": "A geobotanical study in the Atlin region in northwestern British Columbia and south-central Yukon Territory",
        "Link": "https://irma.nps.gov/DataStore/Reference/Profile/564414"
      },
      "geometry": {
        "type": "Point",
        "coordinates": [-135.2926, 59.6316]
      }
    },
    {
      "type": "Feature",
      "properties": {
        "id": "irma-2217880",
        "institution": [
          "National Park Service (NPS)"
        ],
        "collection": [
          "NPS - IRMA"
        ],
        "topic": [
          "Pugettia producta",
          "TBBI"
        ],
        "format": "Dissertation",
        "publishDate": "1970",
        "building": [
          "Point Reyes National Seashore (PORE)",
          "San Francisco Bay Area Network (SFAN)"
        ],
        "Title": "Changes in blood volume and permeability associated with molting in a marine crab, Pugettia producta",
        "Link": "https://irma.nps.gov/DataStore/Reference/Profile/2217880"
      },
      "geometry": {
        "type": "Point",
        "coordinates": [-122.8649, 38.0556]
      }
    },
    {
      "type": "Feature",
      "properties": {
        "id": "irma-338983",
        "institution": [
          "National Park Service (NPS)"
        ],
        "collection": [
          "NPS - IRMA"
        ],
        "topic": [
          "Ecology",
          "Plant Sciences",
          "subalpine larch (Larix lyallii)"
        ],
        "format": "Dissertation",
        "publishDate": "1970",
        "building": [
          "Glacier National Park (GLAC)"
        ],
        "Title": "Ecology of Alpine Larch (Larix Lyallii, Parl.) in the Pacific Northwest",
        "Link": "https://irma.nps.gov/DataStore/Reference/Profile/338983"
      },
      "geometry": {
        "type": "Point",
        "coordinates": [-113.8587, 48.7468]
      }
    },
    {
      "type": "Feature",
      "properties": {
        "id": "irma-645943",
        "institution": [
          "National Park Service (NPS)"
        ],
        "collection": [
          "NPS - IRMA"
        ],
        "topic": [
          "Age Dating",
          "Chemical Analysis",
          "Honolulu Volcanic Series",
          "Kaimuki rift",
          "Koko rift",
          "Method",
          "Oahu",
          "Potassium-Argon (K-Ar)",
          "Salt Lake",
          "Xenolith"
        ],
        "format": "Dissertation",
        "publishDate": "1970",
        "building": [
          "Hawaii Volcanoes National Park (HAVO)"
        ],
        "Title": "Improvements in the potassium-argon dating method and their application to studies of the Honolulu Volcanic Series",
        "Link": "https://irma.nps.gov/DataStore/Reference/Profile/645943"
      },
      "geometry": {
        "type": "Point",
        "coordinates": [-155.4073, 19.235]
      }
    },
    {
      "type": "Feature",
      "properties": {
        "id": "irma-601028",
        "institution": [
          "National Park Service (NPS)"
        ],
        "collection": [
          "NPS - IRMA"
        ],
        "topic": [
          "Eumetopias jubatus",
          "Marine",
          "Marine Mammals",
          "Steller Sea Lions",
          "Wildlife"
        ],
        "format": "Dissertation",
        "publishDate": "1970",
        "building": [
          "Aniakchak National Monument and Preserve (ANIA)",
          "Glacier Bay National Park and Preserve (GLBA)",
          "Katmai National Park and Preserve (KATM)",
          "Kenai Fjords National Park (KEFJ)",
          "Sitka National Historical Park (SITK)",
          "Wrangell-St. Elias National Park and Preserve (WRST)"
        ],
        "Title": "Social behavior of the Steller sea lion",
        "Link": "https://irma.nps.gov/DataStore/Reference/Profile/601028"
      },
      "geometry": {
        "type": "MultiPoint",
        "coordinates": [
          [-158.0973, 56.9011],
          [-136.8654, 58.7004],
          [-154.8894, 58.5661],
          [-150.2466, 59.504],
          [-135.3156, 57.047],
          [-142.1319, 60.6918]
        ]
      }
    },
    {
      "type": "Feature",
      "properties": {
        "id": "irma-580216",
        "institution": [
          "National Park Service (NPS)"
        ],
        "collection": [
          "NPS - IRMA"
        ],
        "topic": [
          "Arctic",
          "Productivity",
          "Vegetation"
        ],
        "format": "Dissertation",
        "publishDate": "1969",
        "building": [
          "Arctic Network (ARCN)",
          "Bering Land Bridge National Preserve (BELA)",
          "Cape Krusenstern National Monument (CAKR)",
          "Gates of the Arctic National Park and Preserve (GAAR)",
          "Kobuk Valley National Park (KOVA)",
          "Noatak National Preserve (NOAT)"
        ],
        "Title": "Growth of tundra vegetation in relation to arctic microenvironments at Barrow, Alaska",
        "Link": "https://irma.nps.gov/DataStore/Reference/Profile/580216"
      },
      "geometry": {
        "type": "MultiPoint",
        "coordinates": [
          [-165.1266, 66.2151],
          [-163.4533, 67.4268],
          [-153.3869, 67.869],
          [-159.0631, 67.2802],
          [-159.3945, 68.1814]
        ]
      }
    },
    {
      "type": "Feature",
      "properties": {
        "id": "irma-564119",
        "institution": [
          "National Park Service (NPS)"
        ],
        "collection": [
          "NPS - IRMA"
        ],
        "topic": [
          "Hydrology",
          "Lynn Canal",
          "Water - Hydrology"
        ],
        "format": "Dissertation",
        "publishDate": "1969",
        "building": [
          "Klondike Gold Rush National Historical Park (KLGO)"
        ],
        "Title": "Heat and water balance of Lynn Canal, Alaska",
        "Link": "https://irma.nps.gov/DataStore/Reference/Profile/564119"
      },
      "geometry": {
        "type": "Point",
        "coordinates": [-135.2926, 59.6316]
      }
    },
    {
      "type": "Feature",
      "properties": {
        "id": "irma-646121",
        "institution": [
          "National Park Service (NPS)"
        ],
        "collection": [
          "NPS - IRMA"
        ],
        "topic": [
          "1800-1801",
          "Argon (Ar)",
          "Chemical Analysis",
          "Geochemistry",
          "Hawaii (Big Island)",
          "Helium (He)",
          "Honolulu Volcanic Series",
          "Hualalai Volcano",
          "Isotopes",
          "Kilauea East Rift Zone",
          "Oahu",
          "Salt Lake",
          "Submarine",
          "Trace Elements",
          "Xenolith"
        ],
        "format": "Dissertation",
        "publishDate": "1969",
        "building": [
          "Hawaii Volcanoes National Park (HAVO)"
        ],
        "Title": "Investigation of the inert gas content of Hawaiian inclusions that exhibit anomalous ages",
        "Link": "https://irma.nps.gov/DataStore/Reference/Profile/646121"
      },
      "geometry": {
        "type": "Point",
        "coordinates": [-155.4073, 19.235]
      }
    },
    {
      "type": "Feature",
      "properties": {
        "id": "irma-645747",
        "institution": [
          "National Park Service (NPS)"
        ],
        "collection": [
          "NPS - IRMA"
        ],
        "topic": [
          "Hawaii (Big Island)",
          "Kilauea Volcano",
          "Lava Flow",
          "Mauna Loa Volcano",
          "Mechanism",
          "Pedology",
          "Revegetation"
        ],
        "format": "Dissertation",
        "publishDate": "1969",
        "building": [
          "Hawaii Volcanoes National Park (HAVO)"
        ],
        "Title": "Rates of ecosystem development on some Hawaiian lava flows",
        "Link": "https://irma.nps.gov/DataStore/Reference/Profile/645747"
      },
      "geometry": {
        "type": "Point",
        "coordinates": [-155.4073, 19.235]
      }
    },
    {
      "type": "Feature",
      "properties": {
        "id": "irma-646107",
        "institution": [
          "National Park Service (NPS)"
        ],
        "collection": [
          "NPS - IRMA"
        ],
        "topic": [
          "Crust",
          "Depth",
          "Hawaiian Arch",
          "Hawaiian Archipelago",
          "Hawaiian Deep",
          "Mantle",
          "Mohorovicic Discontinuity",
          "Refraction",
          "Seismology",
          "Velocity Structure"
        ],
        "format": "Dissertation",
        "publishDate": "1969",
        "building": [
          "Hawaii Volcanoes National Park (HAVO)"
        ],
        "Title": "Velocity anistrophy and crustal structure of the Hawaiian Arch",
        "Link": "https://irma.nps.gov/DataStore/Reference/Profile/646107"
      },
      "geometry": {
        "type": "Point",
        "coordinates": [-155.4073, 19.235]
      }
    },
    {
      "type": "Feature",
      "properties": {
        "id": "irma-36632",
        "institution": [
          "National Park Service (NPS)"
        ],
        "collection": [
          "NPS - IRMA"
        ],
        "topic": [
          "Caribou",
          "Denali National Park And Preserve",
          "Ecology",
          "Mount Mckinley National Park",
          "Mt. McKinley National Park"
        ],
        "format": "Dissertation",
        "publishDate": "1968",
        "building": [
          "Denali National Park and Preserve (DENA)",
          "Yukon-Charley Rivers National Preserve (YUCH)"
        ],
        "Title": "Ecology of the caribou (Rangifer tarandus granti) in Alaska",
        "Link": "https://irma.nps.gov/DataStore/Reference/Profile/36632"
      },
      "geometry": {
        "type": "MultiPoint",
        "coordinates": [
          [-150.6029, 63.3183],
          [-142.5708, 65.1668]
        ]
      }
    },
    {
      "type": "Feature",
      "properties": {
        "id": "irma-43590",
        "institution": [
          "National Park Service (NPS)"
        ],
        "collection": [
          "NPS - IRMA"
        ],
        "topic": [
          "Great Smoky Mountains National Park NC TN"
        ],
        "format": "Dissertation",
        "publishDate": "1968",
        "building": [
          "Great Smoky Mountains National Park (GRSM)"
        ],
        "Title": "Factors affecting the distribution of Pinus pungens, an Appalachian endemic",
        "Link": "https://irma.nps.gov/DataStore/Reference/Profile/43590"
      },
      "geometry": {
        "type": "Point",
        "coordinates": [-83.5282, 35.5716]
      }
    },
    {
      "type": "Feature",
      "properties": {
        "id": "irma-56008",
        "institution": [
          "National Park Service (NPS)"
        ],
        "collection": [
          "NPS - IRMA"
        ],
        "topic": [
          "Geology",
          "Glaciology"
        ],
        "format": "Dissertation",
        "publishDate": "1968",
        "building": [
          "Glacier Bay National Park and Preserve (GLBA)"
        ],
        "Title": "Glacial history of Adams Inlet, southeastern Alaska",
        "Link": "https://irma.nps.gov/DataStore/Reference/Profile/56008"
      },
      "geometry": {
        "type": "Point",
        "coordinates": [-136.8654, 58.7004]
      }
    },
    {
      "type": "Feature",
      "properties": {
        "id": "irma-86598",
        "institution": [
          "National Park Service (NPS)"
        ],
        "collection": [
          "NPS - IRMA"
        ],
        "topic": [
          "Geology",
          "Glaciology"
        ],
        "format": "Dissertation",
        "publishDate": "1968",
        "building": [
          "Glacier Bay National Park and Preserve (GLBA)"
        ],
        "Title": "Glaciological investigtations on the Casement Glacier, southeast Alaska",
        "Link": "https://irma.nps.gov/DataStore/Reference/Profile/86598"
      },
      "geometry": {
        "type": "Point",
        "coordinates": [-136.8654, 58.7004]
      }
    },
    {
      "type": "Feature",
      "properties": {
        "id": "irma-646098",
        "institution": [
          "National Park Service (NPS)"
        ],
        "collection": [
          "NPS - IRMA"
        ],
        "topic": [
          "1965",
          "Carbon (C)",
          "Chemical Analysis",
          "East Rift Zone",
          "Geochemistry",
          "Instrumentation",
          "Isotopes",
          "Kilauea Volcano",
          "Makaopuhi Crater",
          "Method",
          "Oxygen (O)",
          "Sulphur Bank",
          "Volcanic Gas"
        ],
        "format": "Dissertation",
        "publishDate": "1968",
        "building": [
          "Hawaii Volcanoes National Park (HAVO)"
        ],
        "Title": "Isotopic fractionation in Hawaiian volcanic gases",
        "Link": "https://irma.nps.gov/DataStore/Reference/Profile/646098"
      },
      "geometry": {
        "type": "Point",
        "coordinates": [-155.4073, 19.235]
      }
    },
    {
      "type": "Feature",
      "properties": {
        "id": "irma-580240",
        "institution": [
          "National Park Service (NPS)"
        ],
        "collection": [
          "NPS - IRMA"
        ],
        "topic": [
          "Alnus",
          "Branta canadensis occidentalis",
          "Communities",
          "Copper River Delta",
          "Data",
          "Deschampsia",
          "Festuca",
          "Great Alaska Earthquake of 1964",
          "Hedysarum",
          "Myrica",
          "Picea",
          "poa",
          "Salix",
          "Succession",
          "Vegetation"
        ],
        "format": "Dissertation",
        "publishDate": "1968",
        "building": [
          "Central Alaska Network (CAKN)",
          "Denali National Park and Preserve (DENA)",
          "Wrangell-St. Elias National Park and Preserve (WRST)"
        ],
        "Title": "Plant ecology of the Copper River Delta, Alaska",
        "Link": "https://irma.nps.gov/DataStore/Reference/Profile/580240"
      },
      "geometry": {
        "type": "MultiPoint",
        "coordinates": [
          [-150.6029, 63.3183],
          [-142.1319, 60.6918]
        ]
      }
    },
    {
      "type": "Feature",
      "properties": {
        "id": "irma-645994",
        "institution": [
          "National Park Service (NPS)"
        ],
        "collection": [
          "NPS - IRMA"
        ],
        "topic": [
          "Glass",
          "Hawaiian Archipelago",
          "Mechanism",
          "Weathering",
          "West Maui Volcano"
        ],
        "format": "Dissertation",
        "publishDate": "1968",
        "building": [
          "Hawaii Volcanoes National Park (HAVO)"
        ],
        "Title": "The weathering of Hawaiian volcanic glass and the transformation of amorphous and crystalline phases",
        "Link": "https://irma.nps.gov/DataStore/Reference/Profile/645994"
      },
      "geometry": {
        "type": "Point",
        "coordinates": [-155.4073, 19.235]
      }
    },
    {
      "type": "Feature",
      "properties": {
        "id": "irma-645898",
        "institution": [
          "National Park Service (NPS)"
        ],
        "collection": [
          "NPS - IRMA"
        ],
        "topic": [
          "1965",
          "Chemical Analysis",
          "Drill Hole",
          "East Rift Zone",
          "Geochemistry",
          "Kilauea Volcano",
          "Lava Lake",
          "Makaopuhi Crater",
          "Mechanism",
          "Method",
          "Sulphur Bank",
          "Volcanic Gas"
        ],
        "format": "Dissertation",
        "publishDate": "1967",
        "building": [
          "Hawaii Volcanoes National Park (HAVO)"
        ],
        "Title": "A chemical study of Hawaiian volcanic gases",
        "Link": "https://irma.nps.gov/DataStore/Reference/Profile/645898"
      },
      "geometry": {
        "type": "Point",
        "coordinates": [-155.4073, 19.235]
      }
    },
    {
      "type": "Feature",
      "properties": {
        "id": "irma-645990",
        "institution": [
          "National Park Service (NPS)"
        ],
        "collection": [
          "NPS - IRMA"
        ],
        "topic": [
          "Geochemistry",
          "Hawaiian Archipelago",
          "Mineralogy",
          "Pedology"
        ],
        "format": "Dissertation",
        "publishDate": "1967",
        "building": [
          "Hawaii Volcanoes National Park (HAVO)"
        ],
        "Title": "A genetic study of the gray hydromorphic soils of the Hawaiian Islands",
        "Link": "https://irma.nps.gov/DataStore/Reference/Profile/645990"
      },
      "geometry": {
        "type": "Point",
        "coordinates": [-155.4073, 19.235]
      }
    },
    {
      "type": "Feature",
      "properties": {
        "id": "irma-645937",
        "institution": [
          "National Park Service (NPS)"
        ],
        "collection": [
          "NPS - IRMA"
        ],
        "topic": [
          "Calcium (Ca)",
          "Chemical Analysis",
          "Chromium (Cr)",
          "Copper (Cu)",
          "Gallium (Ga)",
          "Geochemistry",
          "Kauai",
          "Method",
          "Nickel (Ni)",
          "Oahu",
          "Rock",
          "Trace Elements",
          "Waianae Volcano",
          "Zinc (Zn)"
        ],
        "format": "Dissertation",
        "publishDate": "1967",
        "building": [
          "Hawaii Volcanoes National Park (HAVO)"
        ],
        "Title": "Selected trace elements in Hawaiian lavas by atomic absorption spectrophotometry",
        "Link": "https://irma.nps.gov/DataStore/Reference/Profile/645937"
      },
      "geometry": {
        "type": "Point",
        "coordinates": [-155.4073, 19.235]
      }
    },
    {
      "type": "Feature",
      "properties": {
        "id": "irma-645974",
        "institution": [
          "National Park Service (NPS)"
        ],
        "collection": [
          "NPS - IRMA"
        ],
        "topic": [
          "1955",
          "Chemical Analysis",
          "Cobalt (Co)",
          "East Rift Zone",
          "Geochemistry",
          "Honolulu Volcanic Series",
          "Kauai",
          "Kilauea Volcano",
          "Koloa Volcanics",
          "Nickel (Ni)",
          "Oahu",
          "Rock",
          "Rubidium (Rb)",
          "Strontium (Sr)",
          "Trace Elements",
          "Vanadium (V)",
          "Zirconium (Zr)"
        ],
        "format": "Dissertation",
        "publishDate": "1967",
        "building": [
          "Hawaii Volcanoes National Park (HAVO)"
        ],
        "Title": "Some trace elements in Hawaiian lavas",
        "Link": "https://irma.nps.gov/DataStore/Reference/Profile/645974"
      },
      "geometry": {
        "type": "Point",
        "coordinates": [-155.4073, 19.235]
      }
    },
    {
      "type": "Feature",
      "properties": {
        "id": "irma-646128",
        "institution": [
          "National Park Service (NPS)"
        ],
        "collection": [
          "NPS - IRMA"
        ],
        "topic": [
          "1919",
          "Chemical Analysis",
          "Geochemistry",
          "Halemaumau Crater",
          "Kilauea Volcano",
          "Mechanism",
          "Modeling",
          "Volcanic Gas"
        ],
        "format": "Dissertation",
        "publishDate": "1967",
        "building": [
          "Hawaii Volcanoes National Park (HAVO)"
        ],
        "Title": "The composition of the basaltic gas phase",
        "Link": "https://irma.nps.gov/DataStore/Reference/Profile/646128"
      },
      "geometry": {
        "type": "Point",
        "coordinates": [-155.4073, 19.235]
      }
    },
    {
      "type": "Feature",
      "properties": {
        "id": "irma-338510",
        "institution": [
          "National Park Service (NPS)"
        ],
        "collection": [
          "NPS - IRMA"
        ],
        "topic": [
          "Animal Studies",
          "Big Creek Flathead National Forest MT",
          "Black Bear (Ursus americanus)",
          "Ecology",
          "Management",
          "Population Dynamics",
          "Spruce-Fir Forest"
        ],
        "format": "Dissertation",
        "publishDate": "1967",
        "building": [
          "Glacier National Park (GLAC)"
        ],
        "Title": "The ecology, population dynamics, and management of the black bear in the spruce-fir forest of northwestern Montana",
        "Link": "https://irma.nps.gov/DataStore/Reference/Profile/338510"
      },
      "geometry": {
        "type": "Point",
        "coordinates": [-113.8587, 48.7468]
      }
    },
    {
      "type": "Feature",
      "properties": {
        "id": "irma-16773",
        "institution": [
          "National Park Service (NPS)"
        ],
        "collection": [
          "NPS - IRMA"
        ],
        "topic": [
          "Ecology",
          "Inventory and Monitoring (I&M)",
          "Plant Studies"
        ],
        "format": "Dissertation",
        "publishDate": "1966",
        "building": [
          "Great Smoky Mountains National Park (GRSM)"
        ],
        "Title": "A biosystematic study of the genus Halesia Ellis (Styracaceae)",
        "Link": "https://irma.nps.gov/DataStore/Reference/Profile/16773"
      },
      "geometry": {
        "type": "Point",
        "coordinates": [-83.5282, 35.5716]
      }
    },
    {
      "type": "Feature",
      "properties": {
        "id": "irma-605814",
        "institution": [
          "National Park Service (NPS)"
        ],
        "collection": [
          "NPS - IRMA"
        ],
        "topic": [
          "Athapaskan Indians",
          "McGrath"
        ],
        "format": "Dissertation",
        "publishDate": "1966",
        "building": [
          "Denali National Park and Preserve (DENA)"
        ],
        "Title": "Factionalism and acculturation in an Alaskan Athapaskan community",
        "Link": "https://irma.nps.gov/DataStore/Reference/Profile/605814"
      },
      "geometry": {
        "type": "Point",
        "coordinates": [-150.6029, 63.3183]
      }
    },
    {
      "type": "Feature",
      "properties": {
        "id": "irma-54255",
        "institution": [
          "National Park Service (NPS)"
        ],
        "collection": [
          "NPS - IRMA"
        ],
        "topic": [
          "Geology",
          "Manu`a Islands American Samoa",
          "Physical Sciences",
          "Samoa",
          "Volcanic Rocks",
          "Volcanism"
        ],
        "format": "Dissertation",
        "publishDate": "1966",
        "building": [
          "National Park of American Samoa (NPSA)"
        ],
        "Title": "Geology and petrology of the Manu`a Islands, American Samoa",
        "Link": "https://irma.nps.gov/DataStore/Reference/Profile/54255"
      },
      "geometry": {
        "type": "Point",
        "coordinates": [-170.689, -14.259]
      }
    },
    {
      "type": "Feature",
      "properties": {
        "id": "irma-646190",
        "institution": [
          "National Park Service (NPS)"
        ],
        "collection": [
          "NPS - IRMA"
        ],
        "topic": [
          "1800-1801",
          "1880-1881",
          "1912",
          "Chemical Analysis",
          "East Maui Volcano",
          "Geochemistry",
          "Haleakala Volcano",
          "Halemaumau Crater",
          "Hawaii (Big Island)",
          "Hawaiian Archipelago",
          "Honolulu Volcanic Series",
          "Hualalai Volcano",
          "Isotopes",
          "Kilauea Volcano",
          "Koolau Volcano",
          "Lanthanum (La)",
          "Lutetium (Lu)",
          "Major Oxides",
          "Mantle",
          "Mauna Kea Volcano",
          "Mauna Loa Volcano",
          "Melt",
          "Northeast Rift Zone",
          "Oahu",
          "Partition Coefficient",
          "Petrology",
          "Potassium (K)",
          "Prehistoric Volcanic Eruption",
          "Rare Earth Elements",
          "Rock",
          "Rubidium (Rb)",
          "Salt Lake",
          "Source",
          "Strontium (Sr)",
          "Trace Elements",
          "Xenolith",
          "Ytterbium (Yb)"
        ],
        "format": "Dissertation",
        "publishDate": "1966",
        "building": [
          "Haleakala National Park (HALE)",
          "Hawaii Volcanoes National Park (HAVO)"
        ],
        "Title": "Rare-earth fractionation in Hawaiian volcanic rocks",
        "Link": "https://irma.nps.gov/DataStore/Reference/Profile/646190"
      },
      "geometry": {
        "type": "MultiPoint",
        "coordinates": [
          [-156.1471, 20.7045],
          [-155.4073, 19.235]
        ]
      }
    },
    {
      "type": "Feature",
      "properties": {
        "id": "irma-645911",
        "institution": [
          "National Park Service (NPS)"
        ],
        "collection": [
          "NPS - IRMA"
        ],
        "topic": [
          "Age Dating",
          "Biotite",
          "Chemical Analysis",
          "Hawaiian Archipelago",
          "hornblende",
          "Mauna Kuwale rhyodacite flow",
          "Mineral",
          "Oahu",
          "Potassium-Argon (K-Ar)",
          "Waianae Volcano",
          "Xenolith"
        ],
        "format": "Dissertation",
        "publishDate": "1966",
        "building": [
          "Hawaii Volcanoes National Park (HAVO)"
        ],
        "Title": "The determination of a series of ages of a Hawaiian volcano by the potassium-argon method",
        "Link": "https://irma.nps.gov/DataStore/Reference/Profile/645911"
      },
      "geometry": {
        "type": "Point",
        "coordinates": [-155.4073, 19.235]
      }
    },
    {
      "type": "Feature",
      "properties": {
        "id": "irma-605664",
        "institution": [
          "National Park Service (NPS)"
        ],
        "collection": [
          "NPS - IRMA"
        ],
        "topic": [
          "Folklore",
          "Koyukon Athapaskan Indians",
          "Social Life and Customs",
          "Subsistence"
        ],
        "format": "Dissertation",
        "publishDate": "1966",
        "building": [
          "Denali National Park and Preserve (DENA)"
        ],
        "Title": "The changing culture of the Nulato Koyukon Indians",
        "Link": "https://irma.nps.gov/DataStore/Reference/Profile/605664"
      },
      "geometry": {
        "type": "Point",
        "coordinates": [-150.6029, 63.3183]
      }
    },
    {
      "type": "Feature",
      "properties": {
        "id": "irma-91751",
        "institution": [
          "National Park Service (NPS)"
        ],
        "collection": [
          "NPS - IRMA"
        ],
        "topic": [
          "Animal Studies",
          "Aquatic Sciences",
          "Chemistry",
          "Fisheries Management",
          "Hydrology",
          "Iliamna Lake Lake Clark National Park and Preserve AK",
          "Inorganic chemistry",
          "Lakes & Ponds",
          "Phosphorus",
          "Population Dynamics",
          "Sockeye Salmon (Oncorhynchus nerka)",
          "Surface Water"
        ],
        "format": "Dissertation",
        "publishDate": "1966",
        "building": [
          "Lake Clark National Park and Preserve (LACL)"
        ],
        "Title": "The Phosphorus budget of Iliamna Lake, Alaska as related to the cyclic abundance of sockeye salmon",
        "Link": "https://irma.nps.gov/DataStore/Reference/Profile/91751"
      },
      "geometry": {
        "type": "Point",
        "coordinates": [-153.2619, 60.5804]
      }
    },
    {
      "type": "Feature",
      "properties": {
        "id": "irma-2217929",
        "institution": [
          "National Park Service (NPS)"
        ],
        "collection": [
          "NPS - IRMA"
        ],
        "topic": [
          "Coralline algae",
          "TBBI"
        ],
        "format": "Dissertation",
        "publishDate": "1966",
        "building": [
          "Point Reyes National Seashore (PORE)",
          "San Francisco Bay Area Network (SFAN)"
        ],
        "Title": "The structure, reproduction and systematics of some coralline algae",
        "Link": "https://irma.nps.gov/DataStore/Reference/Profile/2217929"
      },
      "geometry": {
        "type": "Point",
        "coordinates": [-122.8649, 38.0556]
      }
    },
    {
      "type": "Feature",
      "properties": {
        "id": "irma-336065",
        "institution": [
          "National Park Service (NPS)"
        ],
        "collection": [
          "NPS - IRMA"
        ],
        "topic": [
          "belt series",
          "Diagenesis",
          "Metamorphism",
          "Physical Sciences",
          "Precambrian",
          "silicates (mineral group)"
        ],
        "format": "Dissertation",
        "publishDate": "1965",
        "building": [
          "Glacier National Park (GLAC)"
        ],
        "Title": "Diagenetic-metamorphic trends of layer silicates in the precambrian belt series",
        "Link": "https://irma.nps.gov/DataStore/Reference/Profile/336065"
      },
      "geometry": {
        "type": "Point",
        "coordinates": [-113.8587, 48.7468]
      }
    },
    {
      "type": "Feature",
      "properties": {
        "id": "irma-646070",
        "institution": [
          "National Park Service (NPS)"
        ],
        "collection": [
          "NPS - IRMA"
        ],
        "topic": [
          "Cross-Section",
          "Hawaiian Archipelago",
          "Koolau Volcano",
          "Magnetism",
          "Molokai Fracture Zone",
          "Non-Seismic Geophysics",
          "Oahu"
        ],
        "format": "Dissertation",
        "publishDate": "1965",
        "building": [
          "Hawaii Volcanoes National Park (HAVO)"
        ],
        "Title": "Magnetic surveys over the Hawaiian Ridge and their geological implications",
        "Link": "https://irma.nps.gov/DataStore/Reference/Profile/646070"
      },
      "geometry": {
        "type": "Point",
        "coordinates": [-155.4073, 19.235]
      }
    },
    {
      "type": "Feature",
      "properties": {
        "id": "irma-2217898",
        "institution": [
          "National Park Service (NPS)"
        ],
        "collection": [
          "NPS - IRMA"
        ],
        "topic": [
          "TBBI"
        ],
        "format": "Dissertation",
        "publishDate": "1965",
        "building": [
          "Point Reyes National Seashore (PORE)",
          "San Francisco Bay Area Network (SFAN)"
        ],
        "Title": "Marine geology of Tomales Bay, central California",
        "Link": "https://irma.nps.gov/DataStore/Reference/Profile/2217898"
      },
      "geometry": {
        "type": "Point",
        "coordinates": [-122.8649, 38.0556]
      }
    },
    {
      "type": "Feature",
      "properties": {
        "id": "irma-646254",
        "institution": [
          "National Park Service (NPS)"
        ],
        "collection": [
          "NPS - IRMA"
        ],
        "topic": [
          "Amphibole",
          "Chemical Analysis",
          "Clinopyroxene",
          "Garnet",
          "Hawaii (Big Island)",
          "Hawaiian Archipelago",
          "Honolulu Volcanic Series",
          "Kauai",
          "Major Oxides",
          "Maui",
          "Mechanism",
          "Melilite",
          "Mineral",
          "Nepheline",
          "Oahu",
          "Olivine",
          "Orthopyroxene",
          "Petrology",
          "Plagioclase",
          "Rock",
          "sulfide",
          "Xenolith"
        ],
        "format": "Dissertation",
        "publishDate": "1965",
        "building": [
          "Hawaii Volcanoes National Park (HAVO)"
        ],
        "Title": "Ultra-mafic inclusions in basaltic rocks from Hawaii",
        "Link": "https://irma.nps.gov/DataStore/Reference/Profile/646254"
      },
      "geometry": {
        "type": "Point",
        "coordinates": [-155.4073, 19.235]
      }
    },
    {
      "type": "Feature",
      "properties": {
        "id": "irma-646012",
        "institution": [
          "National Park Service (NPS)"
        ],
        "collection": [
          "NPS - IRMA"
        ],
        "topic": [
          "Hawaii (Big Island)",
          "Mauna Kea Volcano",
          "Mechanism",
          "Mineralogy",
          "Pedology",
          "Soil",
          "Weathering"
        ],
        "format": "Dissertation",
        "publishDate": "1964",
        "building": [
          "Hawaii Volcanoes National Park (HAVO)"
        ],
        "Title": "A study on the soils containing amorphous materials in the island of Hawaii",
        "Link": "https://irma.nps.gov/DataStore/Reference/Profile/646012"
      },
      "geometry": {
        "type": "Point",
        "coordinates": [-155.4073, 19.235]
      }
    },
    {
      "type": "Feature",
      "properties": {
        "id": "irma-580228",
        "institution": [
          "National Park Service (NPS)"
        ],
        "collection": [
          "NPS - IRMA"
        ],
        "topic": [
          "Arctic",
          "barren-ground",
          "Brooks Range",
          "Calving",
          "Caribou",
          "Colville River",
          "Eriophorum",
          "Killik River",
          "Utukok"
        ],
        "format": "Dissertation",
        "publishDate": "1964",
        "building": [
          "Arctic Network (ARCN)",
          "Bering Land Bridge National Preserve (BELA)",
          "Cape Krusenstern National Monument (CAKR)",
          "Gates of the Arctic National Park and Preserve (GAAR)",
          "Kobuk Valley National Park (KOVA)",
          "Noatak National Preserve (NOAT)"
        ],
        "Title": "Calving and related social behavior in the barren-ground caribou",
        "Link": "https://irma.nps.gov/DataStore/Reference/Profile/580228"
      },
      "geometry": {
        "type": "MultiPoint",
        "coordinates": [
          [-165.1266, 66.2151],
          [-163.4533, 67.4268],
          [-153.3869, 67.869],
          [-159.0631, 67.2802],
          [-159.3945, 68.1814]
        ]
      }
    },
    {
      "type": "Feature",
      "properties": {
        "id": "irma-336829",
        "institution": [
          "National Park Service (NPS)"
        ],
        "collection": [
          "NPS - IRMA"
        ],
        "topic": [
          "Alpine Zone",
          "calcareous rocks",
          "Ecology",
          "Montana",
          "Soils",
          "Vegetation"
        ],
        "format": "Dissertation",
        "publishDate": "1964",
        "building": [
          "Glacier National Park (GLAC)"
        ],
        "Title": "Ecology of the vegetation and soils associated with calcareous parent material in the alpine region of Montana",
        "Link": "https://irma.nps.gov/DataStore/Reference/Profile/336829"
      },
      "geometry": {
        "type": "Point",
        "coordinates": [-113.8587, 48.7468]
      }
    },
    {
      "type": "Feature",
      "properties": {
        "id": "irma-2217825",
        "institution": [
          "National Park Service (NPS)"
        ],
        "collection": [
          "NPS - IRMA"
        ],
        "topic": [
          "Pelecypod",
          "TBBI\\n"
        ],
        "format": "Dissertation",
        "publishDate": "1964",
        "building": [
          "Point Reyes National Seashore (PORE)",
          "San Francisco Bay Area Network (SFAN)"
        ],
        "Title": "Pelecypod size and sediment size",
        "Link": "https://irma.nps.gov/DataStore/Reference/Profile/2217825"
      },
      "geometry": {
        "type": "Point",
        "coordinates": [-122.8649, 38.0556]
      }
    },
    {
      "type": "Feature",
      "properties": {
        "id": "irma-645749",
        "institution": [
          "National Park Service (NPS)"
        ],
        "collection": [
          "NPS - IRMA"
        ],
        "topic": [
          "Age Dating",
          "Geochemistry",
          "Method",
          "Potassium-Argon (K-Ar)"
        ],
        "format": "Dissertation",
        "publishDate": "1963",
        "building": [
          "Hawaii Volcanoes National Park (HAVO)"
        ],
        "Title": "An investigation of a new method for potassium-argon age determination",
        "Link": "https://irma.nps.gov/DataStore/Reference/Profile/645749"
      },
      "geometry": {
        "type": "Point",
        "coordinates": [-155.4073, 19.235]
      }
    },
    {
      "type": "Feature",
      "properties": {
        "id": "irma-2179794",
        "institution": [
          "National Park Service (NPS)"
        ],
        "collection": [
          "NPS - IRMA"
        ],
        "topic": [
          "Geology",
          "Isle Au Haut",
          "Magma",
          "Rocks"
        ],
        "format": "Dissertation",
        "publishDate": "1963",
        "building": [
          "Acadia National Park (ACAD)"
        ],
        "Title": "Petrology of the granophyre of Isle au Haut, Maine",
        "Link": "https://irma.nps.gov/DataStore/Reference/Profile/2179794"
      },
      "geometry": {
        "type": "Point",
        "coordinates": [-68.2397, 44.3594]
      }
    },
    {
      "type": "Feature",
      "properties": {
        "id": "irma-580264",
        "institution": [
          "National Park Service (NPS)"
        ],
        "collection": [
          "NPS - IRMA"
        ],
        "topic": [
          "Arctic",
          "Habitats",
          "Mammals",
          "Small Mammals",
          "Wetlands"
        ],
        "format": "Dissertation",
        "publishDate": "1963",
        "building": [
          "Arctic Network (ARCN)",
          "Bering Land Bridge National Preserve (BELA)",
          "Cape Krusenstern National Monument (CAKR)",
          "Gates of the Arctic National Park and Preserve (GAAR)",
          "Kobuk Valley National Park (KOVA)",
          "Noatak National Preserve (NOAT)"
        ],
        "Title": "Production and chemical composition of arctic tundra vegetation and their relation to the lemming cycle",
        "Link": "https://irma.nps.gov/DataStore/Reference/Profile/580264"
      },
      "geometry": {
        "type": "MultiPoint",
        "coordinates": [
          [-165.1266, 66.2151],
          [-163.4533, 67.4268],
          [-153.3869, 67.869],
          [-159.0631, 67.2802],
          [-159.3945, 68.1814]
        ]
      }
    },
    {
      "type": "Feature",
      "properties": {
        "id": "irma-645751",
        "institution": [
          "National Park Service (NPS)"
        ],
        "collection": [
          "NPS - IRMA"
        ],
        "topic": [
          "Honolulu Volcanic Series",
          "Koolau Volcano",
          "Mechanism",
          "Oahu",
          "Pedology",
          "Salt Lake",
          "Soil",
          "Waianae Volcano"
        ],
        "format": "Dissertation",
        "publishDate": "1963",
        "building": [
          "Hawaii Volcanoes National Park (HAVO)"
        ],
        "Title": "The genesis of certain Hawaiian paleosols and their alteration following burial",
        "Link": "https://irma.nps.gov/DataStore/Reference/Profile/645751"
      },
      "geometry": {
        "type": "Point",
        "coordinates": [-155.4073, 19.235]
      }
    },
    {
      "type": "Feature",
      "properties": {
        "id": "irma-336622",
        "institution": [
          "National Park Service (NPS)"
        ],
        "collection": [
          "NPS - IRMA"
        ],
        "topic": [
          "Algae",
          "Checklist",
          "Plant Studies"
        ],
        "format": "Dissertation",
        "publishDate": "1963",
        "building": [
          "Glacier National Park (GLAC)"
        ],
        "Title": "The algal taxonomy and ecology of a transcontinental divide transect",
        "Link": "https://irma.nps.gov/DataStore/Reference/Profile/336622"
      },
      "geometry": {
        "type": "Point",
        "coordinates": [-113.8587, 48.7468]
      }
    },
    {
      "type": "Feature",
      "properties": {
        "id": "irma-339015",
        "institution": [
          "National Park Service (NPS)"
        ],
        "collection": [
          "NPS - IRMA"
        ],
        "topic": [
          "Animal Studies",
          "Ecology",
          "Logan Pass Glacier National Park MT",
          "Population Dynamics",
          "white-tailed ptarmigan (Lagopus leucurus)"
        ],
        "format": "Dissertation",
        "publishDate": "1962",
        "building": [
          "Glacier National Park (GLAC)"
        ],
        "Title": "Ecology and population dynamics of white-tailed ptarmigan (Lagopus Leucurus) in Glacier National Park, Montana",
        "Link": "https://irma.nps.gov/DataStore/Reference/Profile/339015"
      },
      "geometry": {
        "type": "Point",
        "coordinates": [-113.8587, 48.7468]
      }
    },
    {
      "type": "Feature",
      "properties": {
        "id": "irma-646248",
        "institution": [
          "National Park Service (NPS)"
        ],
        "collection": [
          "NPS - IRMA"
        ],
        "topic": [
          "Chemical Analysis",
          "Kauai",
          "Major Oxides",
          "Molokai",
          "Oahu",
          "Pedology",
          "Petrology",
          "Soil"
        ],
        "format": "Dissertation",
        "publishDate": "1962",
        "building": [
          "Hawaii Volcanoes National Park (HAVO)"
        ],
        "Title": "Pedogenesis of some highly ferruginous formations in Hawaii",
        "Link": "https://irma.nps.gov/DataStore/Reference/Profile/646248"
      },
      "geometry": {
        "type": "Point",
        "coordinates": [-155.4073, 19.235]
      }
    },
    {
      "type": "Feature",
      "properties": {
        "id": "irma-604970",
        "institution": [
          "National Park Service (NPS)"
        ],
        "collection": [
          "NPS - IRMA"
        ],
        "topic": [
          "Denali National Park And Preserve",
          "Mount Mckinley National Park",
          "Mt. McKinley National Park"
        ],
        "format": "Dissertation",
        "publishDate": "1962",
        "building": [
          "Denali National Park and Preserve (DENA)"
        ],
        "Title": "Plant succession and soil development on gravel outwash of the Muldrow Glacier, Alaska",
        "Link": "https://irma.nps.gov/DataStore/Reference/Profile/604970"
      },
      "geometry": {
        "type": "Point",
        "coordinates": [-150.6029, 63.3183]
      }
    },
    {
      "type": "Feature",
      "properties": {
        "id": "irma-565196",
        "institution": [
          "National Park Service (NPS)"
        ],
        "collection": [
          "NPS - IRMA"
        ],
        "topic": [
          "Arctic",
          "Lakes",
          "North Slope",
          "Water - Hydrology"
        ],
        "format": "Dissertation",
        "publishDate": "1962",
        "building": [
          "Bering Land Bridge National Preserve (BELA)",
          "Cape Krusenstern National Monument (CAKR)",
          "Gates of the Arctic National Park and Preserve (GAAR)"
        ],
        "Title": "The oriented lakes of Arctic Alaska",
        "Link": "https://irma.nps.gov/DataStore/Reference/Profile/565196"
      },
      "geometry": {
        "type": "MultiPoint",
        "coordinates": [
          [-165.1266, 66.2151],
          [-163.4533, 67.4268],
          [-153.3869, 67.869]
        ]
      }
    },
    {
      "type": "Feature",
      "properties": {
        "id": "irma-579876",
        "institution": [
          "National Park Service (NPS)"
        ],
        "collection": [
          "NPS - IRMA"
        ],
        "topic": [
          "Arctic",
          "Beaufort Sea",
          "Breeding",
          "Food Habits",
          "Jaegers",
          "Physiology",
          "Population Dynamics",
          "Predation",
          "Stercorarius longicaudus",
          "Stercorarius parasiticus",
          "Stercorarius pomarinus"
        ],
        "format": "Dissertation",
        "publishDate": "1962",
        "building": [
          "Arctic Network (ARCN)",
          "Bering Land Bridge National Preserve (BELA)",
          "Cape Krusenstern National Monument (CAKR)",
          "Gates of the Arctic National Park and Preserve (GAAR)",
          "Kobuk Valley National Park (KOVA)",
          "Noatak National Preserve (NOAT)"
        ],
        "Title": "The ecology of the pomarine, parasitic, and long-tailed jaegers in northern Alaska",
        "Link": "https://irma.nps.gov/DataStore/Reference/Profile/579876"
      },
      "geometry": {
        "type": "MultiPoint",
        "coordinates": [
          [-165.1266, 66.2151],
          [-163.4533, 67.4268],
          [-153.3869, 67.869],
          [-159.0631, 67.2802],
          [-159.3945, 68.1814]
        ]
      }
    },
    {
      "type": "Feature",
      "properties": {
        "id": "irma-645955",
        "institution": [
          "National Park Service (NPS)"
        ],
        "collection": [
          "NPS - IRMA"
        ],
        "topic": [
          "1959",
          "1960",
          "Chemical Analysis",
          "East Rift Zone",
          "Geochemistry",
          "Kilauea Iki",
          "Kilauea Volcano",
          "Method",
          "Precursor",
          "Volcanic Eruption",
          "Volcanic Gas"
        ],
        "format": "Dissertation",
        "publishDate": "1961",
        "building": [
          "Hawaii Volcanoes National Park (HAVO)"
        ],
        "Title": "A chemical study of Hawaiian magmatic gases",
        "Link": "https://irma.nps.gov/DataStore/Reference/Profile/645955"
      },
      "geometry": {
        "type": "Point",
        "coordinates": [-155.4073, 19.235]
      }
    },
    {
      "type": "Feature",
      "properties": {
        "id": "irma-123315",
        "institution": [
          "National Park Service (NPS)"
        ],
        "collection": [
          "NPS - IRMA"
        ],
        "topic": [
          "APHN",
          "Appalachian Highlands Network",
          "checklist",
          "Great Smoky Mountains National Park",
          "GRSM",
          "Insects",
          "Odonata",
          "SER",
          "Southeast Region"
        ],
        "format": "Dissertation",
        "publishDate": "1961",
        "building": [
          "Great Smoky Mountains National Park (GRSM)"
        ],
        "Title": "A survey of the adult Odonata of Tennessee",
        "Link": "https://irma.nps.gov/DataStore/Reference/Profile/123315"
      },
      "geometry": {
        "type": "Point",
        "coordinates": [-83.5282, 35.5716]
      }
    },
    {
      "type": "Feature",
      "properties": {
        "id": "irma-590120",
        "institution": [
          "National Park Service (NPS)"
        ],
        "collection": [
          "NPS - IRMA"
        ],
        "topic": [
          "Anthropology",
          "Artifact",
          "Economy",
          "Ethnography",
          "The Hoh",
          "The Makah",
          "The Queets",
          "The Quileute",
          "The Quinault"
        ],
        "format": "Dissertation",
        "publishDate": "1956",
        "building": [
          "Olympic National Park (OLYM)"
        ],
        "Title": "Aboriginal economic system of the Olympic Peninsula Indians, western Washington",
        "Link": "https://irma.nps.gov/DataStore/Reference/Profile/590120"
      },
      "geometry": {
        "type": "Point",
        "coordinates": [-123.6996, 47.7886]
      }
    },
    {
      "type": "Feature",
      "properties": {
        "id": "irma-580078",
        "institution": [
          "National Park Service (NPS)"
        ],
        "collection": [
          "NPS - IRMA"
        ],
        "topic": [
          "Arctic",
          "Colville",
          "Geomorphology",
          "Mapping",
          "Stratigraphy",
          "Terrain Analysis"
        ],
        "format": "Dissertation",
        "publishDate": "1961",
        "building": [
          "Arctic Network (ARCN)",
          "Bering Land Bridge National Preserve (BELA)",
          "Cape Krusenstern National Monument (CAKR)",
          "Gates of the Arctic National Park and Preserve (GAAR)",
          "Kobuk Valley National Park (KOVA)",
          "Noatak National Preserve (NOAT)"
        ],
        "Title": "Quaternary geology of the Arctic Coastal Plain, northern Alaska",
        "Link": "https://irma.nps.gov/DataStore/Reference/Profile/580078"
      },
      "geometry": {
        "type": "MultiPoint",
        "coordinates": [
          [-165.1266, 66.2151],
          [-163.4533, 67.4268],
          [-153.3869, 67.869],
          [-159.0631, 67.2802],
          [-159.3945, 68.1814]
        ]
      }
    },
    {
      "type": "Feature",
      "properties": {
        "id": "irma-564969",
        "institution": [
          "National Park Service (NPS)"
        ],
        "collection": [
          "NPS - IRMA"
        ],
        "topic": [
          "Arctic",
          "Arctic Coastal Plain",
          "Composition",
          "Dynamics",
          "Landscape Ecology",
          "Plant Communities (Vegetation)",
          "Vegetation"
        ],
        "format": "Dissertation",
        "publishDate": "1960",
        "building": [
          "Cape Krusenstern National Monument (CAKR)",
          "Gates of the Arctic National Park and Preserve (GAAR)",
          "Kobuk Valley National Park (KOVA)",
          "Noatak National Preserve (NOAT)"
        ],
        "Title": "The plant ecology of the Franklin Bluffs area, Alaska",
        "Link": "https://irma.nps.gov/DataStore/Reference/Profile/564969"
      },
      "geometry": {
        "type": "MultiPoint",
        "coordinates": [
          [-163.4533, 67.4268],
          [-153.3869, 67.869],
          [-159.0631, 67.2802],
          [-159.3945, 68.1814]
        ]
      }
    },
    {
      "type": "Feature",
      "properties": {
        "id": "irma-113798",
        "institution": [
          "National Park Service (NPS)"
        ],
        "collection": [
          "NPS - IRMA"
        ],
        "topic": [
          "clethrionomys rutilus",
          "Cricetidae",
          "Critical Habitat",
          "Denali National Park And Preserve",
          "Ecology",
          "Habitat",
          "Microtus miurus",
          "Mount Mckinley National Park",
          "Mt. McKinley National Park",
          "Population",
          "Terrestrial Mammals",
          "Voles"
        ],
        "format": "Dissertation",
        "publishDate": "1959",
        "building": [
          "Denali National Park and Preserve (DENA)"
        ],
        "Title": "Small mammal populations in Mount McKinley National Park, Alaska",
        "Link": "https://irma.nps.gov/DataStore/Reference/Profile/113798"
      },
      "geometry": {
        "type": "Point",
        "coordinates": [-150.6029, 63.3183]
      }
    },
    {
      "type": "Feature",
      "properties": {
        "id": "irma-565192",
        "institution": [
          "National Park Service (NPS)"
        ],
        "collection": [
          "NPS - IRMA"
        ],
        "topic": [
          "Arctic",
          "climatic geomorphology",
          "Coastal Plain",
          "coastal region",
          "Geomorphology/Surface Processes"
        ],
        "format": "Dissertation",
        "publishDate": "1959",
        "building": [
          "Bering Land Bridge National Preserve (BELA)",
          "Cape Krusenstern National Monument (CAKR)"
        ],
        "Title": "The influence of climatic factors on the geomorphology of a part of the coastal plain of northern Alaska",
        "Link": "https://irma.nps.gov/DataStore/Reference/Profile/565192"
      },
      "geometry": {
        "type": "MultiPoint",
        "coordinates": [
          [-165.1266, 66.2151],
          [-163.4533, 67.4268]
        ]
      }
    },
    {
      "type": "Feature",
      "properties": {
        "id": "irma-565352",
        "institution": [
          "National Park Service (NPS)"
        ],
        "collection": [
          "NPS - IRMA"
        ],
        "topic": [
          "Abundance",
          "Arctic",
          "Birds",
          "Checklist",
          "Chukchi Sea",
          "Distribution",
          "Ecology (Aquatic Marine Terrestrial)",
          "Food Habits",
          "Habitat",
          "Larus canus",
          "Larus hyperboreus",
          "Mammals",
          "Phalacrocorax pelagicus",
          "Phalaropus fulicaria",
          "Phalaropus Lobatus",
          "Rissa Tridactyla",
          "Specimen Record",
          "Stercorarius longicaudus",
          "Stercorarius parasiticus",
          "Stercorarius pomarinus",
          "Sterna paradisaea",
          "Tundra",
          "Uria lomvia",
          "Vertebrates",
          "Xema sabini"
        ],
        "format": "Dissertation",
        "publishDate": "1959",
        "building": [
          "Arctic Network (ARCN)",
          "Bering Land Bridge National Preserve (BELA)",
          "Cape Krusenstern National Monument (CAKR)",
          "Gates of the Arctic National Park and Preserve (GAAR)",
          "Kobuk Valley National Park (KOVA)",
          "Noatak National Preserve (NOAT)"
        ],
        "Title": "Vertebrate ecology of coastal tundra in northwestern Alaska",
        "Link": "https://irma.nps.gov/DataStore/Reference/Profile/565352"
      },
      "geometry": {
        "type": "MultiPoint",
        "coordinates": [
          [-165.1266, 66.2151],
          [-163.4533, 67.4268],
          [-153.3869, 67.869],
          [-159.0631, 67.2802],
          [-159.3945, 68.1814]
        ]
      }
    },
    {
      "type": "Feature",
      "properties": {
        "id": "irma-565184",
        "institution": [
          "National Park Service (NPS)"
        ],
        "collection": [
          "NPS - IRMA"
        ],
        "topic": [
          "Arctic",
          "Cretaceous",
          "Paleobotany",
          "Paleontology"
        ],
        "format": "Dissertation",
        "publishDate": "1957",
        "building": [
          "Bering Land Bridge National Preserve (BELA)",
          "Cape Krusenstern National Monument (CAKR)",
          "Gates of the Arctic National Park and Preserve (GAAR)",
          "Kobuk Valley National Park (KOVA)",
          "Noatak National Preserve (NOAT)"
        ],
        "Title": "A Cretaceous flora from northern Alaska",
        "Link": "https://irma.nps.gov/DataStore/Reference/Profile/565184"
      },
      "geometry": {
        "type": "MultiPoint",
        "coordinates": [
          [-165.1266, 66.2151],
          [-163.4533, 67.4268],
          [-153.3869, 67.869],
          [-159.0631, 67.2802],
          [-159.3945, 68.1814]
        ]
      }
    },
    {
      "type": "Feature",
      "properties": {
        "id": "irma-336542",
        "institution": [
          "National Park Service (NPS)"
        ],
        "collection": [
          "NPS - IRMA"
        ],
        "topic": [
          "belt series",
          "Geology",
          "paleobotany",
          "Physical Sciences",
          "Precambrian stromatolites",
          "Stromatolites"
        ],
        "format": "Dissertation",
        "publishDate": "1957",
        "building": [
          "Glacier National Park (GLAC)"
        ],
        "Title": "Stromatolites of the Belt Series in Glacier National Park and Vicinity, Montana",
        "Link": "https://irma.nps.gov/DataStore/Reference/Profile/336542"
      },
      "geometry": {
        "type": "Point",
        "coordinates": [-113.8587, 48.7468]
      }
    },
    {
      "type": "Feature",
      "properties": {
        "id": "irma-112146",
        "institution": [
          "National Park Service (NPS)"
        ],
        "collection": [
          "NPS - IRMA"
        ],
        "topic": [
          "Animal Studies",
          "Sharp-tailed Grouse (Tympanuchus phasianellus)",
          "Upper Peninsula MI"
        ],
        "format": "Dissertation",
        "publishDate": "1954",
        "building": [
          "Pictured Rocks National Lakeshore (PIRO)"
        ],
        "Title": "The sharp-tailed grouse in the Upper Peninsula of Michigan",
        "Link": "https://irma.nps.gov/DataStore/Reference/Profile/112146"
      },
      "geometry": {
        "type": "Point",
        "coordinates": [-86.3079, 46.5691]
      }
    },
    {
      "type": "Feature",
      "properties": {
        "id": "irma-580272",
        "institution": [
          "National Park Service (NPS)"
        ],
        "collection": [
          "NPS - IRMA"
        ],
        "topic": [
          "Mammals",
          "Mice",
          "Physiology",
          "Shrews",
          "Small Mammals",
          "subnivean",
          "Voles",
          "Winter"
        ],
        "format": "Dissertation",
        "publishDate": "1954",
        "building": [
          "Central Alaska Network (CAKN)",
          "Denali National Park and Preserve (DENA)",
          "Wrangell-St. Elias National Park and Preserve (WRST)",
          "Yukon-Charley Rivers National Preserve (YUCH)"
        ],
        "Title": "Winter microclimates of importance to Alaskan small mammals",
        "Link": "https://irma.nps.gov/DataStore/Reference/Profile/580272"
      },
      "geometry": {
        "type": "MultiPoint",
        "coordinates": [
          [-150.6029, 63.3183],
          [-142.1319, 60.6918],
          [-142.5708, 65.1668]
        ]
      }
    },
    {
      "type": "Feature",
      "properties": {
        "id": "irma-599646",
        "institution": [
          "National Park Service (NPS)"
        ],
        "collection": [
          "NPS - IRMA"
        ],
        "topic": [
          "Alaska",
          "Arctic",
          "Geomorphology/Surface Processes",
          "Ice",
          "ice-wedge polygons",
          "Permafrost"
        ],
        "format": "Dissertation",
        "publishDate": "1953",
        "building": [
          "Bering Land Bridge National Preserve (BELA)",
          "Cape Krusenstern National Monument (CAKR)",
          "Gates of the Arctic National Park and Preserve (GAAR)",
          "Kobuk Valley National Park (KOVA)",
          "Noatak National Preserve (NOAT)"
        ],
        "Title": "Fabrics of ice wedges",
        "Link": "https://irma.nps.gov/DataStore/Reference/Profile/599646"
      },
      "geometry": {
        "type": "MultiPoint",
        "coordinates": [
          [-165.1266, 66.2151],
          [-163.4533, 67.4268],
          [-153.3869, 67.869],
          [-159.0631, 67.2802],
          [-159.3945, 68.1814]
        ]
      }
    },
    {
      "type": "Feature",
      "properties": {
        "id": "irma-134095",
        "institution": [
          "National Park Service (NPS)"
        ],
        "collection": [
          "NPS - IRMA"
        ],
        "topic": [
          "Physical Sciences",
          "Saipan CNMI",
          "Volcanic Rocks"
        ],
        "format": "Dissertation",
        "publishDate": "1953",
        "building": [
          "American Memorial Park (AMME)"
        ],
        "Title": "Volcanic rocks of Saipan, Mariana Islands",
        "Link": "https://irma.nps.gov/DataStore/Reference/Profile/134095"
      },
      "geometry": {
        "type": "Point",
        "coordinates": [145.7201, 15.2164]
      }
    },
    {
      "type": "Feature",
      "properties": {
        "id": "irma-579867",
        "institution": [
          "National Park Service (NPS)"
        ],
        "collection": [
          "NPS - IRMA"
        ],
        "topic": [
          "Arctic",
          "Brooks Range Foothills",
          "Distribution",
          "Diversity",
          "Phytogeography",
          "Vegetation"
        ],
        "format": "Dissertation",
        "publishDate": "1951",
        "building": [
          "Arctic Network (ARCN)",
          "Bering Land Bridge National Preserve (BELA)",
          "Cape Krusenstern National Monument (CAKR)",
          "Gates of the Arctic National Park and Preserve (GAAR)",
          "Kobuk Valley National Park (KOVA)",
          "Noatak National Preserve (NOAT)"
        ],
        "Title": "A floristic and phytogeographic survey of the Southern Slope of the Brooks Range, Alaska",
        "Link": "https://irma.nps.gov/DataStore/Reference/Profile/579867"
      },
      "geometry": {
        "type": "MultiPoint",
        "coordinates": [
          [-165.1266, 66.2151],
          [-163.4533, 67.4268],
          [-153.3869, 67.869],
          [-159.0631, 67.2802],
          [-159.3945, 68.1814]
        ]
      }
    },
    {
      "type": "Feature",
      "properties": {
        "id": "irma-2217923",
        "institution": [
          "National Park Service (NPS)"
        ],
        "collection": [
          "NPS - IRMA"
        ],
        "topic": [
          "anemones",
          "TBBI"
        ],
        "format": "Dissertation",
        "publishDate": "1951",
        "building": [
          "Point Reyes National Seashore (PORE)",
          "San Francisco Bay Area Network (SFAN)"
        ],
        "Title": "The intertidal sea anemones of the central California coast",
        "Link": "https://irma.nps.gov/DataStore/Reference/Profile/2217923"
      },
      "geometry": {
        "type": "Point",
        "coordinates": [-122.8649, 38.0556]
      }
    },
    {
      "type": "Feature",
      "properties": {
        "id": "irma-604866",
        "institution": [
          "National Park Service (NPS)"
        ],
        "collection": [
          "NPS - IRMA"
        ],
        "topic": [
          "Koyukon Athapaskan Indians",
          "Social Life and Customs",
          "Subsistence"
        ],
        "format": "Dissertation",
        "publishDate": "1942",
        "building": [
          "Denali National Park and Preserve (DENA)"
        ],
        "Title": "The Ten'a food quest",
        "Link": "https://irma.nps.gov/DataStore/Reference/Profile/604866"
      },
      "geometry": {
        "type": "Point",
        "coordinates": [-150.6029, 63.3183]
      }
    },
    {
      "type": "Feature",
      "properties": {
        "id": "irma-646259",
        "institution": [
          "National Park Service (NPS)"
        ],
        "collection": [
          "NPS - IRMA"
        ],
        "topic": [
          "Ainoni",
          "Aliamanu",
          "Black Point",
          "Castle",
          "Chemical Analysis",
          "Diamond Head",
          "Eustatic",
          "Geology",
          "Haiku",
          "Hawaiiloa",
          "Honolulu Volcanic Series",
          "Kaau",
          "Kaimuki",
          "Kalihi",
          "Kamanaiki",
          "Kaneohe",
          "Koko Seamount",
          "Maaumae",
          "Major Oxides",
          "Makalapa",
          "Makawao",
          "Maunawili",
          "Mokapu",
          "Mokolea",
          "Moku Manu",
          "Nuuanu",
          "Oahu",
          "Pali",
          "Pali Kilo",
          "Petrology",
          "Punchbowl",
          "Rock",
          "Rocky Hill",
          "Salt Lake",
          "Tantalus",
          "Training school",
          "Ulupau Head"
        ],
        "format": "Dissertation",
        "publishDate": "1941",
        "building": [
          "Hawaii Volcanoes National Park (HAVO)"
        ],
        "Title": "The Honolulu Series, Oahu, T.H.",
        "Link": "https://irma.nps.gov/DataStore/Reference/Profile/646259"
      },
      "geometry": {
        "type": "Point",
        "coordinates": [-155.4073, 19.235]
      }
    },
    {
      "type": "Feature",
      "properties": {
        "id": "irma-2217911",
        "institution": [
          "National Park Service (NPS)"
        ],
        "collection": [
          "NPS - IRMA"
        ],
        "topic": [
          "Acmaea",
          "TBBI"
        ],
        "format": "Dissertation",
        "publishDate": "1937",
        "building": [
          "Point Reyes National Seashore (PORE)",
          "San Francisco Bay Area Network (SFAN)"
        ],
        "Title": "A systematic revision of the genus Acmaea (Eschscholtz), including consideration of ecology and speciation",
        "Link": "https://irma.nps.gov/DataStore/Reference/Profile/2217911"
      },
      "geometry": {
        "type": "Point",
        "coordinates": [-122.8649, 38.0556]
      }
    },
    {
      "type": "Feature",
      "properties": {
        "id": "irma-2217925",
        "institution": [
          "National Park Service (NPS)"
        ],
        "collection": [
          "NPS - IRMA"
        ],
        "topic": [
          "Annelid",
          "TBBI"
        ],
        "format": "Dissertation",
        "publishDate": "1936",
        "building": [
          "Point Reyes National Seashore (PORE)",
          "San Francisco Bay Area Network (SFAN)"
        ],
        "Title": "Polychaetous annelids of the littoral zone of California",
        "Link": "https://irma.nps.gov/DataStore/Reference/Profile/2217925"
      },
      "geometry": {
        "type": "Point",
        "coordinates": [-122.8649, 38.0556]
      }
    },
    {
      "type": "Feature",
      "properties": {
        "id": "irma-2217824",
        "institution": [
          "National Park Service (NPS)"
        ],
        "collection": [
          "NPS - IRMA"
        ],
        "topic": [
          "Geology",
          "Plants",
          "TBBI\\n",
          "Tomales Bay"
        ],
        "format": "Dissertation",
        "publishDate": "1932",
        "building": [
          "Point Reyes National Seashore (PORE)",
          "San Francisco Bay Area Network (SFAN)"
        ],
        "Title": "A Pleistocene flora from the Tomales Bay region and its bearing on the history of the coastal pine forests of California",
        "Link": "https://irma.nps.gov/DataStore/Reference/Profile/2217824"
      },
      "geometry": {
        "type": "Point",
        "coordinates": [-122.8649, 38.0556]
      }
    },
    {
      "type": "Feature",
      "properties": {
        "id": "irma-2217850",
        "institution": [
          "National Park Service (NPS)"
        ],
        "collection": [
          "NPS - IRMA"
        ],
        "topic": [
          "Paleobotany",
          "TBBI"
        ],
        "format": "Dissertation",
        "publishDate": "1932",
        "building": [
          "Point Reyes National Seashore (PORE)",
          "San Francisco Bay Area Network (SFAN)"
        ],
        "Title": "The Pleistocene flora from the Tomales Bay region and its bearing on the history of the coastal pine forests of California",
        "Link": "https://irma.nps.gov/DataStore/Reference/Profile/2217850"
      },
      "geometry": {
        "type": "Point",
        "coordinates": [-122.8649, 38.0556]
      }
    },
    {
      "type": "Feature",
      "properties": {
        "id": "irma-54570",
        "institution": [
          "National Park Service (NPS)"
        ],
        "collection": [
          "NPS - IRMA"
        ],
        "topic": [
          "Geology",
          "Kilauea Volcano HI",
          "Physical Sciences"
        ],
        "format": "Dissertation",
        "publishDate": "1926",
        "building": [
          "Hawaii Volcanoes National Park (HAVO)"
        ],
        "Title": "The geology of Kilauea",
        "Link": "https://irma.nps.gov/DataStore/Reference/Profile/54570"
      },
      "geometry": {
        "type": "Point",
        "coordinates": [-155.4073, 19.235]
      }
    },
    {
      "type": "Feature",
      "properties": {
        "id": "irma-91730",
        "institution": [
          "National Park Service (NPS)"
        ],
        "collection": [
          "NPS - IRMA"
        ],
        "topic": [
          "Drainage",
          "Galiano Glacier",
          "Geology",
          "Glacial Processes",
          "Glaciers",
          "Hidden Glacier",
          "Malaspina Glacier",
          "Orange Glacier",
          "Physical Sciences",
          "Runoff",
          "Variegated Glacier",
          "Wrangell-Saint Elias National Park and Preserve",
          "Wrangell-St. Elias National Park And Preserve",
          "Yakutat Bay"
        ],
        "format": "Dissertation",
        "publishDate": "1911",
        "building": [
          "Wrangell-St. Elias National Park and Preserve (WRST)"
        ],
        "Title": "Phenomena associated with glacier drainage and wastage, with special reference to observations in the Yakutat Bay region, Alaska",
        "Link": "https://irma.nps.gov/DataStore/Reference/Profile/91730"
      },
      "geometry": {
        "type": "Point",
        "coordinates": [-142.1319, 60.6918]
      }
    }
  ]
}
